iso3;country;account;sub_account;item_name;unit;period;value;frequency;date
ZWE;Zimbabwe;Capital Account;Capital transfers;Capital account balance;USD million;1980;73,31286522;Annual;01/01/80
ZWE;Zimbabwe;Capital Account;Capital transfers;Capital account balance;USD million;1981;42,84784613;Annual;01/01/80
ZWE;Zimbabwe;Capital Account;Capital transfers;Capital account balance;USD million;1982;53,17973291;Annual;01/01/80
ZWE;Zimbabwe;Capital Account;Capital transfers;Capital account balance;USD million;1983;62,44193465;Annual;01/01/80
ZWE;Zimbabwe;Capital Account;Capital transfers;Capital account balance;USD million;1984;41,67087803;Annual;01/01/80
ZWE;Zimbabwe;Capital Account;Capital transfers;Capital account balance;USD million;1985;54,05939027;Annual;01/01/80
ZWE;Zimbabwe;Capital Account;Capital transfers;Capital account balance;USD million;1986;63,89408475;Annual;01/01/80
ZWE;Zimbabwe;Capital Account;Capital transfers;Capital account balance;USD million;1987;55,75554304;Annual;01/01/80
ZWE;Zimbabwe;Capital Account;Capital transfers;Capital account balance;USD million;1988;53,87798608;Annual;01/01/80
ZWE;Zimbabwe;Capital Account;Capital transfers;Capital account balance;USD million;1989;64,52057802;Annual;01/01/80
ZWE;Zimbabwe;Capital Account;Capital transfers;Capital account balance;USD million;1990;59,02044918;Annual;01/01/80
ZWE;Zimbabwe;Capital Account;Capital transfers;Capital account balance;USD million;1991;50,26392968;Annual;01/01/80
ZWE;Zimbabwe;Capital Account;Capital transfers;Capital account balance;USD million;1992;54,478614;Annual;01/01/80
ZWE;Zimbabwe;Capital Account;Capital transfers;Capital account balance;USD million;1993;43,84264662;Annual;01/01/80
ZWE;Zimbabwe;Capital Account;Capital transfers;Capital account balance;USD million;1994;69,892769;Annual;01/01/80
ZWE;Zimbabwe;Capital Account;Capital transfers;Capital account balance;USD million;1995;87,25878712;Annual;01/01/80
ZWE;Zimbabwe;Capital Account;Capital transfers;Capital account balance;USD million;1996;52,55758913;Annual;01/01/80
ZWE;Zimbabwe;Capital Account;Capital transfers;Capital account balance;USD million;1997;77,37506546;Annual;01/01/80
ZWE;Zimbabwe;Capital Account;Capital transfers;Capital account balance;USD million;1998;49,78778626;Annual;01/01/80
ZWE;Zimbabwe;Capital Account;Capital transfers;Capital account balance;USD million;1999;64,95860404;Annual;01/01/80
ZWE;Zimbabwe;Capital Account;Capital transfers;Capital account balance;USD million;2000;63,15436285;Annual;01/01/80
ZWE;Zimbabwe;Capital Account;Capital transfers;Capital account balance;USD million;2001;64,50838266;Annual;01/01/80
ZWE;Zimbabwe;Capital Account;Capital transfers;Capital account balance;USD million;2002;67,00371345;Annual;01/01/80
ZWE;Zimbabwe;Capital Account;Capital transfers;Capital account balance;USD million;2003;64,90736875;Annual;01/01/80
ZWE;Zimbabwe;Capital Account;Capital transfers;Capital account balance;USD million;2004;68,10918442;Annual;01/01/80
ZWE;Zimbabwe;Capital Account;Capital transfers;Capital account balance;USD million;2005;54,02442643;Annual;01/01/80
ZWE;Zimbabwe;Capital Account;Capital transfers;Capital account balance;USD million;2006;64,759394;Annual;01/01/80
ZWE;Zimbabwe;Capital Account;Capital transfers;Capital account balance;USD million;2007;59,12217222;Annual;01/01/80
ZWE;Zimbabwe;Capital Account;Capital transfers;Capital account balance;USD million;2008;75,49575493;Annual;01/01/80
ZWE;Zimbabwe;Capital Account;Capital transfers;Capital account balance;USD million;2009;51,13464228;Annual;01/01/80
ZWE;Zimbabwe;Capital Account;Capital transfers;Capital account balance;USD million;2010;63,03962062;Annual;01/01/80
ZWE;Zimbabwe;Capital Account;Capital transfers;Capital account balance;USD million;2011;61,40554882;Annual;01/01/80
ZWE;Zimbabwe;Capital Account;Capital transfers;Capital account balance;USD million;2012;55,64939571;Annual;01/01/80
ZWE;Zimbabwe;Capital Account;Capital transfers;Capital account balance;USD million;2013;58,21488408;Annual;01/01/80
ZWE;Zimbabwe;Capital Account;Capital transfers;Capital account balance;USD million;2014;66,35544415;Annual;01/01/80
ZWE;Zimbabwe;Capital Account;Capital transfers;Capital account balance;USD million;2015;66,03885173;Annual;01/01/80
ZWE;Zimbabwe;Capital Account;Capital transfers;Capital account balance;USD million;2016;39,26610327;Annual;01/01/80
ZWE;Zimbabwe;Capital Account;Capital transfers;Capital account balance;USD million;2017;45,87287142;Annual;01/01/80
ZWE;Zimbabwe;Capital Account;Capital transfers;Capital account balance;USD million;2018;79,60074333;Annual;01/01/80
ZWE;Zimbabwe;Capital Account;Capital transfers;Capital account balance;USD million;2019;69,02643389;Annual;01/01/80
ZWE;Zimbabwe;Capital Account;Capital transfers;Capital account balance;USD million;2020;45,63493757;Annual;01/01/80
ZWE;Zimbabwe;Capital Account;Capital transfers;Capital account balance;USD million;2021;53,5531302;Annual;01/01/80
ZWE;Zimbabwe;Capital Account;Capital transfers;Capital account balance;USD million;2022;65,4724966;Annual;01/01/80
ZWE;Zimbabwe;Capital Account;Capital transfers;Capital account balance;USD million;2023;54,43716517;Annual;01/01/80
ZWE;Zimbabwe;Capital Account;Capital transfers;Capital account balance;USD million;2024;42,90380368;Annual;01/01/80
ZWE;Zimbabwe;Capital Account;Capital transfers;Capital account balance;USD million;2025;44,50082439;Annual;01/01/80
ZWE;Zimbabwe;Capital Account;Capital transfers;Capital account balance;USD million;2026;52,50930349;Annual;01/01/80
ZWE;Zimbabwe;Current Account;Goods;Goods exports;USD million;1980;3950,856885;Annual;01/01/80
ZWE;Zimbabwe;Current Account;Goods;Goods exports;USD million;1981;4292,265536;Annual;01/01/80
ZWE;Zimbabwe;Current Account;Goods;Goods exports;USD million;1982;3802,68027;Annual;01/01/80
ZWE;Zimbabwe;Current Account;Goods;Goods exports;USD million;1983;4397,667425;Annual;01/01/80
ZWE;Zimbabwe;Current Account;Goods;Goods exports;USD million;1984;4390,995557;Annual;01/01/80
ZWE;Zimbabwe;Current Account;Goods;Goods exports;USD million;1985;4314,482134;Annual;01/01/80
ZWE;Zimbabwe;Current Account;Goods;Goods exports;USD million;1986;4261,955735;Annual;01/01/80
ZWE;Zimbabwe;Current Account;Goods;Goods exports;USD million;1987;3988,9117;Annual;01/01/80
ZWE;Zimbabwe;Current Account;Goods;Goods exports;USD million;1988;4392,332903;Annual;01/01/80
ZWE;Zimbabwe;Current Account;Goods;Goods exports;USD million;1989;4465,317723;Annual;01/01/80
ZWE;Zimbabwe;Current Account;Goods;Goods exports;USD million;1990;4368,613856;Annual;01/01/80
ZWE;Zimbabwe;Current Account;Goods;Goods exports;USD million;1991;4487,092384;Annual;01/01/80
ZWE;Zimbabwe;Current Account;Goods;Goods exports;USD million;1992;5252,826398;Annual;01/01/80
ZWE;Zimbabwe;Current Account;Goods;Goods exports;USD million;1993;5181,208496;Annual;01/01/80
ZWE;Zimbabwe;Current Account;Goods;Goods exports;USD million;1994;4943,465517;Annual;01/01/80
ZWE;Zimbabwe;Current Account;Goods;Goods exports;USD million;1995;5460,781588;Annual;01/01/80
ZWE;Zimbabwe;Current Account;Goods;Goods exports;USD million;1996;5799,281768;Annual;01/01/80
ZWE;Zimbabwe;Current Account;Goods;Goods exports;USD million;1997;5937,812958;Annual;01/01/80
ZWE;Zimbabwe;Current Account;Goods;Goods exports;USD million;1998;6141,285236;Annual;01/01/80
ZWE;Zimbabwe;Current Account;Goods;Goods exports;USD million;1999;6012,397967;Annual;01/01/80
ZWE;Zimbabwe;Current Account;Goods;Goods exports;USD million;2000;6261,981711;Annual;01/01/80
ZWE;Zimbabwe;Current Account;Goods;Goods exports;USD million;2001;6033,891454;Annual;01/01/80
ZWE;Zimbabwe;Current Account;Goods;Goods exports;USD million;2002;6405,927983;Annual;01/01/80
ZWE;Zimbabwe;Current Account;Goods;Goods exports;USD million;2003;6256,572232;Annual;01/01/80
ZWE;Zimbabwe;Current Account;Goods;Goods exports;USD million;2004;6341,071907;Annual;01/01/80
ZWE;Zimbabwe;Current Account;Goods;Goods exports;USD million;2005;7130,247384;Annual;01/01/80
ZWE;Zimbabwe;Current Account;Goods;Goods exports;USD million;2006;7137,165416;Annual;01/01/80
ZWE;Zimbabwe;Current Account;Goods;Goods exports;USD million;2007;7318,851019;Annual;01/01/80
ZWE;Zimbabwe;Current Account;Goods;Goods exports;USD million;2008;7151,704366;Annual;01/01/80
ZWE;Zimbabwe;Current Account;Goods;Goods exports;USD million;2009;6723,321813;Annual;01/01/80
ZWE;Zimbabwe;Current Account;Goods;Goods exports;USD million;2010;7112,041348;Annual;01/01/80
ZWE;Zimbabwe;Current Account;Goods;Goods exports;USD million;2011;7362,366206;Annual;01/01/80
ZWE;Zimbabwe;Current Account;Goods;Goods exports;USD million;2012;7725,054969;Annual;01/01/80
ZWE;Zimbabwe;Current Account;Goods;Goods exports;USD million;2013;7539,430539;Annual;01/01/80
ZWE;Zimbabwe;Current Account;Goods;Goods exports;USD million;2014;7494,102491;Annual;01/01/80
ZWE;Zimbabwe;Current Account;Goods;Goods exports;USD million;2015;7648,71267;Annual;01/01/80
ZWE;Zimbabwe;Current Account;Goods;Goods exports;USD million;2016;8016,550677;Annual;01/01/80
ZWE;Zimbabwe;Current Account;Goods;Goods exports;USD million;2017;7755,724687;Annual;01/01/80
ZWE;Zimbabwe;Current Account;Goods;Goods exports;USD million;2018;7381,979936;Annual;01/01/80
ZWE;Zimbabwe;Current Account;Goods;Goods exports;USD million;2019;8064,637718;Annual;01/01/80
ZWE;Zimbabwe;Current Account;Goods;Goods exports;USD million;2020;9121,55378;Annual;01/01/80
ZWE;Zimbabwe;Current Account;Goods;Goods exports;USD million;2021;8504,538864;Annual;01/01/80
ZWE;Zimbabwe;Current Account;Goods;Goods exports;USD million;2022;8737,502798;Annual;01/01/80
ZWE;Zimbabwe;Current Account;Goods;Goods exports;USD million;2023;9036,352594;Annual;01/01/80
ZWE;Zimbabwe;Current Account;Goods;Goods exports;USD million;2024;9468,483934;Annual;01/01/80
ZWE;Zimbabwe;Current Account;Goods;Goods exports;USD million;2025;9015,46469;Annual;01/01/80
ZWE;Zimbabwe;Current Account;Goods;Goods exports;USD million;2026;6824,237455;Annual;01/01/80
ZWE;Zimbabwe;Current Account;Goods;Goods imports;USD million;1980;-5208,830882;Annual;01/01/80
ZWE;Zimbabwe;Current Account;Goods;Goods imports;USD million;1981;-5166,844192;Annual;01/01/80
ZWE;Zimbabwe;Current Account;Goods;Goods imports;USD million;1982;-5950,560667;Annual;01/01/80
ZWE;Zimbabwe;Current Account;Goods;Goods imports;USD million;1983;-5668,772144;Annual;01/01/80
ZWE;Zimbabwe;Current Account;Goods;Goods imports;USD million;1984;-5644,390121;Annual;01/01/80
ZWE;Zimbabwe;Current Account;Goods;Goods imports;USD million;1985;-5792,401317;Annual;01/01/80
ZWE;Zimbabwe;Current Account;Goods;Goods imports;USD million;1986;-6348,530802;Annual;01/01/80
ZWE;Zimbabwe;Current Account;Goods;Goods imports;USD million;1987;-6025,572994;Annual;01/01/80
ZWE;Zimbabwe;Current Account;Goods;Goods imports;USD million;1988;-6036,485367;Annual;01/01/80
ZWE;Zimbabwe;Current Account;Goods;Goods imports;USD million;1989;-6399,479842;Annual;01/01/80
ZWE;Zimbabwe;Current Account;Goods;Goods imports;USD million;1990;-7016,117852;Annual;01/01/80
ZWE;Zimbabwe;Current Account;Goods;Goods imports;USD million;1991;-6499,415307;Annual;01/01/80
ZWE;Zimbabwe;Current Account;Goods;Goods imports;USD million;1992;-6003,539825;Annual;01/01/80
ZWE;Zimbabwe;Current Account;Goods;Goods imports;USD million;1993;-6332,980159;Annual;01/01/80
ZWE;Zimbabwe;Current Account;Goods;Goods imports;USD million;1994;-5999,273645;Annual;01/01/80
ZWE;Zimbabwe;Current Account;Goods;Goods imports;USD million;1995;-6404,288271;Annual;01/01/80
ZWE;Zimbabwe;Current Account;Goods;Goods imports;USD million;1996;-6147,239961;Annual;01/01/80
ZWE;Zimbabwe;Current Account;Goods;Goods imports;USD million;1997;-6598,986106;Annual;01/01/80
ZWE;Zimbabwe;Current Account;Goods;Goods imports;USD million;1998;-6642,837318;Annual;01/01/80
ZWE;Zimbabwe;Current Account;Goods;Goods imports;USD million;1999;-6506,730753;Annual;01/01/80
ZWE;Zimbabwe;Current Account;Goods;Goods imports;USD million;2000;-6994,145666;Annual;01/01/80
ZWE;Zimbabwe;Current Account;Goods;Goods imports;USD million;2001;-6382,289959;Annual;01/01/80
ZWE;Zimbabwe;Current Account;Goods;Goods imports;USD million;2002;-6919,249159;Annual;01/01/80
ZWE;Zimbabwe;Current Account;Goods;Goods imports;USD million;2003;-7924,674757;Annual;01/01/80
ZWE;Zimbabwe;Current Account;Goods;Goods imports;USD million;2004;-7062,283578;Annual;01/01/80
ZWE;Zimbabwe;Current Account;Goods;Goods imports;USD million;2005;-7264,226343;Annual;01/01/80
ZWE;Zimbabwe;Current Account;Goods;Goods imports;USD million;2006;-8132,9848;Annual;01/01/80
ZWE;Zimbabwe;Current Account;Goods;Goods imports;USD million;2007;-7441,426393;Annual;01/01/80
ZWE;Zimbabwe;Current Account;Goods;Goods imports;USD million;2008;-7240,26514;Annual;01/01/80
ZWE;Zimbabwe;Current Account;Goods;Goods imports;USD million;2009;-7912,434622;Annual;01/01/80
ZWE;Zimbabwe;Current Account;Goods;Goods imports;USD million;2010;-7849,373314;Annual;01/01/80
ZWE;Zimbabwe;Current Account;Goods;Goods imports;USD million;2011;-7715,154051;Annual;01/01/80
ZWE;Zimbabwe;Current Account;Goods;Goods imports;USD million;2012;-8832,930502;Annual;01/01/80
ZWE;Zimbabwe;Current Account;Goods;Goods imports;USD million;2013;-9123,416932;Annual;01/01/80
ZWE;Zimbabwe;Current Account;Goods;Goods imports;USD million;2014;-8825,246882;Annual;01/01/80
ZWE;Zimbabwe;Current Account;Goods;Goods imports;USD million;2015;-8718,734501;Annual;01/01/80
ZWE;Zimbabwe;Current Account;Goods;Goods imports;USD million;2016;-9061,145008;Annual;01/01/80
ZWE;Zimbabwe;Current Account;Goods;Goods imports;USD million;2017;-8133,45291;Annual;01/01/80
ZWE;Zimbabwe;Current Account;Goods;Goods imports;USD million;2018;-9112,078224;Annual;01/01/80
ZWE;Zimbabwe;Current Account;Goods;Goods imports;USD million;2019;-9613,450147;Annual;01/01/80
ZWE;Zimbabwe;Current Account;Goods;Goods imports;USD million;2020;-8815,83417;Annual;01/01/80
ZWE;Zimbabwe;Current Account;Goods;Goods imports;USD million;2021;-8904,347778;Annual;01/01/80
ZWE;Zimbabwe;Current Account;Goods;Goods imports;USD million;2022;-9466,741868;Annual;01/01/80
ZWE;Zimbabwe;Current Account;Goods;Goods imports;USD million;2023;-9100,240471;Annual;01/01/80
ZWE;Zimbabwe;Current Account;Goods;Goods imports;USD million;2024;-9526,719056;Annual;01/01/80
ZWE;Zimbabwe;Current Account;Goods;Goods imports;USD million;2025;-9747,283571;Annual;01/01/80
ZWE;Zimbabwe;Current Account;Goods;Goods imports;USD million;2026;-7564,802308;Annual;01/01/80
ZWE;Zimbabwe;Current Account;Primary Income;Primary income payments;USD million;1980;-341,9378982;Annual;01/01/80
ZWE;Zimbabwe;Current Account;Primary Income;Primary income payments;USD million;1981;-324,6479227;Annual;01/01/80
ZWE;Zimbabwe;Current Account;Primary Income;Primary income payments;USD million;1982;-349,3531401;Annual;01/01/80
ZWE;Zimbabwe;Current Account;Primary Income;Primary income payments;USD million;1983;-335,6198371;Annual;01/01/80
ZWE;Zimbabwe;Current Account;Primary Income;Primary income payments;USD million;1984;-331,2417431;Annual;01/01/80
ZWE;Zimbabwe;Current Account;Primary Income;Primary income payments;USD million;1985;-352,6114713;Annual;01/01/80
ZWE;Zimbabwe;Current Account;Primary Income;Primary income payments;USD million;1986;-328,7948442;Annual;01/01/80
ZWE;Zimbabwe;Current Account;Primary Income;Primary income payments;USD million;1987;-373,6137144;Annual;01/01/80
ZWE;Zimbabwe;Current Account;Primary Income;Primary income payments;USD million;1988;-383,3647665;Annual;01/01/80
ZWE;Zimbabwe;Current Account;Primary Income;Primary income payments;USD million;1989;-331,7988475;Annual;01/01/80
ZWE;Zimbabwe;Current Account;Primary Income;Primary income payments;USD million;1990;-352,8771819;Annual;01/01/80
ZWE;Zimbabwe;Current Account;Primary Income;Primary income payments;USD million;1991;-360,2576692;Annual;01/01/80
ZWE;Zimbabwe;Current Account;Primary Income;Primary income payments;USD million;1992;-370,0643762;Annual;01/01/80
ZWE;Zimbabwe;Current Account;Primary Income;Primary income payments;USD million;1993;-367,3252885;Annual;01/01/80
ZWE;Zimbabwe;Current Account;Primary Income;Primary income payments;USD million;1994;-360,4548197;Annual;01/01/80
ZWE;Zimbabwe;Current Account;Primary Income;Primary income payments;USD million;1995;-374,2552135;Annual;01/01/80
ZWE;Zimbabwe;Current Account;Primary Income;Primary income payments;USD million;1996;-360,0690735;Annual;01/01/80
ZWE;Zimbabwe;Current Account;Primary Income;Primary income payments;USD million;1997;-376,3720698;Annual;01/01/80
ZWE;Zimbabwe;Current Account;Primary Income;Primary income payments;USD million;1998;-363,6116875;Annual;01/01/80
ZWE;Zimbabwe;Current Account;Primary Income;Primary income payments;USD million;1999;-349,5006884;Annual;01/01/80
ZWE;Zimbabwe;Current Account;Primary Income;Primary income payments;USD million;2000;-382,9353512;Annual;01/01/80
ZWE;Zimbabwe;Current Account;Primary Income;Primary income payments;USD million;2001;-365,4466104;Annual;01/01/80
ZWE;Zimbabwe;Current Account;Primary Income;Primary income payments;USD million;2002;-387,3613285;Annual;01/01/80
ZWE;Zimbabwe;Current Account;Primary Income;Primary income payments;USD million;2003;-373,3970034;Annual;01/01/80
ZWE;Zimbabwe;Current Account;Primary Income;Primary income payments;USD million;2004;-414,5548759;Annual;01/01/80
ZWE;Zimbabwe;Current Account;Primary Income;Primary income payments;USD million;2005;-401,9215494;Annual;01/01/80
ZWE;Zimbabwe;Current Account;Primary Income;Primary income payments;USD million;2006;-409,7176937;Annual;01/01/80
ZWE;Zimbabwe;Current Account;Primary Income;Primary income payments;USD million;2007;-401,0141925;Annual;01/01/80
ZWE;Zimbabwe;Current Account;Primary Income;Primary income payments;USD million;2008;-366,6361897;Annual;01/01/80
ZWE;Zimbabwe;Current Account;Primary Income;Primary income payments;USD million;2009;-395,8237217;Annual;01/01/80
ZWE;Zimbabwe;Current Account;Primary Income;Primary income payments;USD million;2010;-367,568311;Annual;01/01/80
ZWE;Zimbabwe;Current Account;Primary Income;Primary income payments;USD million;2011;-423,2506465;Annual;01/01/80
ZWE;Zimbabwe;Current Account;Primary Income;Primary income payments;USD million;2012;-429,4871063;Annual;01/01/80
ZWE;Zimbabwe;Current Account;Primary Income;Primary income payments;USD million;2013;-447,5975965;Annual;01/01/80
ZWE;Zimbabwe;Current Account;Primary Income;Primary income payments;USD million;2014;-430,5379182;Annual;01/01/80
ZWE;Zimbabwe;Current Account;Primary Income;Primary income payments;USD million;2015;-442,6322233;Annual;01/01/80
ZWE;Zimbabwe;Current Account;Primary Income;Primary income payments;USD million;2016;-446,5284585;Annual;01/01/80
ZWE;Zimbabwe;Current Account;Primary Income;Primary income payments;USD million;2017;-444,1945924;Annual;01/01/80
ZWE;Zimbabwe;Current Account;Primary Income;Primary income payments;USD million;2018;-435,8288084;Annual;01/01/80
ZWE;Zimbabwe;Current Account;Primary Income;Primary income payments;USD million;2019;-443,8963483;Annual;01/01/80
ZWE;Zimbabwe;Current Account;Primary Income;Primary income payments;USD million;2020;-451,7672567;Annual;01/01/80
ZWE;Zimbabwe;Current Account;Primary Income;Primary income payments;USD million;2021;-427,9299303;Annual;01/01/80
ZWE;Zimbabwe;Current Account;Primary Income;Primary income payments;USD million;2022;-460,5625686;Annual;01/01/80
ZWE;Zimbabwe;Current Account;Primary Income;Primary income payments;USD million;2023;-476,2122438;Annual;01/01/80
ZWE;Zimbabwe;Current Account;Primary Income;Primary income payments;USD million;2024;-505,1903186;Annual;01/01/80
ZWE;Zimbabwe;Current Account;Primary Income;Primary income payments;USD million;2025;-476,1350038;Annual;01/01/80
ZWE;Zimbabwe;Current Account;Primary Income;Primary income payments;USD million;2026;-333,2328191;Annual;01/01/80
ZWE;Zimbabwe;Current Account;Primary Income;Primary income receipts;USD million;1980;138,3091949;Annual;01/01/80
ZWE;Zimbabwe;Current Account;Primary Income;Primary income receipts;USD million;1981;148,460786;Annual;01/01/80
ZWE;Zimbabwe;Current Account;Primary Income;Primary income receipts;USD million;1982;150,6562938;Annual;01/01/80
ZWE;Zimbabwe;Current Account;Primary Income;Primary income receipts;USD million;1983;136,2215216;Annual;01/01/80
ZWE;Zimbabwe;Current Account;Primary Income;Primary income receipts;USD million;1984;149,0477508;Annual;01/01/80
ZWE;Zimbabwe;Current Account;Primary Income;Primary income receipts;USD million;1985;152,4219473;Annual;01/01/80
ZWE;Zimbabwe;Current Account;Primary Income;Primary income receipts;USD million;1986;154,2859966;Annual;01/01/80
ZWE;Zimbabwe;Current Account;Primary Income;Primary income receipts;USD million;1987;152,6278326;Annual;01/01/80
ZWE;Zimbabwe;Current Account;Primary Income;Primary income receipts;USD million;1988;142,9188091;Annual;01/01/80
ZWE;Zimbabwe;Current Account;Primary Income;Primary income receipts;USD million;1989;153,9959801;Annual;01/01/80
ZWE;Zimbabwe;Current Account;Primary Income;Primary income receipts;USD million;1990;145,5779672;Annual;01/01/80
ZWE;Zimbabwe;Current Account;Primary Income;Primary income receipts;USD million;1991;167,9225961;Annual;01/01/80
ZWE;Zimbabwe;Current Account;Primary Income;Primary income receipts;USD million;1992;153,4711295;Annual;01/01/80
ZWE;Zimbabwe;Current Account;Primary Income;Primary income receipts;USD million;1993;148,9874918;Annual;01/01/80
ZWE;Zimbabwe;Current Account;Primary Income;Primary income receipts;USD million;1994;163,0243808;Annual;01/01/80
ZWE;Zimbabwe;Current Account;Primary Income;Primary income receipts;USD million;1995;148,0510927;Annual;01/01/80
ZWE;Zimbabwe;Current Account;Primary Income;Primary income receipts;USD million;1996;148,2980445;Annual;01/01/80
ZWE;Zimbabwe;Current Account;Primary Income;Primary income receipts;USD million;1997;159,1874597;Annual;01/01/80
ZWE;Zimbabwe;Current Account;Primary Income;Primary income receipts;USD million;1998;155,1172504;Annual;01/01/80
ZWE;Zimbabwe;Current Account;Primary Income;Primary income receipts;USD million;1999;166,1138189;Annual;01/01/80
ZWE;Zimbabwe;Current Account;Primary Income;Primary income receipts;USD million;2000;164,2589343;Annual;01/01/80
ZWE;Zimbabwe;Current Account;Primary Income;Primary income receipts;USD million;2001;160,7329451;Annual;01/01/80
ZWE;Zimbabwe;Current Account;Primary Income;Primary income receipts;USD million;2002;172,812098;Annual;01/01/80
ZWE;Zimbabwe;Current Account;Primary Income;Primary income receipts;USD million;2003;165,6120617;Annual;01/01/80
ZWE;Zimbabwe;Current Account;Primary Income;Primary income receipts;USD million;2004;162,8033397;Annual;01/01/80
ZWE;Zimbabwe;Current Account;Primary Income;Primary income receipts;USD million;2005;173,3350542;Annual;01/01/80
ZWE;Zimbabwe;Current Account;Primary Income;Primary income receipts;USD million;2006;165,3492337;Annual;01/01/80
ZWE;Zimbabwe;Current Account;Primary Income;Primary income receipts;USD million;2007;171,3430169;Annual;01/01/80
ZWE;Zimbabwe;Current Account;Primary Income;Primary income receipts;USD million;2008;176,4019897;Annual;01/01/80
ZWE;Zimbabwe;Current Account;Primary Income;Primary income receipts;USD million;2009;167,1114174;Annual;01/01/80
ZWE;Zimbabwe;Current Account;Primary Income;Primary income receipts;USD million;2010;166,5616381;Annual;01/01/80
ZWE;Zimbabwe;Current Account;Primary Income;Primary income receipts;USD million;2011;186,0507953;Annual;01/01/80
ZWE;Zimbabwe;Current Account;Primary Income;Primary income receipts;USD million;2012;165,2346552;Annual;01/01/80
ZWE;Zimbabwe;Current Account;Primary Income;Primary income receipts;USD million;2013;170,8714837;Annual;01/01/80
ZWE;Zimbabwe;Current Account;Primary Income;Primary income receipts;USD million;2014;182,0197619;Annual;01/01/80
ZWE;Zimbabwe;Current Account;Primary Income;Primary income receipts;USD million;2015;167,4167146;Annual;01/01/80
ZWE;Zimbabwe;Current Account;Primary Income;Primary income receipts;USD million;2016;180,7835018;Annual;01/01/80
ZWE;Zimbabwe;Current Account;Primary Income;Primary income receipts;USD million;2017;177,1448139;Annual;01/01/80
ZWE;Zimbabwe;Current Account;Primary Income;Primary income receipts;USD million;2018;184,2456601;Annual;01/01/80
ZWE;Zimbabwe;Current Account;Primary Income;Primary income receipts;USD million;2019;193,0952041;Annual;01/01/80
ZWE;Zimbabwe;Current Account;Primary Income;Primary income receipts;USD million;2020;199,0883689;Annual;01/01/80
ZWE;Zimbabwe;Current Account;Primary Income;Primary income receipts;USD million;2021;181,8418441;Annual;01/01/80
ZWE;Zimbabwe;Current Account;Primary Income;Primary income receipts;USD million;2022;195,0716109;Annual;01/01/80
ZWE;Zimbabwe;Current Account;Primary Income;Primary income receipts;USD million;2023;183,3412745;Annual;01/01/80
ZWE;Zimbabwe;Current Account;Primary Income;Primary income receipts;USD million;2024;177,0297388;Annual;01/01/80
ZWE;Zimbabwe;Current Account;Primary Income;Primary income receipts;USD million;2025;195,6069601;Annual;01/01/80
ZWE;Zimbabwe;Current Account;Primary Income;Primary income receipts;USD million;2026;139,5400622;Annual;01/01/80
ZWE;Zimbabwe;Current Account;Secondary Income;Other secondary income;USD million;1980;97,60612801;Annual;01/01/80
ZWE;Zimbabwe;Current Account;Secondary Income;Other secondary income;USD million;1981;95,09500692;Annual;01/01/80
ZWE;Zimbabwe;Current Account;Secondary Income;Other secondary income;USD million;1982;95,300648;Annual;01/01/80
ZWE;Zimbabwe;Current Account;Secondary Income;Other secondary income;USD million;1983;101,8301786;Annual;01/01/80
ZWE;Zimbabwe;Current Account;Secondary Income;Other secondary income;USD million;1984;101,3862584;Annual;01/01/80
ZWE;Zimbabwe;Current Account;Secondary Income;Other secondary income;USD million;1985;102,1186826;Annual;01/01/80
ZWE;Zimbabwe;Current Account;Secondary Income;Other secondary income;USD million;1986;102,1097413;Annual;01/01/80
ZWE;Zimbabwe;Current Account;Secondary Income;Other secondary income;USD million;1987;98,7167007;Annual;01/01/80
ZWE;Zimbabwe;Current Account;Secondary Income;Other secondary income;USD million;1988;105,7561868;Annual;01/01/80
ZWE;Zimbabwe;Current Account;Secondary Income;Other secondary income;USD million;1989;98,10682961;Annual;01/01/80
ZWE;Zimbabwe;Current Account;Secondary Income;Other secondary income;USD million;1990;110,5883865;Annual;01/01/80
ZWE;Zimbabwe;Current Account;Secondary Income;Other secondary income;USD million;1991;107,9942613;Annual;01/01/80
ZWE;Zimbabwe;Current Account;Secondary Income;Other secondary income;USD million;1992;105,5159399;Annual;01/01/80
ZWE;Zimbabwe;Current Account;Secondary Income;Other secondary income;USD million;1993;96,26726741;Annual;01/01/80
ZWE;Zimbabwe;Current Account;Secondary Income;Other secondary income;USD million;1994;102,6354781;Annual;01/01/80
ZWE;Zimbabwe;Current Account;Secondary Income;Other secondary income;USD million;1995;98,41281316;Annual;01/01/80
ZWE;Zimbabwe;Current Account;Secondary Income;Other secondary income;USD million;1996;106,3019248;Annual;01/01/80
ZWE;Zimbabwe;Current Account;Secondary Income;Other secondary income;USD million;1997;103,6050183;Annual;01/01/80
ZWE;Zimbabwe;Current Account;Secondary Income;Other secondary income;USD million;1998;113,0147289;Annual;01/01/80
ZWE;Zimbabwe;Current Account;Secondary Income;Other secondary income;USD million;1999;105,9240099;Annual;01/01/80
ZWE;Zimbabwe;Current Account;Secondary Income;Other secondary income;USD million;2000;101,078271;Annual;01/01/80
ZWE;Zimbabwe;Current Account;Secondary Income;Other secondary income;USD million;2001;103,8359482;Annual;01/01/80
ZWE;Zimbabwe;Current Account;Secondary Income;Other secondary income;USD million;2002;109,2568813;Annual;01/01/80
ZWE;Zimbabwe;Current Account;Secondary Income;Other secondary income;USD million;2003;98,30940619;Annual;01/01/80
ZWE;Zimbabwe;Current Account;Secondary Income;Other secondary income;USD million;2004;105,7126282;Annual;01/01/80
ZWE;Zimbabwe;Current Account;Secondary Income;Other secondary income;USD million;2005;115,9123541;Annual;01/01/80
ZWE;Zimbabwe;Current Account;Secondary Income;Other secondary income;USD million;2006;122,375017;Annual;01/01/80
ZWE;Zimbabwe;Current Account;Secondary Income;Other secondary income;USD million;2007;107,3272243;Annual;01/01/80
ZWE;Zimbabwe;Current Account;Secondary Income;Other secondary income;USD million;2008;106,7325949;Annual;01/01/80
ZWE;Zimbabwe;Current Account;Secondary Income;Other secondary income;USD million;2009;117,1799077;Annual;01/01/80
ZWE;Zimbabwe;Current Account;Secondary Income;Other secondary income;USD million;2010;111,788785;Annual;01/01/80
ZWE;Zimbabwe;Current Account;Secondary Income;Other secondary income;USD million;2011;109,9367408;Annual;01/01/80
ZWE;Zimbabwe;Current Account;Secondary Income;Other secondary income;USD million;2012;130,0166816;Annual;01/01/80
ZWE;Zimbabwe;Current Account;Secondary Income;Other secondary income;USD million;2013;122,1249314;Annual;01/01/80
ZWE;Zimbabwe;Current Account;Secondary Income;Other secondary income;USD million;2014;123,3720531;Annual;01/01/80
ZWE;Zimbabwe;Current Account;Secondary Income;Other secondary income;USD million;2015;118,8123748;Annual;01/01/80
ZWE;Zimbabwe;Current Account;Secondary Income;Other secondary income;USD million;2016;121,1312078;Annual;01/01/80
ZWE;Zimbabwe;Current Account;Secondary Income;Other secondary income;USD million;2017;117,4335083;Annual;01/01/80
ZWE;Zimbabwe;Current Account;Secondary Income;Other secondary income;USD million;2018;121,7485099;Annual;01/01/80
ZWE;Zimbabwe;Current Account;Secondary Income;Other secondary income;USD million;2019;119,6076238;Annual;01/01/80
ZWE;Zimbabwe;Current Account;Secondary Income;Other secondary income;USD million;2020;127,5118982;Annual;01/01/80
ZWE;Zimbabwe;Current Account;Secondary Income;Other secondary income;USD million;2021;121,225528;Annual;01/01/80
ZWE;Zimbabwe;Current Account;Secondary Income;Other secondary income;USD million;2022;120,582558;Annual;01/01/80
ZWE;Zimbabwe;Current Account;Secondary Income;Other secondary income;USD million;2023;141,4201391;Annual;01/01/80
ZWE;Zimbabwe;Current Account;Secondary Income;Other secondary income;USD million;2024;122,1933977;Annual;01/01/80
ZWE;Zimbabwe;Current Account;Secondary Income;Other secondary income;USD million;2025;118,0440222;Annual;01/01/80
ZWE;Zimbabwe;Current Account;Secondary Income;Other secondary income;USD million;2026;94,15490008;Annual;01/01/80
ZWE;Zimbabwe;Current Account;Secondary Income;Personal remittances;USD million;1980;397,8312538;Annual;01/01/80
ZWE;Zimbabwe;Current Account;Secondary Income;Personal remittances;USD million;1981;405,0521628;Annual;01/01/80
ZWE;Zimbabwe;Current Account;Secondary Income;Personal remittances;USD million;1982;398,4222355;Annual;01/01/80
ZWE;Zimbabwe;Current Account;Secondary Income;Personal remittances;USD million;1983;423,7169628;Annual;01/01/80
ZWE;Zimbabwe;Current Account;Secondary Income;Personal remittances;USD million;1984;397,1307222;Annual;01/01/80
ZWE;Zimbabwe;Current Account;Secondary Income;Personal remittances;USD million;1985;434,8873316;Annual;01/01/80
ZWE;Zimbabwe;Current Account;Secondary Income;Personal remittances;USD million;1986;435,5255622;Annual;01/01/80
ZWE;Zimbabwe;Current Account;Secondary Income;Personal remittances;USD million;1987;456,1785306;Annual;01/01/80
ZWE;Zimbabwe;Current Account;Secondary Income;Personal remittances;USD million;1988;431,8886678;Annual;01/01/80
ZWE;Zimbabwe;Current Account;Secondary Income;Personal remittances;USD million;1989;457,7898905;Annual;01/01/80
ZWE;Zimbabwe;Current Account;Secondary Income;Personal remittances;USD million;1990;478,116032;Annual;01/01/80
ZWE;Zimbabwe;Current Account;Secondary Income;Personal remittances;USD million;1991;514,0868704;Annual;01/01/80
ZWE;Zimbabwe;Current Account;Secondary Income;Personal remittances;USD million;1992;483,825877;Annual;01/01/80
ZWE;Zimbabwe;Current Account;Secondary Income;Personal remittances;USD million;1993;440,8171969;Annual;01/01/80
ZWE;Zimbabwe;Current Account;Secondary Income;Personal remittances;USD million;1994;439,8348257;Annual;01/01/80
ZWE;Zimbabwe;Current Account;Secondary Income;Personal remittances;USD million;1995;482,1323654;Annual;01/01/80
ZWE;Zimbabwe;Current Account;Secondary Income;Personal remittances;USD million;1996;516,1477229;Annual;01/01/80
ZWE;Zimbabwe;Current Account;Secondary Income;Personal remittances;USD million;1997;477,966748;Annual;01/01/80
ZWE;Zimbabwe;Current Account;Secondary Income;Personal remittances;USD million;1998;494,9419979;Annual;01/01/80
ZWE;Zimbabwe;Current Account;Secondary Income;Personal remittances;USD million;1999;450,6550297;Annual;01/01/80
ZWE;Zimbabwe;Current Account;Secondary Income;Personal remittances;USD million;2000;484,8341562;Annual;01/01/80
ZWE;Zimbabwe;Current Account;Secondary Income;Personal remittances;USD million;2001;479,05382;Annual;01/01/80
ZWE;Zimbabwe;Current Account;Secondary Income;Personal remittances;USD million;2002;538,0018824;Annual;01/01/80
ZWE;Zimbabwe;Current Account;Secondary Income;Personal remittances;USD million;2003;543,3093822;Annual;01/01/80
ZWE;Zimbabwe;Current Account;Secondary Income;Personal remittances;USD million;2004;559,9789487;Annual;01/01/80
ZWE;Zimbabwe;Current Account;Secondary Income;Personal remittances;USD million;2005;510,2912266;Annual;01/01/80
ZWE;Zimbabwe;Current Account;Secondary Income;Personal remittances;USD million;2006;523,3969265;Annual;01/01/80
ZWE;Zimbabwe;Current Account;Secondary Income;Personal remittances;USD million;2007;520,0249026;Annual;01/01/80
ZWE;Zimbabwe;Current Account;Secondary Income;Personal remittances;USD million;2008;501,258654;Annual;01/01/80
ZWE;Zimbabwe;Current Account;Secondary Income;Personal remittances;USD million;2009;550,3691009;Annual;01/01/80
ZWE;Zimbabwe;Current Account;Secondary Income;Personal remittances;USD million;2010;525,0846781;Annual;01/01/80
ZWE;Zimbabwe;Current Account;Secondary Income;Personal remittances;USD million;2011;590,8630575;Annual;01/01/80
ZWE;Zimbabwe;Current Account;Secondary Income;Personal remittances;USD million;2012;686,8049918;Annual;01/01/80
ZWE;Zimbabwe;Current Account;Secondary Income;Personal remittances;USD million;2013;615,6019388;Annual;01/01/80
ZWE;Zimbabwe;Current Account;Secondary Income;Personal remittances;USD million;2014;593,9789072;Annual;01/01/80
ZWE;Zimbabwe;Current Account;Secondary Income;Personal remittances;USD million;2015;638,7421455;Annual;01/01/80
ZWE;Zimbabwe;Current Account;Secondary Income;Personal remittances;USD million;2016;658,1479661;Annual;01/01/80
ZWE;Zimbabwe;Current Account;Secondary Income;Personal remittances;USD million;2017;682,6671151;Annual;01/01/80
ZWE;Zimbabwe;Current Account;Secondary Income;Personal remittances;USD million;2018;642,0834592;Annual;01/01/80
ZWE;Zimbabwe;Current Account;Secondary Income;Personal remittances;USD million;2019;697,9700684;Annual;01/01/80
ZWE;Zimbabwe;Current Account;Secondary Income;Personal remittances;USD million;2020;675,2349543;Annual;01/01/80
ZWE;Zimbabwe;Current Account;Secondary Income;Personal remittances;USD million;2021;646,0768525;Annual;01/01/80
ZWE;Zimbabwe;Current Account;Secondary Income;Personal remittances;USD million;2022;721,6132469;Annual;01/01/80
ZWE;Zimbabwe;Current Account;Secondary Income;Personal remittances;USD million;2023;692,9521184;Annual;01/01/80
ZWE;Zimbabwe;Current Account;Secondary Income;Personal remittances;USD million;2024;668,1460798;Annual;01/01/80
ZWE;Zimbabwe;Current Account;Secondary Income;Personal remittances;USD million;2025;735,9574939;Annual;01/01/80
ZWE;Zimbabwe;Current Account;Secondary Income;Personal remittances;USD million;2026;560,9609905;Annual;01/01/80
ZWE;Zimbabwe;Current Account;Services;Services exports;USD million;1980;836,1499278;Annual;01/01/80
ZWE;Zimbabwe;Current Account;Services;Services exports;USD million;1981;879,0339272;Annual;01/01/80
ZWE;Zimbabwe;Current Account;Services;Services exports;USD million;1982;849,3227036;Annual;01/01/80
ZWE;Zimbabwe;Current Account;Services;Services exports;USD million;1983;833,4187357;Annual;01/01/80
ZWE;Zimbabwe;Current Account;Services;Services exports;USD million;1984;847,0806007;Annual;01/01/80
ZWE;Zimbabwe;Current Account;Services;Services exports;USD million;1985;885,2763661;Annual;01/01/80
ZWE;Zimbabwe;Current Account;Services;Services exports;USD million;1986;878,8069706;Annual;01/01/80
ZWE;Zimbabwe;Current Account;Services;Services exports;USD million;1987;885,4171403;Annual;01/01/80
ZWE;Zimbabwe;Current Account;Services;Services exports;USD million;1988;922,0307155;Annual;01/01/80
ZWE;Zimbabwe;Current Account;Services;Services exports;USD million;1989;922,8360375;Annual;01/01/80
ZWE;Zimbabwe;Current Account;Services;Services exports;USD million;1990;945,4476719;Annual;01/01/80
ZWE;Zimbabwe;Current Account;Services;Services exports;USD million;1991;960,0829477;Annual;01/01/80
ZWE;Zimbabwe;Current Account;Services;Services exports;USD million;1992;997,9881366;Annual;01/01/80
ZWE;Zimbabwe;Current Account;Services;Services exports;USD million;1993;1008,525249;Annual;01/01/80
ZWE;Zimbabwe;Current Account;Services;Services exports;USD million;1994;905,9819516;Annual;01/01/80
ZWE;Zimbabwe;Current Account;Services;Services exports;USD million;1995;1018,590493;Annual;01/01/80
ZWE;Zimbabwe;Current Account;Services;Services exports;USD million;1996;991,5421684;Annual;01/01/80
ZWE;Zimbabwe;Current Account;Services;Services exports;USD million;1997;1021,107752;Annual;01/01/80
ZWE;Zimbabwe;Current Account;Services;Services exports;USD million;1998;1068,896536;Annual;01/01/80
ZWE;Zimbabwe;Current Account;Services;Services exports;USD million;1999;1072,889297;Annual;01/01/80
ZWE;Zimbabwe;Current Account;Services;Services exports;USD million;2000;1096,171322;Annual;01/01/80
ZWE;Zimbabwe;Current Account;Services;Services exports;USD million;2001;1084,730858;Annual;01/01/80
ZWE;Zimbabwe;Current Account;Services;Services exports;USD million;2002;1110,151722;Annual;01/01/80
ZWE;Zimbabwe;Current Account;Services;Services exports;USD million;2003;1110,625205;Annual;01/01/80
ZWE;Zimbabwe;Current Account;Services;Services exports;USD million;2004;1106,861334;Annual;01/01/80
ZWE;Zimbabwe;Current Account;Services;Services exports;USD million;2005;1228,234585;Annual;01/01/80
ZWE;Zimbabwe;Current Account;Services;Services exports;USD million;2006;1257,726487;Annual;01/01/80
ZWE;Zimbabwe;Current Account;Services;Services exports;USD million;2007;1244,147514;Annual;01/01/80
ZWE;Zimbabwe;Current Account;Services;Services exports;USD million;2008;1248,958343;Annual;01/01/80
ZWE;Zimbabwe;Current Account;Services;Services exports;USD million;2009;1202,149698;Annual;01/01/80
ZWE;Zimbabwe;Current Account;Services;Services exports;USD million;2010;1257,941896;Annual;01/01/80
ZWE;Zimbabwe;Current Account;Services;Services exports;USD million;2011;1315,159481;Annual;01/01/80
ZWE;Zimbabwe;Current Account;Services;Services exports;USD million;2012;1267,010373;Annual;01/01/80
ZWE;Zimbabwe;Current Account;Services;Services exports;USD million;2013;1327,875663;Annual;01/01/80
ZWE;Zimbabwe;Current Account;Services;Services exports;USD million;2014;1280,609574;Annual;01/01/80
ZWE;Zimbabwe;Current Account;Services;Services exports;USD million;2015;1334,841573;Annual;01/01/80
ZWE;Zimbabwe;Current Account;Services;Services exports;USD million;2016;1276,429402;Annual;01/01/80
ZWE;Zimbabwe;Current Account;Services;Services exports;USD million;2017;1246,946144;Annual;01/01/80
ZWE;Zimbabwe;Current Account;Services;Services exports;USD million;2018;1299,280434;Annual;01/01/80
ZWE;Zimbabwe;Current Account;Services;Services exports;USD million;2019;1323,805281;Annual;01/01/80
ZWE;Zimbabwe;Current Account;Services;Services exports;USD million;2020;1276,971866;Annual;01/01/80
ZWE;Zimbabwe;Current Account;Services;Services exports;USD million;2021;1354,194924;Annual;01/01/80
ZWE;Zimbabwe;Current Account;Services;Services exports;USD million;2022;1390,754708;Annual;01/01/80
ZWE;Zimbabwe;Current Account;Services;Services exports;USD million;2023;1366,042237;Annual;01/01/80
ZWE;Zimbabwe;Current Account;Services;Services exports;USD million;2024;1349,834099;Annual;01/01/80
ZWE;Zimbabwe;Current Account;Services;Services exports;USD million;2025;1376,526455;Annual;01/01/80
ZWE;Zimbabwe;Current Account;Services;Services exports;USD million;2026;997,0201017;Annual;01/01/80
ZWE;Zimbabwe;Current Account;Services;Services imports;USD million;1980;-1074,335205;Annual;01/01/80
ZWE;Zimbabwe;Current Account;Services;Services imports;USD million;1981;-1067,884805;Annual;01/01/80
ZWE;Zimbabwe;Current Account;Services;Services imports;USD million;1982;-1140,935609;Annual;01/01/80
ZWE;Zimbabwe;Current Account;Services;Services imports;USD million;1983;-1155,887426;Annual;01/01/80
ZWE;Zimbabwe;Current Account;Services;Services imports;USD million;1984;-1190,608546;Annual;01/01/80
ZWE;Zimbabwe;Current Account;Services;Services imports;USD million;1985;-1155,53107;Annual;01/01/80
ZWE;Zimbabwe;Current Account;Services;Services imports;USD million;1986;-1197,062517;Annual;01/01/80
ZWE;Zimbabwe;Current Account;Services;Services imports;USD million;1987;-1168,958744;Annual;01/01/80
ZWE;Zimbabwe;Current Account;Services;Services imports;USD million;1988;-1167,390724;Annual;01/01/80
ZWE;Zimbabwe;Current Account;Services;Services imports;USD million;1989;-1179,73611;Annual;01/01/80
ZWE;Zimbabwe;Current Account;Services;Services imports;USD million;1990;-1275,172958;Annual;01/01/80
ZWE;Zimbabwe;Current Account;Services;Services imports;USD million;1991;-1157,947715;Annual;01/01/80
ZWE;Zimbabwe;Current Account;Services;Services imports;USD million;1992;-1262,444423;Annual;01/01/80
ZWE;Zimbabwe;Current Account;Services;Services imports;USD million;1993;-1216,662577;Annual;01/01/80
ZWE;Zimbabwe;Current Account;Services;Services imports;USD million;1994;-1245,051886;Annual;01/01/80
ZWE;Zimbabwe;Current Account;Services;Services imports;USD million;1995;-1254,977944;Annual;01/01/80
ZWE;Zimbabwe;Current Account;Services;Services imports;USD million;1996;-1323,870306;Annual;01/01/80
ZWE;Zimbabwe;Current Account;Services;Services imports;USD million;1997;-1302,292121;Annual;01/01/80
ZWE;Zimbabwe;Current Account;Services;Services imports;USD million;1998;-1235,722572;Annual;01/01/80
ZWE;Zimbabwe;Current Account;Services;Services imports;USD million;1999;-1270,067131;Annual;01/01/80
ZWE;Zimbabwe;Current Account;Services;Services imports;USD million;2000;-1302,810008;Annual;01/01/80
ZWE;Zimbabwe;Current Account;Services;Services imports;USD million;2001;-1384,402757;Annual;01/01/80
ZWE;Zimbabwe;Current Account;Services;Services imports;USD million;2002;-1352,719948;Annual;01/01/80
ZWE;Zimbabwe;Current Account;Services;Services imports;USD million;2003;-1438,520457;Annual;01/01/80
ZWE;Zimbabwe;Current Account;Services;Services imports;USD million;2004;-1436,003075;Annual;01/01/80
ZWE;Zimbabwe;Current Account;Services;Services imports;USD million;2005;-1420,393156;Annual;01/01/80
ZWE;Zimbabwe;Current Account;Services;Services imports;USD million;2006;-1431,293711;Annual;01/01/80
ZWE;Zimbabwe;Current Account;Services;Services imports;USD million;2007;-1379,530944;Annual;01/01/80
ZWE;Zimbabwe;Current Account;Services;Services imports;USD million;2008;-1439,742763;Annual;01/01/80
ZWE;Zimbabwe;Current Account;Services;Services imports;USD million;2009;-1450,147382;Annual;01/01/80
ZWE;Zimbabwe;Current Account;Services;Services imports;USD million;2010;-1431,611679;Annual;01/01/80
ZWE;Zimbabwe;Current Account;Services;Services imports;USD million;2011;-1578,401606;Annual;01/01/80
ZWE;Zimbabwe;Current Account;Services;Services imports;USD million;2012;-1528,011396;Annual;01/01/80
ZWE;Zimbabwe;Current Account;Services;Services imports;USD million;2013;-1674,8133;Annual;01/01/80
ZWE;Zimbabwe;Current Account;Services;Services imports;USD million;2014;-1680,209312;Annual;01/01/80
ZWE;Zimbabwe;Current Account;Services;Services imports;USD million;2015;-1685,921377;Annual;01/01/80
ZWE;Zimbabwe;Current Account;Services;Services imports;USD million;2016;-1720,983055;Annual;01/01/80
ZWE;Zimbabwe;Current Account;Services;Services imports;USD million;2017;-1516,772782;Annual;01/01/80
ZWE;Zimbabwe;Current Account;Services;Services imports;USD million;2018;-1769,326592;Annual;01/01/80
ZWE;Zimbabwe;Current Account;Services;Services imports;USD million;2019;-1711,374664;Annual;01/01/80
ZWE;Zimbabwe;Current Account;Services;Services imports;USD million;2020;-1696,241685;Annual;01/01/80
ZWE;Zimbabwe;Current Account;Services;Services imports;USD million;2021;-1719,099367;Annual;01/01/80
ZWE;Zimbabwe;Current Account;Services;Services imports;USD million;2022;-1736,441461;Annual;01/01/80
ZWE;Zimbabwe;Current Account;Services;Services imports;USD million;2023;-1762,051036;Annual;01/01/80
ZWE;Zimbabwe;Current Account;Services;Services imports;USD million;2024;-1856,142617;Annual;01/01/80
ZWE;Zimbabwe;Current Account;Services;Services imports;USD million;2025;-1906,32703;Annual;01/01/80
ZWE;Zimbabwe;Current Account;Services;Services imports;USD million;2026;-1340,618807;Annual;01/01/80