iso3;country;period;gdp_index;global_demand_index;world_trade_index;reer_index;nominal_fx_index;inflation_pct;terms_of_trade_index;rainfall_anomaly_sd;temperature_anomaly_c;drought_index;climate_shock_index;gold_price;platinum_price;coal_price;copper_price;tobacco_price;lithium_price;maize_price;crude_oil_price;petroleum_price;frequency;date
ZWE;Zimbabwe;1980;99,89772953;100,307333;102,0478828;99,87703574;0,947244986;6,521626898;98,78531142;-0,430361076;0,105721862;0,513787189;0,639638592;502,3416024;456,4077742;59,32168171;1,227460515;1,449768384;4679,424617;97,56216661;23,39506458;24,12419981;Annual;01/01/80
ZWE;Zimbabwe;1981;100,9245846;106,0248225;100,8075738;106,2450826;1,057521212;7,583063201;101,2721403;0,425865298;0,170133141;0,101291737;0,251099047;453,9595164;481,2701565;62,82585593;1,318797828;1,684379387;7351,802806;107,1374942;20,32196207;21,34824772;Annual;01/01/80
ZWE;Zimbabwe;1982;106,2378426;103,4793652;99,08157375;111,7991075;1,186584008;7,70189079;96,34196416;-0,315256744;-0,107074717;0,564359077;0,683401237;447,4769478;468,9053521;40,7803496;1,295413921;1,766917163;7313,326075;118,6152233;13,71138492;14,12420611;Annual;01/01/80
ZWE;Zimbabwe;1983;108,5091849;102,0164515;96,89115442;119,9831528;1,151985452;6,992711934;99,66080806;-0,098856593;-0,037646922;0,39283076;0,508869912;405,5685158;627,4573565;30,67696212;1,366564106;1,711358031;6458,682417;102,1095332;10,82182679;11,26480092;Annual;01/01/80
ZWE;Zimbabwe;1984;113,6293176;108,667545;100,0368384;114,3889242;1,034669307;5,620575225;105,4959251;0,093361117;0,127954132;0,319662683;0,422856479;412,5201906;583,6312672;29,58786949;1,093803192;1,841242609;4762,567535;95,66293505;10,51903618;10,99133389;Annual;01/01/80
ZWE;Zimbabwe;1985;116,9140268;111,4636155;98,38773174;106,3587287;0,992003662;5,310296676;103,0916703;-0,499967092;0,341529661;0,65075329;0,851665235;392,0747706;511,5477359;28,26902659;0,813942313;1,94100787;4484,912662;87,15684533;9,098296677;9,627641921;Annual;01/01/80
ZWE;Zimbabwe;1986;120,1568379;110,0741927;104,521021;113,1646584;0,973529615;5,513885144;97,32337134;-0,189481995;0,017138426;0,555002334;0,658210921;421,951407;563,8568623;30,3452119;0,817557243;2,127744419;4801,039646;72,98767618;7,021609359;7,342182664;Annual;01/01/80
ZWE;Zimbabwe;1987;122,569165;111,5656248;112,6433145;120,6332061;0,953164655;5,159709486;87,96048658;0,237188303;0,122130908;0,223160997;0,321702908;424,3795536;735,9665571;40,27488153;0,653235715;2,463578649;6796,281855;73,84320027;7,05826544;7,262265805;Annual;01/01/80
ZWE;Zimbabwe;1988;122,0377006;112,4519937;114,4520373;121,2005819;1,028261359;5,704936302;90,85330388;0,697332201;-0,154068617;0,009523628;0,148540988;378,5715334;693,2511032;38,97935125;0,568601296;2,337610318;6506,873038;66,50089361;8,088307435;8,475181176;Annual;01/01/80
ZWE;Zimbabwe;1989;125,4569947;124,5651037;120,5050982;132,0608806;1,121226166;6,708564168;97,32578961;0,762983572;-0,533489367;0,045672458;0,221520313;371,1753484;658,7561115;38,78254587;0,49725469;2,273519257;6365,459854;60,14513551;10,03617894;10,46625513;Annual;01/01/80
ZWE;Zimbabwe;1990;126,9822274;133,5229131;121,1449421;125,6862018;1,126780102;6,505051411;98,78408346;-0,485004959;-0,303458629;0,657843077;0,818962736;378,3007929;661,0504438;41,40317294;0,428611309;2,167623201;7051,725371;62,26005931;7,046637519;7,539534005;Annual;01/01/80
ZWE;Zimbabwe;1991;128,9984925;132,9055522;118,0083615;114,2670731;1,19156311;6,649121102;111,4018874;-0,480981074;-0,129237542;0,645906352;0,7696467;351,3838792;691,3186858;56,06341477;0,443331993;2,261483378;7195,89996;70,74256936;8,50493673;8,878020101;Annual;01/01/80
ZWE;Zimbabwe;1992;129,4213118;130,9173507;135,0337165;108,5152826;1,262474186;7,38792323;119,3296421;0,149561803;-0,04273546;0,206357154;0,333341963;297,7103166;633,950391;66,7522115;0,528086427;2,412405814;7056,390196;57,38029526;9,832181207;10,25435382;Annual;01/01/80
ZWE;Zimbabwe;1993;130,7619408;134,4897247;146,0278971;95,36562527;1,310625801;5,429331492;131,6155505;-0,281122942;0,085992461;0,479842951;0,645506443;338,5198193;529,8217774;67,09150698;0,479770383;2,57807591;8817,285611;52,96954311;9,357573637;9,663301349;Annual;01/01/80
ZWE;Zimbabwe;1994;134,5774479;136,4420845;157,095517;87,25051391;1,186404439;4,532270454;125,5557521;0,280922559;-0,162461016;0,270559252;0,419169112;301,3982298;555,5851586;62,57494213;0,480282149;2,728337369;10290,43633;49,47610562;7,816556274;8,178895636;Annual;01/01/80
ZWE;Zimbabwe;1995;139,1202041;142,1883553;162,7600477;89,34998412;1,203337761;4,660198803;121,1576913;-0,011726027;0,363264119;0,449937112;0,614010412;349,6496106;441,6677271;53,61166206;0,532931572;2,809048072;10352,47562;43,42402306;7,551129268;7,921138802;Annual;01/01/80
ZWE;Zimbabwe;1996;140,5679412;146,0591126;162,4909415;87,43642484;1,13133635;5,32510854;142,1160466;0,121472689;0,214410116;0,210413269;0,310879444;398,4569904;392,985941;49,3860688;0,622201109;3,159834929;11489,2074;45,52577222;5,991544354;6,33228038;Annual;01/01/80
ZWE;Zimbabwe;1997;139,5875647;148,7011291;161,8456817;90,56990503;1,154698476;5,955916422;133,7153403;-0,042995923;0,310790173;0,412362266;0,564527194;402,2299832;347,5570078;53,44729294;0,595367796;3,671685141;11304,69398;46,96324782;4,883541282;5,084196394;Annual;01/01/80
ZWE;Zimbabwe;1998;139,2136569;152,8817897;168,9452637;89,72576171;1,225209113;6,569470913;135,1398185;0,001706485;-0,506001871;0,337165621;0,479097051;457,3207992;318,7002629;51,32709694;0,611319045;4,001598885;12808,6728;53,8856325;4,784773422;4,941291891;Annual;01/01/80
ZWE;Zimbabwe;1999;141,2911667;155,5250231;178,6391769;94,39267159;1,408188273;7,030204387;138,574602;0,611153937;0,133835786;0,159965301;0,316580375;476,1851006;322,9394618;46,22049436;0,600493975;3,838789797;11583,10489;61,66613459;6,304585514;6,527440641;Annual;01/01/80
ZWE;Zimbabwe;2000;145,7408532;166,6748915;186,7688968;95,13499324;1,673819592;6,56747467;131,3685454;-0,077112452;-0,233124951;0,45153753;0,571284793;499,0006487;315,8251628;45,06817632;0,56257103;4,113956428;9960,472738;59,16996348;6,267050448;6,459430816;Annual;01/01/80
ZWE;Zimbabwe;2001;155,2714955;175,378517;200,328573;90,91427218;1,812416911;6,572115234;108,4245295;0,239476356;0,102526733;0,244878522;0,364082247;465,4082725;290,4337899;49,47705979;0,632184547;3,963881227;9676,890902;57,61470224;5,841580403;5,950497579;Annual;01/01/80
ZWE;Zimbabwe;2002;161,8542032;177,3912406;208,1923972;93,11582618;1,981681041;6,436783562;110,2031792;-0,138446438;-0,25187421;0,324235951;0,513871;491,2373981;265,1078868;56,19925662;0,738414972;4,45923425;9608,978762;51,394204;5,277667279;5,479404891;Annual;01/01/80
ZWE;Zimbabwe;2003;168,4499418;181,385388;200,1746154;90,43609384;1,997776644;5,19936443;123,1688317;-0,091203181;0,141986447;0,458282219;0,656276656;542,4391221;259,8875328;65,76504467;0,89007153;4,300111057;14252,48611;41,3570439;4,158405602;4,345503236;Annual;01/01/80
ZWE;Zimbabwe;2004;170,3486131;192,1607388;206,240073;87,7876971;2,300150254;5,195531193;109,3083846;0,076337723;-0,30393864;0,367840798;0,49432936;439,9192389;220,7713665;81,95536055;0,866985406;4,946376954;21286,45482;36,64342222;4,384056293;4,531210512;Annual;01/01/80
ZWE;Zimbabwe;2005;173,007708;213,948393;219,3464229;88,85375366;2,212365746;5,153687988;112,3594619;0,342968803;-0,021428037;0,345687923;0,4994674;441,8717272;182,8727341;95,35504232;0,869539328;6,157557462;31666,92595;34,23026414;5,688416296;5,935476836;Annual;01/01/80
ZWE;Zimbabwe;2006;170,5072313;222,3548522;226,1180308;90,93405147;2,157411805;6,375566323;107,4163539;-0,246761033;-0,06984519;0,562441215;0,706207907;438,6275379;198,5578593;95,63774106;0,88324898;6,405942586;36372,11977;34,35611176;6,486739826;6,727984639;Annual;01/01/80
ZWE;Zimbabwe;2007;172,0349834;236,0429193;228,7346469;89,67384772;2,238287;6,566450764;90,03567355;0,03748789;0,431833041;0,38151387;0,535225101;496,6074347;204,3227843;86,80285613;1,111243272;5,949447314;32399,12283;37,14128107;8,688140975;9,120529903;Annual;01/01/80
ZWE;Zimbabwe;2008;176,8244394;241,2785392;228,3228098;88,37165316;2,477433961;6,826103656;86,43547401;0,369282529;0,210628123;0,241346744;0,375261441;471,5310753;205,3667572;100,5814359;1,46799652;5,318653382;34240,91263;40,50016131;10,16462645;10,61010872;Annual;01/01/80
ZWE;Zimbabwe;2009;178,1287352;235,9470101;234,6882974;83,3482932;2,940229954;6,813502971;79,95564953;0,136287372;-0,144301059;0,482354147;0,626791039;404,4574038;235,0010704;88,33271186;1,568779412;5,391724693;32653,65606;40,54385146;10,1068244;10,37846464;Annual;01/01/80
ZWE;Zimbabwe;2010;184,0778972;250,3289853;235,3450177;76,70051143;3,370769572;5,695229685;75,43347562;0,475395484;-0,269528804;0,092708613;0,279964461;421,5995967;226,318916;73,03929371;1,362947825;6,452649133;37506,3139;36,41045068;7,607589177;7,955930222;Annual;01/01/80
ZWE;Zimbabwe;2011;201,1589023;253,9883229;241,3777362;72,37223309;3,342389575;5,761360535;81,19007422;0,237811804;-0,118960771;0,344601285;0,469228726;388,4726112;189,9785804;73,01571797;1,147312988;7,077406882;39443,08655;33,80610294;7,890387086;8,303907895;Annual;01/01/80
ZWE;Zimbabwe;2012;222,2654271;253,8918075;257,1120418;70,14074006;3,273962343;5,004670179;95,54470833;-0,085298579;-0,054454627;0,357650161;0,472407516;358,9699943;178,448644;72,59805891;1,0154276;7,137268718;44346,8738;34,74952873;6,887972995;7,09738827;Annual;01/01/80
ZWE;Zimbabwe;2013;227,1035306;259,4246557;270,9180899;70,52030132;3,455818498;4,937512442;85,47299112;0,042152542;-0,235396439;0,351277085;0,462124315;301,5400413;173,8671135;73,08551326;0,852517761;6,90747851;39236,02268;40,28581604;6,199316606;6,46049743;Annual;01/01/80
ZWE;Zimbabwe;2014;228,5688975;259,2079047;275,2790953;74,06181872;3,737231344;5,225823847;74,56638125;0,255963686;0,220490743;0,201053679;0,327673956;275,961121;161,6963026;57,21050084;0,949314596;6,994193821;34664,61083;50,04336802;8,148357528;8,384693739;Annual;01/01/80
ZWE;Zimbabwe;2015;226,2890565;252,3911122;279,663934;78,73655123;3,777160624;6,318749866;86,22151714;0,038011568;0,31874371;0,427082723;0,617477186;273,5895918;149,89511;70,87592024;1,02659844;6,41194711;20394,01269;56,80817924;8,669675559;9,109379696;Annual;01/01/80
ZWE;Zimbabwe;2016;232,8095982;253,8367449;282,8930104;82,25609808;3,933709723;6,345194404;93,02378724;0,479590917;0,064169607;0,142677401;0,294160194;313,4672462;164,0085895;77,15974547;1,118290634;6,420919976;15699,83361;52,89069457;8,071143871;8,412083263;Annual;01/01/80
ZWE;Zimbabwe;2017;232,6676983;249,6017166;287,8450147;75,51238844;4,531915955;7,471270536;97,32539925;0,208757143;-0,078047222;0,125065106;0,229743063;363,5387972;196,1365007;103,0125615;1,474319042;5,938519131;14908,46483;59,61526715;8,915347156;9,305618194;Annual;01/01/80
ZWE;Zimbabwe;2018;244,6150127;254,866915;311,3233823;69,26173141;4,634534628;6,922209102;95,08844148;-0,113497864;0,016086488;0,363578999;0,49473406;334,9466182;244,9951237;103,1849789;1,6057795;5,466136878;19133,05728;65,03045478;10,98443092;11,2924557;Annual;01/01/80
ZWE;Zimbabwe;2019;250,2694628;267,3210558;327,2206882;63,68549823;4,180236122;5,894607488;107,400186;-0,180032812;-0,096123316;0,632890433;0,761587613;293,6041947;316,3326728;116,0431439;1,670633844;5,092245581;19304,16007;56,88678053;11,40336229;11,94368488;Annual;01/01/80
ZWE;Zimbabwe;2020;253,924726;282,0473064;334,6286522;57,75891687;4,115737506;5,598150612;105,0718056;0,288585956;0,041660634;0,25490509;0,436239566;299,5331553;322,0188686;109,9793949;1,538464151;5,282565496;18665,10208;55,85386707;10,98156948;11,45178503;Annual;01/01/80
ZWE;Zimbabwe;2021;262,9809622;287,1608346;362,9684835;56,00444636;4,138143747;4,522854577;98,0081813;0,139872805;0,10451269;0,233200196;0,335178729;354,5210496;310,0631706;106,68974;1,250833749;4,955601929;18959,27874;48,20613178;10,91426652;11,44465812;Annual;01/01/80
ZWE;Zimbabwe;2022;269,4632163;296,5158236;394,0610114;56,96196884;4,426292917;5,136750689;94,24315437;0,165724917;0,007659948;0,290664075;0,381291162;365,2374689;296,5348688;121,2064805;1,340447302;5,456873205;18000,02554;48,09032632;10,94062117;11,41054902;Annual;01/01/80
ZWE;Zimbabwe;2023;276,3677651;296,0968509;390,7219868;58,94376694;4,673844374;5,152430767;113,2190553;-0,217049476;0,105101972;0,532867262;0,696897862;339,6858449;360,9607374;137,0837071;1,478854797;5,629974622;19071,90703;56,73754929;13,84178072;14,31718287;Annual;01/01/80
ZWE;Zimbabwe;2024;281,6581127;294,6014802;393,0604525;57,50627374;5,090283684;6,473563622;120,178086;0,367342146;-0,478406547;0,142246583;0,295603752;352,0352432;446,4395675;145,3068091;1,684015189;5,459967508;21235,06542;63,41577165;14,87247027;15,52203947;Annual;01/01/80
ZWE;Zimbabwe;2025;293,0869116;279,7139918;401,8172635;59,36467148;5,52469273;6,22726027;133,0851356;0,17765286;0,32223511;0,245232722;0,388943944;358,5108346;356,1970582;153,283881;1,732187874;5,352747732;35526,4472;80,3029379;15,26959324;15,97673962;Annual;01/01/80
ZWE;Zimbabwe;2026;302,1065606;290,5620432;418,4265484;63,86568679;5,896860981;6,951583389;123,6691;0,072316004;-0,11562452;0,413828055;0,550210471;359,7757879;351,0330618;147,6465263;1,954912335;5,91046431;38923,56505;83,12850157;14,03974813;14,34990044;Annual;01/01/80