iso3;country;debt_type;unit;period;outstanding;interest_rate_pct;interest_payment;principal_repayment;new_borrowing;frequency;date
ZWE;Zimbabwe;Bilateral Loans;USD million / percent;1980;788,6991019;5,582765445;44,49923752;89,6718043;191,5885168;Annual;01/01/80
ZWE;Zimbabwe;Bilateral Loans;USD million / percent;1981;814,9373923;5,170543588;41,64615631;99,15653364;167,2306161;Annual;01/01/80
ZWE;Zimbabwe;Bilateral Loans;USD million / percent;1982;832,1086763;5,00115529;42,33552523;82,56280196;145,3016993;Annual;01/01/80
ZWE;Zimbabwe;Bilateral Loans;USD million / percent;1983;895,4933229;5,368908562;48,112505;120,5648673;107,7581247;Annual;01/01/80
ZWE;Zimbabwe;Bilateral Loans;USD million / percent;1984;968,1057191;5,888079503;54,81773176;92,32014374;135,0619629;Annual;01/01/80
ZWE;Zimbabwe;Bilateral Loans;USD million / percent;1985;1003,482626;5,473082759;53,9076535;77,89886639;164,0607563;Annual;01/01/80
ZWE;Zimbabwe;Bilateral Loans;USD million / percent;1986;1016,907956;5,22693835;54,30757625;79,44087157;158,6211698;Annual;01/01/80
ZWE;Zimbabwe;Bilateral Loans;USD million / percent;1987;1159,426974;5,902485144;64,63004095;84,49781435;165,0569514;Annual;01/01/80
ZWE;Zimbabwe;Bilateral Loans;USD million / percent;1988;1190,585967;5,84975177;67,89486462;96,64642742;210,5909204;Annual;01/01/80
ZWE;Zimbabwe;Bilateral Loans;USD million / percent;1989;1268,495194;5,40448564;64,70244612;112,9874797;166,7337011;Annual;01/01/80
ZWE;Zimbabwe;Bilateral Loans;USD million / percent;1990;1331,268622;6,033642829;79,36544115;93,00518561;137,8833066;Annual;01/01/80
ZWE;Zimbabwe;Bilateral Loans;USD million / percent;1991;1369,746455;5,484044129;74,3167761;108,1884318;149,4741371;Annual;01/01/80
ZWE;Zimbabwe;Bilateral Loans;USD million / percent;1992;1412,400546;5,596376663;77,95985821;104,7028238;152,3076478;Annual;01/01/80
ZWE;Zimbabwe;Bilateral Loans;USD million / percent;1993;1393,292992;5,60137918;78,7397342;77,71626691;141,9460932;Annual;01/01/80
ZWE;Zimbabwe;Bilateral Loans;USD million / percent;1994;1455,468966;5,493605955;78,47765784;122,0906058;163,9951688;Annual;01/01/80
ZWE;Zimbabwe;Bilateral Loans;USD million / percent;1995;1576,18884;5,274314064;80,73276952;86,40731767;107,9376945;Annual;01/01/80
ZWE;Zimbabwe;Bilateral Loans;USD million / percent;1996;1609,623209;5,688686078;91,05466438;89,59593448;154,4443111;Annual;01/01/80
ZWE;Zimbabwe;Bilateral Loans;USD million / percent;1997;1629,422035;6,234172997;102,3629199;89,77109625;157,459218;Annual;01/01/80
ZWE;Zimbabwe;Bilateral Loans;USD million / percent;1998;1614,884392;5,441787951;88,903741;105,793101;126,6140464;Annual;01/01/80
ZWE;Zimbabwe;Bilateral Loans;USD million / percent;1999;1649,01073;5,189068613;83,1411594;130,6389835;170,7909493;Annual;01/01/80
ZWE;Zimbabwe;Bilateral Loans;USD million / percent;2000;1525,316156;5,010616905;79,79477466;114,2255369;120,3906894;Annual;01/01/80
ZWE;Zimbabwe;Bilateral Loans;USD million / percent;2001;1576,51417;4,965670839;78,70940467;108,9673074;154,1694584;Annual;01/01/80
ZWE;Zimbabwe;Bilateral Loans;USD million / percent;2002;1620,84955;5,27187876;84,08213436;92,4866003;164,3763516;Annual;01/01/80
ZWE;Zimbabwe;Bilateral Loans;USD million / percent;2003;1769,541714;5,349652215;91,35247979;97,85485873;140,3695437;Annual;01/01/80
ZWE;Zimbabwe;Bilateral Loans;USD million / percent;2004;1762,828732;5,553173281;97,34432052;76,70026653;121,6418701;Annual;01/01/80
ZWE;Zimbabwe;Bilateral Loans;USD million / percent;2005;1795,798761;5,100470839;91,04854187;70,81684241;150,1869097;Annual;01/01/80
ZWE;Zimbabwe;Bilateral Loans;USD million / percent;2006;1805,481814;4,881940422;88,05709691;103,6573023;144,7166248;Annual;01/01/80
ZWE;Zimbabwe;Bilateral Loans;USD million / percent;2007;1750,182778;5,296804252;94,45741535;92,19050704;165,6874923;Annual;01/01/80
ZWE;Zimbabwe;Bilateral Loans;USD million / percent;2008;1729,746121;6,329385253;110,0459322;83,98266902;151,0328511;Annual;01/01/80
ZWE;Zimbabwe;Bilateral Loans;USD million / percent;2009;1715,911874;4,872272203;84,65943319;117,1653293;129,5982442;Annual;01/01/80
ZWE;Zimbabwe;Bilateral Loans;USD million / percent;2010;1841,774026;5,479432875;99,42607522;117,9808723;120,2965127;Annual;01/01/80
ZWE;Zimbabwe;Bilateral Loans;USD million / percent;2011;1784,928128;5,445960885;97,30977908;93,17728694;122,5956907;Annual;01/01/80
ZWE;Zimbabwe;Bilateral Loans;USD million / percent;2012;1860,809593;5,537224052;101,617866;86,26030451;157,5964336;Annual;01/01/80
ZWE;Zimbabwe;Bilateral Loans;USD million / percent;2013;1925,347781;5,597859803;104,4004473;70,65692343;160,2397723;Annual;01/01/80
ZWE;Zimbabwe;Bilateral Loans;USD million / percent;2014;1873,286856;6,04839602;116,8712994;94,67680665;156,7151336;Annual;01/01/80
ZWE;Zimbabwe;Bilateral Loans;USD million / percent;2015;1852,733711;5,652862007;105,8742662;85,41759036;127,9374982;Annual;01/01/80
ZWE;Zimbabwe;Bilateral Loans;USD million / percent;2016;1866,234257;5,812823483;108,9201525;88,3586714;189,7518391;Annual;01/01/80
ZWE;Zimbabwe;Bilateral Loans;USD million / percent;2017;1832,727064;6,296250834;115,706828;89,41705294;169,5659346;Annual;01/01/80
ZWE;Zimbabwe;Bilateral Loans;USD million / percent;2018;1920,919287;5,703862503;106,880646;106,1332943;128,8687651;Annual;01/01/80
ZWE;Zimbabwe;Bilateral Loans;USD million / percent;2019;2032,832861;5,415206892;107,4568837;81,76337222;153,4256313;Annual;01/01/80
ZWE;Zimbabwe;Bilateral Loans;USD million / percent;2020;1996,939783;5,467932422;109,8800581;98,38506637;121,8912558;Annual;01/01/80
ZWE;Zimbabwe;Bilateral Loans;USD million / percent;2021;2097,429689;5,173442125;104,561785;80,38438619;139,4644419;Annual;01/01/80
ZWE;Zimbabwe;Bilateral Loans;USD million / percent;2022;2157,03336;5,763623215;122,6009599;96,44592056;130,6537474;Annual;01/01/80
ZWE;Zimbabwe;Bilateral Loans;USD million / percent;2023;2166,302234;5,597466802;120,8526855;101,8008268;152,1269957;Annual;01/01/80
ZWE;Zimbabwe;Bilateral Loans;USD million / percent;2024;2271,225879;4,933504642;108,8082466;116,0092583;119,784669;Annual;01/01/80
ZWE;Zimbabwe;Bilateral Loans;USD million / percent;2025;2169,714415;5,499176069;122,8660005;90,29474072;136,7514945;Annual;01/01/80
ZWE;Zimbabwe;Bilateral Loans;USD million / percent;2026;2207,170452;6,283165332;102,4817671;44,74099105;107,1480544;Annual;01/01/80
ZWE;Zimbabwe;Commercial Loans;USD million / percent;1980;1438,809342;5,873497369;85,89835616;101,3939666;186,4542032;Annual;01/01/80
ZWE;Zimbabwe;Commercial Loans;USD million / percent;1981;1449,113864;5,077915099;73,83944311;110,6048171;196,0903306;Annual;01/01/80
ZWE;Zimbabwe;Commercial Loans;USD million / percent;1982;1428,080693;5,659271911;79,27827409;117,8033858;109,5893383;Annual;01/01/80
ZWE;Zimbabwe;Commercial Loans;USD million / percent;1983;1500,803014;5,385564548;78,73679494;83,74339305;160,5843831;Annual;01/01/80
ZWE;Zimbabwe;Commercial Loans;USD million / percent;1984;1601,73259;5,598959557;86,80218781;80,79941861;128,1173011;Annual;01/01/80
ZWE;Zimbabwe;Commercial Loans;USD million / percent;1985;1642,225481;5,83370587;94,47895639;90,07371637;131,9363642;Annual;01/01/80
ZWE;Zimbabwe;Commercial Loans;USD million / percent;1986;1677,219608;5,309581391;87,53546527;90,29177768;146,5464442;Annual;01/01/80
ZWE;Zimbabwe;Commercial Loans;USD million / percent;1987;1677,974901;5,516481034;90,0371792;79,77170614;159,4681579;Annual;01/01/80
ZWE;Zimbabwe;Commercial Loans;USD million / percent;1988;1706,923445;5,969114677;100,0432281;120,6146187;138,6179482;Annual;01/01/80
ZWE;Zimbabwe;Commercial Loans;USD million / percent;1989;1691,26369;5,93380492;100,1379044;100,167284;155,6818714;Annual;01/01/80
ZWE;Zimbabwe;Commercial Loans;USD million / percent;1990;1728,555195;5,416133156;94,9343459;68,97078271;142,3035829;Annual;01/01/80
ZWE;Zimbabwe;Commercial Loans;USD million / percent;1991;1750,962274;5,865687908;105,1316056;93,26412087;154,9541931;Annual;01/01/80
ZWE;Zimbabwe;Commercial Loans;USD million / percent;1992;1797,306452;5,881025139;104,4112906;89,70437667;101,2025889;Annual;01/01/80
ZWE;Zimbabwe;Commercial Loans;USD million / percent;1993;1845,504377;5,076892742;92,53377003;131,771551;152,2292697;Annual;01/01/80
ZWE;Zimbabwe;Commercial Loans;USD million / percent;1994;1882,366229;5,082267364;94,94496189;79,96910666;98,54943723;Annual;01/01/80
ZWE;Zimbabwe;Commercial Loans;USD million / percent;1995;1918,949245;6,014985791;115,5247904;82,9467822;84,67377496;Annual;01/01/80
ZWE;Zimbabwe;Commercial Loans;USD million / percent;1996;1989,375419;6,130713925;120,561165;116,4063633;154,6801008;Annual;01/01/80
ZWE;Zimbabwe;Commercial Loans;USD million / percent;1997;2024,838631;4,869034829;99,24338678;120,00999;153,8085288;Annual;01/01/80
ZWE;Zimbabwe;Commercial Loans;USD million / percent;1998;1911,403502;5,770755519;113,0053508;95,7240163;118,4540698;Annual;01/01/80
ZWE;Zimbabwe;Commercial Loans;USD million / percent;1999;1912,590953;6,35637259;121,1200371;99,05782896;182,570198;Annual;01/01/80
ZWE;Zimbabwe;Commercial Loans;USD million / percent;2000;1878,606299;5,70674703;106,9169578;90,23735915;151,2848209;Annual;01/01/80
ZWE;Zimbabwe;Commercial Loans;USD million / percent;2001;1962,658485;4,98663888;93,74332547;90,84667322;153,7167591;Annual;01/01/80
ZWE;Zimbabwe;Commercial Loans;USD million / percent;2002;1933,380381;5,242477459;101,7523525;83,58905786;133,7734635;Annual;01/01/80
ZWE;Zimbabwe;Commercial Loans;USD million / percent;2003;1954,346812;5,590737217;109,00833;114,1536989;144,3531453;Annual;01/01/80
ZWE;Zimbabwe;Commercial Loans;USD million / percent;2004;2049,535604;5,86865396;118,1538188;85,81165157;152,4763805;Annual;01/01/80
ZWE;Zimbabwe;Commercial Loans;USD million / percent;2005;2138,767651;5,140843852;109,4690455;130,6711089;124,8621719;Annual;01/01/80
ZWE;Zimbabwe;Commercial Loans;USD million / percent;2006;2210,81074;5,730810669;124,8780369;95,75959239;130,6811721;Annual;01/01/80
ZWE;Zimbabwe;Commercial Loans;USD million / percent;2007;2219,288315;5,665174096;125,5049511;74,01429649;156,4303865;Annual;01/01/80
ZWE;Zimbabwe;Commercial Loans;USD million / percent;2008;2288,223498;6,157238116;138,1129485;79,86684173;139,3800922;Annual;01/01/80
ZWE;Zimbabwe;Commercial Loans;USD million / percent;2009;2343,52244;6,232259186;144,9579316;116,7087286;166,5714003;Annual;01/01/80
ZWE;Zimbabwe;Commercial Loans;USD million / percent;2010;2415,451251;4,851772877;115,4255913;56,35171079;116,3274146;Annual;01/01/80
ZWE;Zimbabwe;Commercial Loans;USD million / percent;2011;2439,698177;4,969317099;120,1337322;102,613297;110,6679739;Annual;01/01/80
ZWE;Zimbabwe;Commercial Loans;USD million / percent;2012;2557,963596;5,415263753;135,7607476;123,8186646;129,1336218;Annual;01/01/80
ZWE;Zimbabwe;Commercial Loans;USD million / percent;2013;2581,637581;5,790243725;148,6326502;96,50648547;170,3448282;Annual;01/01/80
ZWE;Zimbabwe;Commercial Loans;USD million / percent;2014;2578,456919;5,908383848;153,5139895;112,9798837;138,2268796;Annual;01/01/80
ZWE;Zimbabwe;Commercial Loans;USD million / percent;2015;2548,608209;5,022785362;127,2410373;112,8851195;157,4198562;Annual;01/01/80
ZWE;Zimbabwe;Commercial Loans;USD million / percent;2016;2596,085621;5,853208999;150,4903258;83,5307223;98,13208663;Annual;01/01/80
ZWE;Zimbabwe;Commercial Loans;USD million / percent;2017;2656,779827;5,661699385;146,5911197;122,259068;120,9786038;Annual;01/01/80
ZWE;Zimbabwe;Commercial Loans;USD million / percent;2018;2566,494595;5,001579499;131,46983;114,5491377;117,6276957;Annual;01/01/80
ZWE;Zimbabwe;Commercial Loans;USD million / percent;2019;2636,526038;5,496697561;143,037049;102,7658053;203,6773813;Annual;01/01/80
ZWE;Zimbabwe;Commercial Loans;USD million / percent;2020;2783,523017;5,00707999;135,5805619;110,6421632;155,1529801;Annual;01/01/80
ZWE;Zimbabwe;Commercial Loans;USD million / percent;2021;2863,169802;5,65026399;159,0277464;93,51592506;175,8217756;Annual;01/01/80
ZWE;Zimbabwe;Commercial Loans;USD million / percent;2022;2850,426138;5,565231996;159,0256555;95,2230045;112,3424744;Annual;01/01/80
ZWE;Zimbabwe;Commercial Loans;USD million / percent;2023;2879,549875;5,515552008;157,0279024;74,35009895;147,6262502;Annual;01/01/80
ZWE;Zimbabwe;Commercial Loans;USD million / percent;2024;2951,237152;5,459052896;158,6053265;88,00481751;120,1164819;Annual;01/01/80
ZWE;Zimbabwe;Commercial Loans;USD million / percent;2025;3031,989432;5,920073991;176,8430478;113,993569;146,6895452;Annual;01/01/80
ZWE;Zimbabwe;Commercial Loans;USD million / percent;2026;3110,153972;4,445679328;101,952667;57,53633172;87,68599885;Annual;01/01/80
ZWE;Zimbabwe;Eurobonds;USD million / percent;1980;1048,76756;5,435602305;55,29568038;106,8971836;152,631336;Annual;01/01/80
ZWE;Zimbabwe;Eurobonds;USD million / percent;1981;1018,554993;5,587364571;58,19889551;125,5277527;136,8792935;Annual;01/01/80
ZWE;Zimbabwe;Eurobonds;USD million / percent;1982;1152,434006;5,521863317;62,15197249;88,81281881;116,7663669;Annual;01/01/80
ZWE;Zimbabwe;Eurobonds;USD million / percent;1983;1162,549996;6,19313693;71,5315222;90,18498445;166,9181453;Annual;01/01/80
ZWE;Zimbabwe;Eurobonds;USD million / percent;1984;1193,951408;5,354240702;62,1821756;68,88567331;137,5947323;Annual;01/01/80
ZWE;Zimbabwe;Eurobonds;USD million / percent;1985;1420,490264;5,660391627;74,14151046;106,8959331;150,2848972;Annual;01/01/80
ZWE;Zimbabwe;Eurobonds;USD million / percent;1986;1433,791152;5,65038815;84,22597326;91,17735939;97,54007361;Annual;01/01/80
ZWE;Zimbabwe;Eurobonds;USD million / percent;1987;1422,059606;5,473471595;79,02887297;80,56183859;152,2305639;Annual;01/01/80
ZWE;Zimbabwe;Eurobonds;USD million / percent;1988;1370,677935;5,637990532;79,90301927;113,5932933;115,4929294;Annual;01/01/80
ZWE;Zimbabwe;Eurobonds;USD million / percent;1989;1370,046568;5,577043449;75,01841508;123,6025947;144,0555381;Annual;01/01/80
ZWE;Zimbabwe;Eurobonds;USD million / percent;1990;1408,747212;4,921080659;68,5456947;95,5599849;150,2522904;Annual;01/01/80
ZWE;Zimbabwe;Eurobonds;USD million / percent;1991;1422,293442;5,434423225;76,74632002;126,6690602;100,7144955;Annual;01/01/80
ZWE;Zimbabwe;Eurobonds;USD million / percent;1992;1414,666688;5,90986649;86,1640497;130,6453972;143,7071707;Annual;01/01/80
ZWE;Zimbabwe;Eurobonds;USD million / percent;1993;1471,743991;5,480096484;79,89521355;110,6813943;136,8111274;Annual;01/01/80
ZWE;Zimbabwe;Eurobonds;USD million / percent;1994;1501,334473;5,542742454;82,99141782;67,98574807;119,4554767;Annual;01/01/80
ZWE;Zimbabwe;Eurobonds;USD million / percent;1995;1525,089275;4,726594992;72,23970682;88,77391468;153,1293824;Annual;01/01/80
ZWE;Zimbabwe;Eurobonds;USD million / percent;1996;1541,948689;5,362047621;81,13985009;114,1609904;141,6831461;Annual;01/01/80
ZWE;Zimbabwe;Eurobonds;USD million / percent;1997;1384,932823;5,651183235;84,81037629;107,6778134;153,5541469;Annual;01/01/80
ZWE;Zimbabwe;Eurobonds;USD million / percent;1998;1440,543032;5,625839405;80,53071163;91,5555978;177,7538523;Annual;01/01/80
ZWE;Zimbabwe;Eurobonds;USD million / percent;1999;1438,557725;5,754067443;84,80951224;116,2747499;176,3307209;Annual;01/01/80
ZWE;Zimbabwe;Eurobonds;USD million / percent;2000;1361,625545;5,250716849;73,82312247;113,0803268;149,0947053;Annual;01/01/80
ZWE;Zimbabwe;Eurobonds;USD million / percent;2001;1225,726436;5,212022365;67,24053803;118,0492697;143,4365903;Annual;01/01/80
ZWE;Zimbabwe;Eurobonds;USD million / percent;2002;1139,360831;5,762599691;69,37169748;77,80148022;163,0640906;Annual;01/01/80
ZWE;Zimbabwe;Eurobonds;USD million / percent;2003;1164,484971;5,735720216;66,51239655;85,19946543;193,3180897;Annual;01/01/80
ZWE;Zimbabwe;Eurobonds;USD million / percent;2004;1235,724347;5,272288512;63,57066985;84,53042691;154,2112437;Annual;01/01/80
ZWE;Zimbabwe;Eurobonds;USD million / percent;2005;1297,744913;5,627921347;72,1395809;93,80367985;120,9126839;Annual;01/01/80
ZWE;Zimbabwe;Eurobonds;USD million / percent;2006;1255,267557;5,796310679;72,98056837;105,4231851;137,0941809;Annual;01/01/80
ZWE;Zimbabwe;Eurobonds;USD million / percent;2007;1207,47115;5,307259877;65,8782275;113,8325972;157,6945596;Annual;01/01/80
ZWE;Zimbabwe;Eurobonds;USD million / percent;2008;1289,995187;5,489201137;70,32960863;89,03931175;136,7027707;Annual;01/01/80
ZWE;Zimbabwe;Eurobonds;USD million / percent;2009;1325,390202;6,729349359;85,87287265;108,0430836;96,36842464;Annual;01/01/80
ZWE;Zimbabwe;Eurobonds;USD million / percent;2010;1387,844555;5,833839186;81,978704;73,13426753;146,6907206;Annual;01/01/80
ZWE;Zimbabwe;Eurobonds;USD million / percent;2011;1316,388015;6,259963257;83,92964905;84,60028021;156,0001607;Annual;01/01/80
ZWE;Zimbabwe;Eurobonds;USD million / percent;2012;1386,798777;5,771645786;78,55825801;80,82308673;124,7303355;Annual;01/01/80
ZWE;Zimbabwe;Eurobonds;USD million / percent;2013;1337,227122;5,326266295;73,07893714;79,31430131;134,1964411;Annual;01/01/80
ZWE;Zimbabwe;Eurobonds;USD million / percent;2014;1395,05106;5,699342462;78,06247154;107,6374896;95,33251602;Annual;01/01/80
ZWE;Zimbabwe;Eurobonds;USD million / percent;2015;1618,510952;5,616239005;85,58395269;100,3652476;143,0720493;Annual;01/01/80
ZWE;Zimbabwe;Eurobonds;USD million / percent;2016;1674,279573;5,208391542;83,93129696;107,9653335;170,8594212;Annual;01/01/80
ZWE;Zimbabwe;Eurobonds;USD million / percent;2017;1555,12555;5,27876402;85,1343583;72,72314032;187,4639524;Annual;01/01/80
ZWE;Zimbabwe;Eurobonds;USD million / percent;2018;1517,585948;6,124646689;95,31830852;112,5935294;109,7782734;Annual;01/01/80
ZWE;Zimbabwe;Eurobonds;USD million / percent;2019;1812,007473;5,299632062;90,18565487;107,633436;182,0663077;Annual;01/01/80
ZWE;Zimbabwe;Eurobonds;USD million / percent;2020;1839,815992;5,528483015;98,77911908;78,92915235;154,8340366;Annual;01/01/80
ZWE;Zimbabwe;Eurobonds;USD million / percent;2021;1879,604671;5,542153349;101,3044918;88,47924049;124,5075061;Annual;01/01/80
ZWE;Zimbabwe;Eurobonds;USD million / percent;2022;1884,864145;5,970325617;112,957394;102,9131281;118,1374358;Annual;01/01/80
ZWE;Zimbabwe;Eurobonds;USD million / percent;2023;1914,834392;4,921294243;93,38462405;94,16846335;136,5378679;Annual;01/01/80
ZWE;Zimbabwe;Eurobonds;USD million / percent;2024;1990,299988;5,654859288;110,539325;89,55361412;134,8789319;Annual;01/01/80
ZWE;Zimbabwe;Eurobonds;USD million / percent;2025;2039,472871;5,602695996;112,952671;79,85489488;137,6307533;Annual;01/01/80
ZWE;Zimbabwe;Eurobonds;USD million / percent;2026;2071,512787;5,260891278;81,92388893;66,00290122;122,0836184;Annual;01/01/80
ZWE;Zimbabwe;Multilateral Loans;USD million / percent;1980;860,133472;5,347826761;47,60160183;62,93707047;106,5704541;Annual;01/01/80
ZWE;Zimbabwe;Multilateral Loans;USD million / percent;1981;785,7496881;4,898141771;39,3731285;132,2933065;143,0060236;Annual;01/01/80
ZWE;Zimbabwe;Multilateral Loans;USD million / percent;1982;752,2877924;5,433642107;42,95863447;66,08388182;170,1455817;Annual;01/01/80
ZWE;Zimbabwe;Multilateral Loans;USD million / percent;1983;799,9492943;5,971082708;44,85894813;90,86608727;134,2802993;Annual;01/01/80
ZWE;Zimbabwe;Multilateral Loans;USD million / percent;1984;720,0430042;5,563218692;41,58212156;117,9951554;128,2588604;Annual;01/01/80
ZWE;Zimbabwe;Multilateral Loans;USD million / percent;1985;755,4708751;4,931228514;35,90750158;60,57595692;129,0412623;Annual;01/01/80
ZWE;Zimbabwe;Multilateral Loans;USD million / percent;1986;739,8321061;5,75622238;41,19980004;95,22173392;138,5527181;Annual;01/01/80
ZWE;Zimbabwe;Multilateral Loans;USD million / percent;1987;810,0540916;6,203806226;49,51116282;96,69386562;165,6690573;Annual;01/01/80
ZWE;Zimbabwe;Multilateral Loans;USD million / percent;1988;895,3289704;5,695739748;49,44355223;91,53045894;165,6705279;Annual;01/01/80
ZWE;Zimbabwe;Multilateral Loans;USD million / percent;1989;756,7309029;5,598141136;46,09148636;96,55735455;109,4168099;Annual;01/01/80
ZWE;Zimbabwe;Multilateral Loans;USD million / percent;1990;732,4743444;5,707485607;41,90260253;108,5593765;118,7215691;Annual;01/01/80
ZWE;Zimbabwe;Multilateral Loans;USD million / percent;1991;684,2528914;5,459566512;39,66494122;90,88783389;138,0656086;Annual;01/01/80
ZWE;Zimbabwe;Multilateral Loans;USD million / percent;1992;652,1286856;5,482191612;35,27097548;70,64701131;165,0107882;Annual;01/01/80
ZWE;Zimbabwe;Multilateral Loans;USD million / percent;1993;632,7473736;5,032341189;32,08344722;79,01808776;180,4314888;Annual;01/01/80
ZWE;Zimbabwe;Multilateral Loans;USD million / percent;1994;651,4057166;5,864223075;37,50141494;90,69444428;165,1960192;Annual;01/01/80
ZWE;Zimbabwe;Multilateral Loans;USD million / percent;1995;585,8893281;5,695095567;34,7046167;92,35793965;123,5176217;Annual;01/01/80
ZWE;Zimbabwe;Multilateral Loans;USD million / percent;1996;487,5424525;5,466957618;27,39357203;115,7049992;129,3242973;Annual;01/01/80
ZWE;Zimbabwe;Multilateral Loans;USD million / percent;1997;451,4718641;6,037131332;27,61481678;69,26002202;132,87282;Annual;01/01/80
ZWE;Zimbabwe;Multilateral Loans;USD million / percent;1998;314,7591877;5,273840943;19,37103007;97,57084714;145,084894;Annual;01/01/80
ZWE;Zimbabwe;Multilateral Loans;USD million / percent;1999;394,5986682;5,53667758;19,86059867;106,1738708;159,5155068;Annual;01/01/80
ZWE;Zimbabwe;Multilateral Loans;USD million / percent;2000;385,5492298;5,091903025;20,7004419;70,16029154;117,7522827;Annual;01/01/80
ZWE;Zimbabwe;Multilateral Loans;USD million / percent;2001;331,415241;5,665676041;20,30409878;102,6271916;106,0593528;Annual;01/01/80
ZWE;Zimbabwe;Multilateral Loans;USD million / percent;2002;198,9661018;5,412588677;14,67122964;97,9793938;139,692678;Annual;01/01/80
ZWE;Zimbabwe;Multilateral Loans;USD million / percent;2003;180,3739776;5,205065423;8,642896267;92,66026571;128,5168152;Annual;01/01/80
ZWE;Zimbabwe;Multilateral Loans;USD million / percent;2004;221,607634;5,260577615;11,1142669;97,02755563;170,2769685;Annual;01/01/80
ZWE;Zimbabwe;Multilateral Loans;USD million / percent;2005;371,6849074;5,170782588;16,14535675;99,42778996;149,5023577;Annual;01/01/80
ZWE;Zimbabwe;Multilateral Loans;USD million / percent;2006;430,3836262;5,703095516;22,66441273;78,81814989;153,8475016;Annual;01/01/80
ZWE;Zimbabwe;Multilateral Loans;USD million / percent;2007;434,7952207;5,526078871;22,09606992;98,62552821;118,987269;Annual;01/01/80
ZWE;Zimbabwe;Multilateral Loans;USD million / percent;2008;606,7642141;5,160960637;29,58080059;98,18287987;206,5372507;Annual;01/01/80
ZWE;Zimbabwe;Multilateral Loans;USD million / percent;2009;558,5502241;5,685160474;32,20035783;54,40194363;104,5357777;Annual;01/01/80
ZWE;Zimbabwe;Multilateral Loans;USD million / percent;2010;684,3351287;5,156008221;31,31140493;126,0786139;126,1279094;Annual;01/01/80
ZWE;Zimbabwe;Multilateral Loans;USD million / percent;2011;683,6132464;6,353431899;41,54240214;68,54696036;130,4828176;Annual;01/01/80
ZWE;Zimbabwe;Multilateral Loans;USD million / percent;2012;790,8496401;5,473293759;40,73434937;101,9190429;182,5577725;Annual;01/01/80
ZWE;Zimbabwe;Multilateral Loans;USD million / percent;2013;744,5775771;5,455986327;43,48554549;82,41704278;146,49861;Annual;01/01/80
ZWE;Zimbabwe;Multilateral Loans;USD million / percent;2014;645,8570376;6,047571342;42,10149718;98,30980646;144,7025259;Annual;01/01/80
ZWE;Zimbabwe;Multilateral Loans;USD million / percent;2015;641,5659667;5,392247116;35,79162877;98,01210565;121,7642709;Annual;01/01/80
ZWE;Zimbabwe;Multilateral Loans;USD million / percent;2016;683,1628878;5,729557379;37,6437435;119,2489968;110,169243;Annual;01/01/80
ZWE;Zimbabwe;Multilateral Loans;USD million / percent;2017;812,0321574;5,852388558;45,29179102;85,53848238;150,6101458;Annual;01/01/80
ZWE;Zimbabwe;Multilateral Loans;USD million / percent;2018;864,9709015;5,236494837;42,67664223;135,8646732;185,3530335;Annual;01/01/80
ZWE;Zimbabwe;Multilateral Loans;USD million / percent;2019;818,1506767;5,727034453;49,14277019;118,7099238;159,1921239;Annual;01/01/80
ZWE;Zimbabwe;Multilateral Loans;USD million / percent;2020;756,4345959;4,935948957;39,65870191;118,4495464;143,8344587;Annual;01/01/80
ZWE;Zimbabwe;Multilateral Loans;USD million / percent;2021;677,856295;6,253472189;44,93912526;83,7582967;122,507829;Annual;01/01/80
ZWE;Zimbabwe;Multilateral Loans;USD million / percent;2022;709,3200744;5,163223063;34,47755784;93,80861984;162,2204097;Annual;01/01/80
ZWE;Zimbabwe;Multilateral Loans;USD million / percent;2023;678,9741559;4,928117848;33,17208518;85,02549596;168,3925973;Annual;01/01/80
ZWE;Zimbabwe;Multilateral Loans;USD million / percent;2024;709,410331;5,449364405;37,88508643;107,6819031;91,95676529;Annual;01/01/80
ZWE;Zimbabwe;Multilateral Loans;USD million / percent;2025;767,6338145;5,621874678;39,92942738;108,0480742;152,1040163;Annual;01/01/80
ZWE;Zimbabwe;Multilateral Loans;USD million / percent;2026;854,2331767;4,469327602;27,43962737;82,89198321;129,8175798;Annual;01/01/80
ZWE;Zimbabwe;Other External Debt;USD million / percent;1980;761,2205974;4,892338051;38,98018105;92,49051283;195,5442275;Annual;01/01/80
ZWE;Zimbabwe;Other External Debt;USD million / percent;1981;905,6547492;5,335878699;45,23861005;74,6311733;159,2506415;Annual;01/01/80
ZWE;Zimbabwe;Other External Debt;USD million / percent;1982;948,039343;5,37216439;50,77573493;90,5138329;156,8045131;Annual;01/01/80
ZWE;Zimbabwe;Other External Debt;USD million / percent;1983;965,890937;4,774594459;44,72284154;114,9450735;97,00723471;Annual;01/01/80
ZWE;Zimbabwe;Other External Debt;USD million / percent;1984;1033,773658;5,769052949;56,81220222;90,52030138;129,7056188;Annual;01/01/80
ZWE;Zimbabwe;Other External Debt;USD million / percent;1985;1094,235975;5,037655921;52,78854153;89,75683305;126,6620675;Annual;01/01/80
ZWE;Zimbabwe;Other External Debt;USD million / percent;1986;1073,665526;5,869743947;62,89902339;80,22803184;168,6735118;Annual;01/01/80
ZWE;Zimbabwe;Other External Debt;USD million / percent;1987;1035,828738;6,100312073;64,29223475;67,16586868;113,7464169;Annual;01/01/80
ZWE;Zimbabwe;Other External Debt;USD million / percent;1988;1027,935714;5,43789585;55,33564643;99,13955007;123,7404205;Annual;01/01/80
ZWE;Zimbabwe;Other External Debt;USD million / percent;1989;1037,490864;4,943138476;51,10712372;73,49328229;130,6486215;Annual;01/01/80
ZWE;Zimbabwe;Other External Debt;USD million / percent;1990;1086,633958;5,456538337;58,6069046;120,9908671;173,106994;Annual;01/01/80
ZWE;Zimbabwe;Other External Debt;USD million / percent;1991;1078,519283;5,235678894;55,38991957;92,71883661;154,6768566;Annual;01/01/80
ZWE;Zimbabwe;Other External Debt;USD million / percent;1992;1142,458669;5,388186729;59,91594505;93,69416626;141,3292321;Annual;01/01/80
ZWE;Zimbabwe;Other External Debt;USD million / percent;1993;1105,764102;5,423045082;59,79692806;51,29341294;117,9238162;Annual;01/01/80
ZWE;Zimbabwe;Other External Debt;USD million / percent;1994;1236,678174;5,854169083;68,58492078;98,89300934;124,8119463;Annual;01/01/80
ZWE;Zimbabwe;Other External Debt;USD million / percent;1995;1204,701216;5,458398036;66,21773883;101,8825698;161,0302526;Annual;01/01/80
ZWE;Zimbabwe;Other External Debt;USD million / percent;1996;1246,848027;5,044207477;62,1778209;126,2832021;142,3299605;Annual;01/01/80
ZWE;Zimbabwe;Other External Debt;USD million / percent;1997;1282,873164;5,211796145;65,79336045;93,08860236;179,366644;Annual;01/01/80
ZWE;Zimbabwe;Other External Debt;USD million / percent;1998;1201,432892;5,671374537;70,38767643;80,79741474;118,4030325;Annual;01/01/80
ZWE;Zimbabwe;Other External Debt;USD million / percent;1999;1206,412257;5,588110096;69,52566313;100,3258189;140,4276725;Annual;01/01/80
ZWE;Zimbabwe;Other External Debt;USD million / percent;2000;1304,089276;6,045419827;75,35111188;108,4043738;119,2889779;Annual;01/01/80
ZWE;Zimbabwe;Other External Debt;USD million / percent;2001;1332,835664;4,549924925;59,64002149;111,2546586;144,0362734;Annual;01/01/80
ZWE;Zimbabwe;Other External Debt;USD million / percent;2002;1404,384397;5,437514441;74,0881036;125,2147849;178,7980408;Annual;01/01/80
ZWE;Zimbabwe;Other External Debt;USD million / percent;2003;1522,150304;5,736332228;82,46279756;79,74485741;169,4970825;Annual;01/01/80
ZWE;Zimbabwe;Other External Debt;USD million / percent;2004;1473,455876;6,345599915;95,27514719;125,969944;130,2895062;Annual;01/01/80
ZWE;Zimbabwe;Other External Debt;USD million / percent;2005;1483,300515;5,8053335;85,15683433;89,36401312;155,8908359;Annual;01/01/80
ZWE;Zimbabwe;Other External Debt;USD million / percent;2006;1553,728223;5,484599915;83,95264769;100,0944072;163,5716758;Annual;01/01/80
ZWE;Zimbabwe;Other External Debt;USD million / percent;2007;1698,625315;5,369833067;88,84610136;125,2374151;126,737474;Annual;01/01/80
ZWE;Zimbabwe;Other External Debt;USD million / percent;2008;1661,281954;5,346263023;89,05349365;102,6395421;139,2114196;Annual;01/01/80
ZWE;Zimbabwe;Other External Debt;USD million / percent;2009;1591,265831;5,533510442;91,93408877;86,68252737;140,3782226;Annual;01/01/80
ZWE;Zimbabwe;Other External Debt;USD million / percent;2010;1698,772531;5,909499286;95,91332012;96,60756004;171,2829254;Annual;01/01/80
ZWE;Zimbabwe;Other External Debt;USD million / percent;2011;1677,441127;5,764313653;96,83872864;72,57963321;159,8855794;Annual;01/01/80
ZWE;Zimbabwe;Other External Debt;USD million / percent;2012;1628,477674;5,498125187;89,36055916;70,28333493;179,1420249;Annual;01/01/80
ZWE;Zimbabwe;Other External Debt;USD million / percent;2013;1494,214608;5,444084981;83,73299858;74,0366372;138,819134;Annual;01/01/80
ZWE;Zimbabwe;Other External Debt;USD million / percent;2014;1569,942308;6,269746903;95,96538725;94,22623492;129,8871017;Annual;01/01/80
ZWE;Zimbabwe;Other External Debt;USD million / percent;2015;1637,801874;5,752578403;91,1994056;87,35974118;149,1645273;Annual;01/01/80
ZWE;Zimbabwe;Other External Debt;USD million / percent;2016;1588,892355;5,233385404;85,04233297;85,23190862;129,4424865;Annual;01/01/80
ZWE;Zimbabwe;Other External Debt;USD million / percent;2017;1618,532728;5,199517048;83,40146708;94,3113146;129,5282228;Annual;01/01/80
ZWE;Zimbabwe;Other External Debt;USD million / percent;2018;1654,27571;6,132427654;98,63165324;136,1647641;162,7334232;Annual;01/01/80
ZWE;Zimbabwe;Other External Debt;USD million / percent;2019;1654,94919;5,991880084;98,61720265;104,8591351;148,0349719;Annual;01/01/80
ZWE;Zimbabwe;Other External Debt;USD million / percent;2020;1785,927864;5,431678834;94,00030145;93,98608933;153,3631962;Annual;01/01/80
ZWE;Zimbabwe;Other External Debt;USD million / percent;2021;1823,418347;5,313453668;95,90003472;88,69951595;183,4639815;Annual;01/01/80
ZWE;Zimbabwe;Other External Debt;USD million / percent;2022;1819,973622;5,114928109;92,54929881;80,13400958;148,3954036;Annual;01/01/80
ZWE;Zimbabwe;Other External Debt;USD million / percent;2023;1884,111896;5,468969544;101,9710358;101,5565664;166,9355869;Annual;01/01/80
ZWE;Zimbabwe;Other External Debt;USD million / percent;2024;1902,567594;5,998672312;111,2024722;86,83744295;135,3245943;Annual;01/01/80
ZWE;Zimbabwe;Other External Debt;USD million / percent;2025;1937,606753;5,460004766;104,619133;78,52638484;129,1502304;Annual;01/01/80
ZWE;Zimbabwe;Other External Debt;USD million / percent;2026;1856,310385;5,583699684;81,64130942;67,6267027;105,4131122;Annual;01/01/80
ZWE;Zimbabwe;Sovereign Loans;USD million / percent;1980;332,6628211;5,524673729;20,71979577;110,4186711;108,2224118;Annual;01/01/80
ZWE;Zimbabwe;Sovereign Loans;USD million / percent;1981;444,163733;5,76341154;23,9302533;89,1200077;118,223085;Annual;01/01/80
ZWE;Zimbabwe;Sovereign Loans;USD million / percent;1982;485,6980536;5,441829774;26,28628621;95,85836876;139,6783599;Annual;01/01/80
ZWE;Zimbabwe;Sovereign Loans;USD million / percent;1983;538,3850935;4,706425368;23,0684827;87,79015142;118,1484164;Annual;01/01/80
ZWE;Zimbabwe;Sovereign Loans;USD million / percent;1984;646,3840756;6,112804949;38,6506691;94,55428606;108,1088727;Annual;01/01/80
ZWE;Zimbabwe;Sovereign Loans;USD million / percent;1985;595,7220107;5,777989497;36,81367355;107,3856393;154,8796153;Annual;01/01/80
ZWE;Zimbabwe;Sovereign Loans;USD million / percent;1986;531,7106704;5,467785735;29,773699;96,16903885;190,2339319;Annual;01/01/80
ZWE;Zimbabwe;Sovereign Loans;USD million / percent;1987;589,58768;5,030564235;29,08412764;85,43520688;112,3977823;Annual;01/01/80
ZWE;Zimbabwe;Sovereign Loans;USD million / percent;1988;665,7175011;5,779027901;34,17864576;90,87066928;165,6258719;Annual;01/01/80
ZWE;Zimbabwe;Sovereign Loans;USD million / percent;1989;709,4542294;5,688019286;39,4584888;85,15910201;165,0635423;Annual;01/01/80
ZWE;Zimbabwe;Sovereign Loans;USD million / percent;1990;651,3014239;4,971728789;35,09147697;101,9462617;102,036165;Annual;01/01/80
ZWE;Zimbabwe;Sovereign Loans;USD million / percent;1991;668,8025955;5,792695217;39,02941376;88,28789036;109,3124598;Annual;01/01/80
ZWE;Zimbabwe;Sovereign Loans;USD million / percent;1992;688,5282572;4,940679207;32,41521737;92,97497777;119,6768331;Annual;01/01/80
ZWE;Zimbabwe;Sovereign Loans;USD million / percent;1993;796,4152204;5,83966941;42,92066503;98,49032337;167,3155426;Annual;01/01/80
ZWE;Zimbabwe;Sovereign Loans;USD million / percent;1994;873,8140849;5,31807611;43,36908947;97,46837989;147,4666463;Annual;01/01/80
ZWE;Zimbabwe;Sovereign Loans;USD million / percent;1995;877,8493928;5,824905794;52,40021012;75,37462746;118,2701866;Annual;01/01/80
ZWE;Zimbabwe;Sovereign Loans;USD million / percent;1996;893,9983998;6,121025475;54,12237912;79,52976517;190,7659234;Annual;01/01/80
ZWE;Zimbabwe;Sovereign Loans;USD million / percent;1997;980,5851734;4,987091852;46,05726208;108,579437;166,5108092;Annual;01/01/80
ZWE;Zimbabwe;Sovereign Loans;USD million / percent;1998;917,2461115;5,666952341;54,30806059;101,9596388;142,4926917;Annual;01/01/80
ZWE;Zimbabwe;Sovereign Loans;USD million / percent;1999;929,4501936;5,853554745;53,62024006;83,75209137;144,0205264;Annual;01/01/80
ZWE;Zimbabwe;Sovereign Loans;USD million / percent;2000;924,8755676;5,234604385;50,73684436;100,9485176;150,9782381;Annual;01/01/80
ZWE;Zimbabwe;Sovereign Loans;USD million / percent;2001;942,3912368;5,352753858;50,43608021;124,50751;179,0709337;Annual;01/01/80
ZWE;Zimbabwe;Sovereign Loans;USD million / percent;2002;892,2250518;5,359585925;47,7007855;102,0548133;161,1271927;Annual;01/01/80
ZWE;Zimbabwe;Sovereign Loans;USD million / percent;2003;1035,090157;5,628066274;56,18768644;107,3951982;147,6021372;Annual;01/01/80
ZWE;Zimbabwe;Sovereign Loans;USD million / percent;2004;1056,846129;4,984446822;53,48993486;114,1718017;138,4449742;Annual;01/01/80
ZWE;Zimbabwe;Sovereign Loans;USD million / percent;2005;1206,125521;5,331837927;60,72157832;76,42006715;136,1240319;Annual;01/01/80
ZWE;Zimbabwe;Sovereign Loans;USD million / percent;2006;1234,46875;5,323950562;65,14788112;75,04305173;142,4902087;Annual;01/01/80
ZWE;Zimbabwe;Sovereign Loans;USD million / percent;2007;1313,022753;5,597283035;72,48478741;103,4910369;114,0571396;Annual;01/01/80
ZWE;Zimbabwe;Sovereign Loans;USD million / percent;2008;1408,511425;5,033467363;70,1081204;99,56076594;144,959395;Annual;01/01/80
ZWE;Zimbabwe;Sovereign Loans;USD million / percent;2009;1402,049881;5,468827896;75,6200053;45,60954121;128,0374058;Annual;01/01/80
ZWE;Zimbabwe;Sovereign Loans;USD million / percent;2010;1413,709961;5,428954712;76,40710218;100,1256504;175,080885;Annual;01/01/80
ZWE;Zimbabwe;Sovereign Loans;USD million / percent;2011;1260,444782;5,851731474;79,96244749;78,82332864;133,1878863;Annual;01/01/80
ZWE;Zimbabwe;Sovereign Loans;USD million / percent;2012;1319,870465;5,894372241;74,63395147;122,6477226;190,0253878;Annual;01/01/80
ZWE;Zimbabwe;Sovereign Loans;USD million / percent;2013;1177,170357;5,158111722;62,75245424;102,4469117;131,4700209;Annual;01/01/80
ZWE;Zimbabwe;Sovereign Loans;USD million / percent;2014;1154,035365;5,23174335;61,67431835;126,818008;123,582439;Annual;01/01/80
ZWE;Zimbabwe;Sovereign Loans;USD million / percent;2015;1110,419222;4,910743993;57,00220512;96,27483299;163,5627287;Annual;01/01/80
ZWE;Zimbabwe;Sovereign Loans;USD million / percent;2016;1072,703232;5,564556269;62,07284615;87,2173644;128,9160802;Annual;01/01/80
ZWE;Zimbabwe;Sovereign Loans;USD million / percent;2017;1185,789756;5,146854555;58,03000594;88,92854045;148,9848998;Annual;01/01/80
ZWE;Zimbabwe;Sovereign Loans;USD million / percent;2018;1278,878298;5,227828935;63,63857408;102,8708396;138,3076113;Annual;01/01/80
ZWE;Zimbabwe;Sovereign Loans;USD million / percent;2019;1368,7867;5,924221577;79,18782294;99,47523005;159,1064749;Annual;01/01/80
ZWE;Zimbabwe;Sovereign Loans;USD million / percent;2020;1346,801327;5,750040498;77,44234546;87,93647187;153,6134373;Annual;01/01/80
ZWE;Zimbabwe;Sovereign Loans;USD million / percent;2021;1282,906706;5,023419111;65,2414288;128,7146956;171,4642365;Annual;01/01/80
ZWE;Zimbabwe;Sovereign Loans;USD million / percent;2022;1173,485189;5,360620277;64,76184732;96,05084119;188,7971928;Annual;01/01/80
ZWE;Zimbabwe;Sovereign Loans;USD million / percent;2023;1105,864558;5,181970312;59,85933013;70,34459545;163,8499346;Annual;01/01/80
ZWE;Zimbabwe;Sovereign Loans;USD million / percent;2024;1070,183415;5,34618413;56,9461951;110,5962564;199,4232538;Annual;01/01/80
ZWE;Zimbabwe;Sovereign Loans;USD million / percent;2025;1047,279457;5,003105734;52,48014911;74,79188807;113,8039241;Annual;01/01/80
ZWE;Zimbabwe;Sovereign Loans;USD million / percent;2026;1060,351147;6,073756455;50,00476704;68,50131009;91,14256289;Annual;01/01/80