sector;iso3;country;unit;period;inflows;outflows;reinvested_earnings;net_fdi;frequency;date
Agriculture;ZWE;Zimbabwe;USD million;1980;52,39966337;14,43554348;9,790728021;47,7548479;Annual;01/01/80
Agriculture;ZWE;Zimbabwe;USD million;1981;66,1764885;14,54437858;13,25853443;64,89064435;Annual;01/01/80
Agriculture;ZWE;Zimbabwe;USD million;1982;53,5905878;13,59505456;12,77362293;52,76915617;Annual;01/01/80
Agriculture;ZWE;Zimbabwe;USD million;1983;55,05366986;12,88154134;10,91451654;53,08664506;Annual;01/01/80
Agriculture;ZWE;Zimbabwe;USD million;1984;73,18782102;18,02666673;15,40271018;70,56386447;Annual;01/01/80
Agriculture;ZWE;Zimbabwe;USD million;1985;75,09110277;17,71017621;13,3896781;70,77060466;Annual;01/01/80
Agriculture;ZWE;Zimbabwe;USD million;1986;59,72678748;9,744613517;11,6573391;61,63951306;Annual;01/01/80
Agriculture;ZWE;Zimbabwe;USD million;1987;73,07796172;14,53256247;13,92871145;72,47411069;Annual;01/01/80
Agriculture;ZWE;Zimbabwe;USD million;1988;71,13900152;15,54573037;12,42870453;68,02197568;Annual;01/01/80
Agriculture;ZWE;Zimbabwe;USD million;1989;61,14700054;15,80600601;12,89196246;58,23295699;Annual;01/01/80
Agriculture;ZWE;Zimbabwe;USD million;1990;72,3970965;22,04335627;13,91482529;64,26856552;Annual;01/01/80
Agriculture;ZWE;Zimbabwe;USD million;1991;69,51822291;13,247256;15,48635901;71,75732591;Annual;01/01/80
Agriculture;ZWE;Zimbabwe;USD million;1992;63,58450873;12,67866944;13,70904791;64,6148872;Annual;01/01/80
Agriculture;ZWE;Zimbabwe;USD million;1993;73,17306808;15,25370078;13,7432446;71,6626119;Annual;01/01/80
Agriculture;ZWE;Zimbabwe;USD million;1994;75,43680818;14,38774235;17,81972767;78,8687935;Annual;01/01/80
Agriculture;ZWE;Zimbabwe;USD million;1995;53,83242988;12,13056076;10,41111722;52,11298634;Annual;01/01/80
Agriculture;ZWE;Zimbabwe;USD million;1996;80,44425222;16,60168342;13,97082141;77,81339021;Annual;01/01/80
Agriculture;ZWE;Zimbabwe;USD million;1997;48,8834819;8,588100748;10,95823476;51,25361591;Annual;01/01/80
Agriculture;ZWE;Zimbabwe;USD million;1998;56,00641614;12,4886672;12,00389478;55,52164372;Annual;01/01/80
Agriculture;ZWE;Zimbabwe;USD million;1999;65,18699314;16,37597278;12,01716877;60,82818913;Annual;01/01/80
Agriculture;ZWE;Zimbabwe;USD million;2000;69,58022214;20,01505241;18,16435035;67,72952008;Annual;01/01/80
Agriculture;ZWE;Zimbabwe;USD million;2001;57,74206562;16,02000417;10,27286539;51,99492683;Annual;01/01/80
Agriculture;ZWE;Zimbabwe;USD million;2002;62,64449531;18,1134702;11,1930309;55,724056;Annual;01/01/80
Agriculture;ZWE;Zimbabwe;USD million;2003;61,87674277;13,96907189;14,49897641;62,40664729;Annual;01/01/80
Agriculture;ZWE;Zimbabwe;USD million;2004;67,62466675;13,01864053;13,29312694;67,89915317;Annual;01/01/80
Agriculture;ZWE;Zimbabwe;USD million;2005;54,46273606;12,41144252;11,50037709;53,55167063;Annual;01/01/80
Agriculture;ZWE;Zimbabwe;USD million;2006;55,21850999;13,62545223;12,23404613;53,82710389;Annual;01/01/80
Agriculture;ZWE;Zimbabwe;USD million;2007;71,31508222;13,62865951;13,26449454;70,95091725;Annual;01/01/80
Agriculture;ZWE;Zimbabwe;USD million;2008;66,54511913;12,82018507;11,99708748;65,72202154;Annual;01/01/80
Agriculture;ZWE;Zimbabwe;USD million;2009;65,87273986;13,37150302;11,40761875;63,90885559;Annual;01/01/80
Agriculture;ZWE;Zimbabwe;USD million;2010;73,5229327;14,65187815;16,02082144;74,89187599;Annual;01/01/80
Agriculture;ZWE;Zimbabwe;USD million;2011;41,54873571;7,978933347;7,921724215;41,49152657;Annual;01/01/80
Agriculture;ZWE;Zimbabwe;USD million;2012;53,14099955;12,18621421;12,6995665;53,65435183;Annual;01/01/80
Agriculture;ZWE;Zimbabwe;USD million;2013;57,58104797;9,719024717;12,36623447;60,22825772;Annual;01/01/80
Agriculture;ZWE;Zimbabwe;USD million;2014;70,19473336;19,04223328;12,07763305;63,23013312;Annual;01/01/80
Agriculture;ZWE;Zimbabwe;USD million;2015;65,96257794;14,85435005;11,49419691;62,6024248;Annual;01/01/80
Agriculture;ZWE;Zimbabwe;USD million;2016;61,06522778;12,02216717;12,54402907;61,58708968;Annual;01/01/80
Agriculture;ZWE;Zimbabwe;USD million;2017;53,74440701;12,68834223;11,18581295;52,24187773;Annual;01/01/80
Agriculture;ZWE;Zimbabwe;USD million;2018;65,42388017;14,49197364;13,96089003;64,89279656;Annual;01/01/80
Agriculture;ZWE;Zimbabwe;USD million;2019;61,66587759;12,77984241;10,86347795;59,74951314;Annual;01/01/80
Agriculture;ZWE;Zimbabwe;USD million;2020;63,44979019;13,08807562;13,90399119;64,26570577;Annual;01/01/80
Agriculture;ZWE;Zimbabwe;USD million;2021;43,69790313;11,33161638;8,657737061;41,02402382;Annual;01/01/80
Agriculture;ZWE;Zimbabwe;USD million;2022;72,57661144;19,30773037;10,44745762;63,7163387;Annual;01/01/80
Agriculture;ZWE;Zimbabwe;USD million;2023;58,9632923;12,56768623;10,90666456;57,30227063;Annual;01/01/80
Agriculture;ZWE;Zimbabwe;USD million;2024;63,20175856;11,41612243;10,69449923;62,48013535;Annual;01/01/80
Agriculture;ZWE;Zimbabwe;USD million;2025;70,8778614;17,15516105;14,56788622;68,29058656;Annual;01/01/80
Agriculture;ZWE;Zimbabwe;USD million;2026;37,29583479;8,551612668;7,041174615;35,78539674;Annual;01/01/80
Energy;ZWE;Zimbabwe;USD million;1980;59,92374363;15,78307887;9,559692448;53,70035721;Annual;01/01/80
Energy;ZWE;Zimbabwe;USD million;1981;60,84262983;12,95368415;8,854336462;56,74328214;Annual;01/01/80
Energy;ZWE;Zimbabwe;USD million;1982;84,56151586;16,79997916;11,73747292;79,49900962;Annual;01/01/80
Energy;ZWE;Zimbabwe;USD million;1983;63,54259264;16,91569733;11,74499711;58,37189242;Annual;01/01/80
Energy;ZWE;Zimbabwe;USD million;1984;57,06390183;11,31923413;10,67694364;56,42161134;Annual;01/01/80
Energy;ZWE;Zimbabwe;USD million;1985;67,88815008;16,70215993;15,255054;66,44104415;Annual;01/01/80
Energy;ZWE;Zimbabwe;USD million;1986;56,89021735;14,64275485;11,82425968;54,07172218;Annual;01/01/80
Energy;ZWE;Zimbabwe;USD million;1987;73,36918837;20,4539508;13,58287954;66,4981171;Annual;01/01/80
Energy;ZWE;Zimbabwe;USD million;1988;54,41711062;12,77911473;11,19762852;52,8356244;Annual;01/01/80
Energy;ZWE;Zimbabwe;USD million;1989;72,71372556;17,72508023;14,44905397;69,4376993;Annual;01/01/80
Energy;ZWE;Zimbabwe;USD million;1990;50,43511992;12,24928467;8,838440512;47,02427576;Annual;01/01/80
Energy;ZWE;Zimbabwe;USD million;1991;84,6715054;21,08384255;14,40626616;77,99392901;Annual;01/01/80
Energy;ZWE;Zimbabwe;USD million;1992;66,15576605;15,48425031;13,58229625;64,25381199;Annual;01/01/80
Energy;ZWE;Zimbabwe;USD million;1993;60,11514432;12,47994392;10,57112132;58,20632173;Annual;01/01/80
Energy;ZWE;Zimbabwe;USD million;1994;52,31155286;11,25014644;11,6295929;52,69099932;Annual;01/01/80
Energy;ZWE;Zimbabwe;USD million;1995;46,9772934;9,789952417;9,746098762;46,93343974;Annual;01/01/80
Energy;ZWE;Zimbabwe;USD million;1996;53,92050516;12,11829482;12,06527456;53,8674849;Annual;01/01/80
Energy;ZWE;Zimbabwe;USD million;1997;60,90214076;10,33126083;15,3015441;65,87242403;Annual;01/01/80
Energy;ZWE;Zimbabwe;USD million;1998;42,95767075;11,10217672;11,04189461;42,89738864;Annual;01/01/80
Energy;ZWE;Zimbabwe;USD million;1999;54,349243;9,171621548;8,829086145;54,0067076;Annual;01/01/80
Energy;ZWE;Zimbabwe;USD million;2000;62,51485061;15,38053863;10,57390912;57,7082211;Annual;01/01/80
Energy;ZWE;Zimbabwe;USD million;2001;61,90113941;13,7133155;13,80896284;61,99678676;Annual;01/01/80
Energy;ZWE;Zimbabwe;USD million;2002;69,57609096;19,85445207;13,34003894;63,06167784;Annual;01/01/80
Energy;ZWE;Zimbabwe;USD million;2003;76,7745079;15,24284413;13,36190218;74,89356595;Annual;01/01/80
Energy;ZWE;Zimbabwe;USD million;2004;51,98695544;13,68494492;10,22522551;48,52723603;Annual;01/01/80
Energy;ZWE;Zimbabwe;USD million;2005;63,87983137;16,28681204;10,95961785;58,55263718;Annual;01/01/80
Energy;ZWE;Zimbabwe;USD million;2006;64,1460854;17,74327197;12,79366636;59,19647979;Annual;01/01/80
Energy;ZWE;Zimbabwe;USD million;2007;63,70614122;16,34006984;13,78748663;61,15355801;Annual;01/01/80
Energy;ZWE;Zimbabwe;USD million;2008;56,98589808;13,33101397;11,46408644;55,11897055;Annual;01/01/80
Energy;ZWE;Zimbabwe;USD million;2009;50,02745146;9,505860401;10,50870891;51,03029996;Annual;01/01/80
Energy;ZWE;Zimbabwe;USD million;2010;66,66843678;19,39416282;14,51044996;61,78472392;Annual;01/01/80
Energy;ZWE;Zimbabwe;USD million;2011;62,75931576;12,82971104;11,58588716;61,51549188;Annual;01/01/80
Energy;ZWE;Zimbabwe;USD million;2012;73,01989834;12,37640503;13,87800142;74,52149473;Annual;01/01/80
Energy;ZWE;Zimbabwe;USD million;2013;67,46225063;18,23058637;13,55562578;62,78729003;Annual;01/01/80
Energy;ZWE;Zimbabwe;USD million;2014;79,97910989;19,24455939;15,16951545;75,90406595;Annual;01/01/80
Energy;ZWE;Zimbabwe;USD million;2015;68,91427205;15,77995144;13,2322071;66,36652771;Annual;01/01/80
Energy;ZWE;Zimbabwe;USD million;2016;69,71916188;13,12753974;15,8200186;72,41164073;Annual;01/01/80
Energy;ZWE;Zimbabwe;USD million;2017;77,49388518;18,62297831;14,44133168;73,31223856;Annual;01/01/80
Energy;ZWE;Zimbabwe;USD million;2018;69,36420969;13,2642678;14,95518006;71,05512196;Annual;01/01/80
Energy;ZWE;Zimbabwe;USD million;2019;61,97428578;14,04571378;11,87343771;59,80200971;Annual;01/01/80
Energy;ZWE;Zimbabwe;USD million;2020;59,55898529;12,26885789;13,57801663;60,86814403;Annual;01/01/80
Energy;ZWE;Zimbabwe;USD million;2021;61,01419568;11,94918562;12,3706991;61,43570916;Annual;01/01/80
Energy;ZWE;Zimbabwe;USD million;2022;76,7683049;17,70455636;15,68077352;74,74452206;Annual;01/01/80
Energy;ZWE;Zimbabwe;USD million;2023;73,04356041;14,83523924;14,56380724;72,77212841;Annual;01/01/80
Energy;ZWE;Zimbabwe;USD million;2024;52,8008885;11,11745241;11,37443182;53,05786792;Annual;01/01/80
Energy;ZWE;Zimbabwe;USD million;2025;67,35350465;13,97989381;14,26936409;67,64297493;Annual;01/01/80
Energy;ZWE;Zimbabwe;USD million;2026;57,08768296;14,23650731;10,78648843;53,63766409;Annual;01/01/80
Finance;ZWE;Zimbabwe;USD million;1980;66,48122745;11,09238602;13,94337464;69,33221607;Annual;01/01/80
Finance;ZWE;Zimbabwe;USD million;1981;55,89746373;14,75195247;10,960649;52,10616026;Annual;01/01/80
Finance;ZWE;Zimbabwe;USD million;1982;63,86918593;16,84427232;12,24503912;59,26995273;Annual;01/01/80
Finance;ZWE;Zimbabwe;USD million;1983;63,27715222;13,63427311;11,19176581;60,83464492;Annual;01/01/80
Finance;ZWE;Zimbabwe;USD million;1984;70,06863964;16,88997124;13,2043083;66,3829767;Annual;01/01/80
Finance;ZWE;Zimbabwe;USD million;1985;56,41091247;11,59469216;9,980766306;54,79698662;Annual;01/01/80
Finance;ZWE;Zimbabwe;USD million;1986;58,42490749;12,72289937;15,37019465;61,07220277;Annual;01/01/80
Finance;ZWE;Zimbabwe;USD million;1987;69,96388835;14,6226289;12,60541171;67,94667116;Annual;01/01/80
Finance;ZWE;Zimbabwe;USD million;1988;65,61887482;15,13455679;13,01540481;63,49972284;Annual;01/01/80
Finance;ZWE;Zimbabwe;USD million;1989;54,59031992;16,07763094;9,986910463;48,49959945;Annual;01/01/80
Finance;ZWE;Zimbabwe;USD million;1990;63,44140319;14,7175551;14,7969096;63,52075769;Annual;01/01/80
Finance;ZWE;Zimbabwe;USD million;1991;66,75461635;11,13805236;14,0489686;69,66553259;Annual;01/01/80
Finance;ZWE;Zimbabwe;USD million;1992;61,03220725;15,59783511;12,2163158;57,65068795;Annual;01/01/80
Finance;ZWE;Zimbabwe;USD million;1993;67,78546811;16,57445688;16,62456577;67,835577;Annual;01/01/80
Finance;ZWE;Zimbabwe;USD million;1994;53,83608374;12,8937423;13,91950018;54,86184162;Annual;01/01/80
Finance;ZWE;Zimbabwe;USD million;1995;65,75509151;14,37071477;12,0234368;63,40781354;Annual;01/01/80
Finance;ZWE;Zimbabwe;USD million;1996;59,32497884;9,830472773;11,92541526;61,41992133;Annual;01/01/80
Finance;ZWE;Zimbabwe;USD million;1997;63,05994449;18,18177465;16,62024165;61,49841149;Annual;01/01/80
Finance;ZWE;Zimbabwe;USD million;1998;48,25243068;9,616498619;8,244409849;46,88034191;Annual;01/01/80
Finance;ZWE;Zimbabwe;USD million;1999;57,96365842;10,56804499;9,216847988;56,61246142;Annual;01/01/80
Finance;ZWE;Zimbabwe;USD million;2000;46,04898774;6,933803511;7,703440647;46,81862488;Annual;01/01/80
Finance;ZWE;Zimbabwe;USD million;2001;66,34965916;19,16610528;10,86919553;58,05274941;Annual;01/01/80
Finance;ZWE;Zimbabwe;USD million;2002;62,49328038;14,7103687;15,49548974;63,27840142;Annual;01/01/80
Finance;ZWE;Zimbabwe;USD million;2003;77,15331474;16,73619569;15,89583799;76,31295704;Annual;01/01/80
Finance;ZWE;Zimbabwe;USD million;2004;61,41230148;12,58537044;12,81374471;61,64067575;Annual;01/01/80
Finance;ZWE;Zimbabwe;USD million;2005;80,57439629;19,46224776;14,23618427;75,3483328;Annual;01/01/80
Finance;ZWE;Zimbabwe;USD million;2006;50,44759498;10,34481826;9,439260053;49,54203677;Annual;01/01/80
Finance;ZWE;Zimbabwe;USD million;2007;69,61928827;18,56906191;11,33212821;62,38235457;Annual;01/01/80
Finance;ZWE;Zimbabwe;USD million;2008;46,49877237;10,98806335;8,742379655;44,25308867;Annual;01/01/80
Finance;ZWE;Zimbabwe;USD million;2009;80,68525658;20,42722793;13,83412782;74,09215647;Annual;01/01/80
Finance;ZWE;Zimbabwe;USD million;2010;73,83409379;15,27160464;14,04879757;72,61128672;Annual;01/01/80
Finance;ZWE;Zimbabwe;USD million;2011;70,7046812;16,48449609;17,25268575;71,47287086;Annual;01/01/80
Finance;ZWE;Zimbabwe;USD million;2012;66,70239519;11,4258867;13,59592861;68,8724371;Annual;01/01/80
Finance;ZWE;Zimbabwe;USD million;2013;51,89132699;12,98251918;8,810296973;47,71910478;Annual;01/01/80
Finance;ZWE;Zimbabwe;USD million;2014;60,59030393;16,98377357;11,99821122;55,60474157;Annual;01/01/80
Finance;ZWE;Zimbabwe;USD million;2015;60,97483385;14,2253109;10,58951206;57,33903501;Annual;01/01/80
Finance;ZWE;Zimbabwe;USD million;2016;66,39628075;14,14237181;14,47242182;66,72633075;Annual;01/01/80
Finance;ZWE;Zimbabwe;USD million;2017;70,61420498;16,93263551;11,92703534;65,60860481;Annual;01/01/80
Finance;ZWE;Zimbabwe;USD million;2018;52,20796818;12,85055039;10,37675327;49,73417105;Annual;01/01/80
Finance;ZWE;Zimbabwe;USD million;2019;61,11815307;12,85545439;8,376602433;56,63930112;Annual;01/01/80
Finance;ZWE;Zimbabwe;USD million;2020;49,16764632;10,31074745;9,93273194;48,78963081;Annual;01/01/80
Finance;ZWE;Zimbabwe;USD million;2021;72,99663395;17,30250001;16,40190894;72,09604289;Annual;01/01/80
Finance;ZWE;Zimbabwe;USD million;2022;56,49947038;13,5529913;10,41365526;53,36013433;Annual;01/01/80
Finance;ZWE;Zimbabwe;USD million;2023;51,71585271;7,051346975;11,58431735;56,24882309;Annual;01/01/80
Finance;ZWE;Zimbabwe;USD million;2024;77,08270293;16,00699334;18,01185001;79,0875596;Annual;01/01/80
Finance;ZWE;Zimbabwe;USD million;2025;64,43063332;12,33601534;13,60740318;65,70202116;Annual;01/01/80
Finance;ZWE;Zimbabwe;USD million;2026;49,53174557;6,953129555;8,992086632;51,57070264;Annual;01/01/80
ICT;ZWE;Zimbabwe;USD million;1980;59,59307445;14,06770358;11,36208847;56,88745934;Annual;01/01/80
ICT;ZWE;Zimbabwe;USD million;1981;56,83577305;11,14315754;8,466600757;54,15921627;Annual;01/01/80
ICT;ZWE;Zimbabwe;USD million;1982;50,91585145;9,177958063;10,42113578;52,15902917;Annual;01/01/80
ICT;ZWE;Zimbabwe;USD million;1983;58,33500891;12,42913877;10,17625126;56,08212139;Annual;01/01/80
ICT;ZWE;Zimbabwe;USD million;1984;54,75509997;13,09911446;8,496826963;50,15281248;Annual;01/01/80
ICT;ZWE;Zimbabwe;USD million;1985;63,15804545;15,33566525;11,7828521;59,60523231;Annual;01/01/80
ICT;ZWE;Zimbabwe;USD million;1986;71,85453321;17,80745915;12,21097298;66,25804704;Annual;01/01/80
ICT;ZWE;Zimbabwe;USD million;1987;52,66557163;11,29625678;8,838907796;50,20822264;Annual;01/01/80
ICT;ZWE;Zimbabwe;USD million;1988;57,4057772;12,39189994;10,37163952;55,38551679;Annual;01/01/80
ICT;ZWE;Zimbabwe;USD million;1989;52,03309385;12,31755067;10,6154516;50,33099478;Annual;01/01/80
ICT;ZWE;Zimbabwe;USD million;1990;58,164185;8,475438975;10,33624913;60,02499516;Annual;01/01/80
ICT;ZWE;Zimbabwe;USD million;1991;66,90875937;16,55803164;9,912236762;60,26296449;Annual;01/01/80
ICT;ZWE;Zimbabwe;USD million;1992;66,20399911;13,91704789;15,16887007;67,45582129;Annual;01/01/80
ICT;ZWE;Zimbabwe;USD million;1993;60,97823189;17,59156092;15,54272519;58,92939616;Annual;01/01/80
ICT;ZWE;Zimbabwe;USD million;1994;64,10542343;12,6270195;8,773346561;60,25175049;Annual;01/01/80
ICT;ZWE;Zimbabwe;USD million;1995;66,26119806;12,01825086;12,94508165;67,18802884;Annual;01/01/80
ICT;ZWE;Zimbabwe;USD million;1996;56,18653153;7,74364362;10,95145857;59,39434648;Annual;01/01/80
ICT;ZWE;Zimbabwe;USD million;1997;66,44258781;15,45982422;14,31764081;65,3004044;Annual;01/01/80
ICT;ZWE;Zimbabwe;USD million;1998;54,64862115;14,07674723;11,75102904;52,32290297;Annual;01/01/80
ICT;ZWE;Zimbabwe;USD million;1999;60,08988932;17,98109488;11,39641342;53,50520786;Annual;01/01/80
ICT;ZWE;Zimbabwe;USD million;2000;73,16855312;21,2625579;18,26615065;70,17214586;Annual;01/01/80
ICT;ZWE;Zimbabwe;USD million;2001;53,63376693;15,15102643;9,874359131;48,35709964;Annual;01/01/80
ICT;ZWE;Zimbabwe;USD million;2002;67,11187535;10,17593121;9,323191571;66,25913571;Annual;01/01/80
ICT;ZWE;Zimbabwe;USD million;2003;51,66580519;10,62543927;10,9493001;51,98966602;Annual;01/01/80
ICT;ZWE;Zimbabwe;USD million;2004;49,65330781;12,22304286;9,510508229;46,94077318;Annual;01/01/80
ICT;ZWE;Zimbabwe;USD million;2005;73,87310129;14,81595764;15,91488731;74,97203096;Annual;01/01/80
ICT;ZWE;Zimbabwe;USD million;2006;44,07437545;11,50715817;10,08991504;42,65713232;Annual;01/01/80
ICT;ZWE;Zimbabwe;USD million;2007;44,6056946;8,160219834;10,76776957;47,21324434;Annual;01/01/80
ICT;ZWE;Zimbabwe;USD million;2008;71,16221466;16,86466899;15,10636796;69,40391363;Annual;01/01/80
ICT;ZWE;Zimbabwe;USD million;2009;75,63450302;18,51222487;17,8114256;74,93370375;Annual;01/01/80
ICT;ZWE;Zimbabwe;USD million;2010;61,93383281;10,28187863;13,63241979;65,28437397;Annual;01/01/80
ICT;ZWE;Zimbabwe;USD million;2011;68,8261988;13,25472771;12,78313907;68,35461017;Annual;01/01/80
ICT;ZWE;Zimbabwe;USD million;2012;69,27738863;16,38299635;14,71722984;67,61162212;Annual;01/01/80
ICT;ZWE;Zimbabwe;USD million;2013;78,61392875;19,03565735;13,39640055;72,97467196;Annual;01/01/80
ICT;ZWE;Zimbabwe;USD million;2014;58,3978275;11,34827643;16,25865695;63,30820802;Annual;01/01/80
ICT;ZWE;Zimbabwe;USD million;2015;63,07928352;18,68151443;10,87251187;55,27028096;Annual;01/01/80
ICT;ZWE;Zimbabwe;USD million;2016;67,6252884;13,03116185;15,54826427;70,14239083;Annual;01/01/80
ICT;ZWE;Zimbabwe;USD million;2017;61,0049887;12,21778527;12,18854357;60,975747;Annual;01/01/80
ICT;ZWE;Zimbabwe;USD million;2018;64,30619732;14,78225878;11,15662817;60,68056671;Annual;01/01/80
ICT;ZWE;Zimbabwe;USD million;2019;51,69836231;12,77217384;8,275527602;47,20171606;Annual;01/01/80
ICT;ZWE;Zimbabwe;USD million;2020;51,46364283;9,405745533;9,936586801;51,9944841;Annual;01/01/80
ICT;ZWE;Zimbabwe;USD million;2021;55,84352217;11,91194377;11,21061429;55,14219269;Annual;01/01/80
ICT;ZWE;Zimbabwe;USD million;2022;58,19162189;14,56194691;11,43473816;55,06441314;Annual;01/01/80
ICT;ZWE;Zimbabwe;USD million;2023;62,22003891;17,00547481;8,457281576;53,67184568;Annual;01/01/80
ICT;ZWE;Zimbabwe;USD million;2024;77,74127049;15,41952315;19,78707533;82,10882267;Annual;01/01/80
ICT;ZWE;Zimbabwe;USD million;2025;65,78097459;14,72660506;14,70209556;65,75646509;Annual;01/01/80
ICT;ZWE;Zimbabwe;USD million;2026;47,66987301;10,621031;9,469499142;46,51834115;Annual;01/01/80
Manufacturing;ZWE;Zimbabwe;USD million;1980;59,20561268;13,29458718;9,169901379;55,08092688;Annual;01/01/80
Manufacturing;ZWE;Zimbabwe;USD million;1981;50,80220173;13,54808167;12,14441771;49,39853777;Annual;01/01/80
Manufacturing;ZWE;Zimbabwe;USD million;1982;72,37499488;16,19306231;15,34135253;71,5232851;Annual;01/01/80
Manufacturing;ZWE;Zimbabwe;USD million;1983;77,96428939;17,66227315;17,23789528;77,53991152;Annual;01/01/80
Manufacturing;ZWE;Zimbabwe;USD million;1984;82,79461432;16,94426405;19,27260529;85,12295556;Annual;01/01/80
Manufacturing;ZWE;Zimbabwe;USD million;1985;63,46706702;12,90227666;12,54019941;63,10498977;Annual;01/01/80
Manufacturing;ZWE;Zimbabwe;USD million;1986;68,25458707;15,68384255;12,5636035;65,13434802;Annual;01/01/80
Manufacturing;ZWE;Zimbabwe;USD million;1987;68,16597914;17,26996214;14,97881677;65,87483377;Annual;01/01/80
Manufacturing;ZWE;Zimbabwe;USD million;1988;64,13247414;11,55877036;11,71592679;64,28963057;Annual;01/01/80
Manufacturing;ZWE;Zimbabwe;USD million;1989;61,21180561;15,07613634;12,19775502;58,3334243;Annual;01/01/80
Manufacturing;ZWE;Zimbabwe;USD million;1990;63,4890388;11,2369317;12,76241754;65,01452463;Annual;01/01/80
Manufacturing;ZWE;Zimbabwe;USD million;1991;61,75301091;12,31062813;11,32777451;60,7701573;Annual;01/01/80
Manufacturing;ZWE;Zimbabwe;USD million;1992;67,76221543;16,22922521;13,95449107;65,48748128;Annual;01/01/80
Manufacturing;ZWE;Zimbabwe;USD million;1993;62,62292861;16,55542129;11,65121901;57,71872633;Annual;01/01/80
Manufacturing;ZWE;Zimbabwe;USD million;1994;59,66181892;16,41399251;10,40310428;53,65093068;Annual;01/01/80
Manufacturing;ZWE;Zimbabwe;USD million;1995;72,2806855;11,66564027;11,66078785;72,27583308;Annual;01/01/80
Manufacturing;ZWE;Zimbabwe;USD million;1996;63,48929737;18,55977647;13,25531646;58,18483735;Annual;01/01/80
Manufacturing;ZWE;Zimbabwe;USD million;1997;44,04401082;8,375067776;8,108065754;43,7770088;Annual;01/01/80
Manufacturing;ZWE;Zimbabwe;USD million;1998;75,16264178;15,27691513;11,95160676;71,8373334;Annual;01/01/80
Manufacturing;ZWE;Zimbabwe;USD million;1999;55,39600336;10,83421395;9,813437085;54,37522649;Annual;01/01/80
Manufacturing;ZWE;Zimbabwe;USD million;2000;62,12654801;14,0702337;11,1098725;59,16618682;Annual;01/01/80
Manufacturing;ZWE;Zimbabwe;USD million;2001;63,22499216;17,63643615;12,25048532;57,83904133;Annual;01/01/80
Manufacturing;ZWE;Zimbabwe;USD million;2002;73,79541742;15,34306849;10,94692449;69,39927342;Annual;01/01/80
Manufacturing;ZWE;Zimbabwe;USD million;2003;68,80107142;17,07292311;13,77326011;65,50140843;Annual;01/01/80
Manufacturing;ZWE;Zimbabwe;USD million;2004;62,93098174;15,51588917;12,43898675;59,85407932;Annual;01/01/80
Manufacturing;ZWE;Zimbabwe;USD million;2005;69,3034284;12,43769292;13,9467199;70,81245538;Annual;01/01/80
Manufacturing;ZWE;Zimbabwe;USD million;2006;58,58709984;13,12071068;9,479659531;54,9460487;Annual;01/01/80
Manufacturing;ZWE;Zimbabwe;USD million;2007;62,69019782;18,41508971;12,3194455;56,59455362;Annual;01/01/80
Manufacturing;ZWE;Zimbabwe;USD million;2008;71,81380171;20,34486562;18,43748032;69,90641642;Annual;01/01/80
Manufacturing;ZWE;Zimbabwe;USD million;2009;68,81785338;16,20841832;11,44101585;64,05045091;Annual;01/01/80
Manufacturing;ZWE;Zimbabwe;USD million;2010;81,80926787;18,62124708;17,49484703;80,68286781;Annual;01/01/80
Manufacturing;ZWE;Zimbabwe;USD million;2011;68,72116406;14,40231008;14,11603843;68,4348924;Annual;01/01/80
Manufacturing;ZWE;Zimbabwe;USD million;2012;63,40311443;17,94567974;12,52039325;57,97782794;Annual;01/01/80
Manufacturing;ZWE;Zimbabwe;USD million;2013;50,73615894;11,04724219;11,37673635;51,06565309;Annual;01/01/80
Manufacturing;ZWE;Zimbabwe;USD million;2014;59,03803085;15,9379974;13,36003883;56,46007228;Annual;01/01/80
Manufacturing;ZWE;Zimbabwe;USD million;2015;63,69416512;11,40927223;13,64848227;65,93337517;Annual;01/01/80
Manufacturing;ZWE;Zimbabwe;USD million;2016;68,62018461;14,59935256;13,16316693;67,18399898;Annual;01/01/80
Manufacturing;ZWE;Zimbabwe;USD million;2017;59,36693315;11,78786702;11,58718266;59,1662488;Annual;01/01/80
Manufacturing;ZWE;Zimbabwe;USD million;2018;56,53262936;13,74661893;10,05871817;52,84472859;Annual;01/01/80
Manufacturing;ZWE;Zimbabwe;USD million;2019;54,7122499;10,83621754;13,34971513;57,22574749;Annual;01/01/80
Manufacturing;ZWE;Zimbabwe;USD million;2020;59,39218262;14,591453;10,92405223;55,72478186;Annual;01/01/80
Manufacturing;ZWE;Zimbabwe;USD million;2021;58,88266145;9,797237555;14,52199376;63,60741766;Annual;01/01/80
Manufacturing;ZWE;Zimbabwe;USD million;2022;61,20826047;10,69845508;12,56905029;63,07885567;Annual;01/01/80
Manufacturing;ZWE;Zimbabwe;USD million;2023;63,31886106;16,41243495;14,12198904;61,02841514;Annual;01/01/80
Manufacturing;ZWE;Zimbabwe;USD million;2024;58,33009201;13,46020347;7,588084904;52,45797344;Annual;01/01/80
Manufacturing;ZWE;Zimbabwe;USD million;2025;65,22635197;14,1051251;14,15537479;65,27660165;Annual;01/01/80
Manufacturing;ZWE;Zimbabwe;USD million;2026;47,89579048;11,38364043;9,841184131;46,35333418;Annual;01/01/80
Mining;ZWE;Zimbabwe;USD million;1980;56,24044927;10,28819479;12,14668644;58,09894092;Annual;01/01/80
Mining;ZWE;Zimbabwe;USD million;1981;63,73404427;11,82844075;11,38831998;63,29392351;Annual;01/01/80
Mining;ZWE;Zimbabwe;USD million;1982;54,70503832;11,99601475;10,29724349;53,00626706;Annual;01/01/80
Mining;ZWE;Zimbabwe;USD million;1983;56,37538449;10,94953886;9,218216646;54,64406227;Annual;01/01/80
Mining;ZWE;Zimbabwe;USD million;1984;69,23111704;15,74921043;12,90147044;66,38337705;Annual;01/01/80
Mining;ZWE;Zimbabwe;USD million;1985;70,92720524;17,23673971;14,04652352;67,73698904;Annual;01/01/80
Mining;ZWE;Zimbabwe;USD million;1986;60,71678771;14,60870062;12,35951791;58,467605;Annual;01/01/80
Mining;ZWE;Zimbabwe;USD million;1987;69,86873346;19,37972631;15,56770962;66,05671676;Annual;01/01/80
Mining;ZWE;Zimbabwe;USD million;1988;65,40661795;15,63425961;15,43506201;65,20742035;Annual;01/01/80
Mining;ZWE;Zimbabwe;USD million;1989;80,01126341;19,36090606;14,74265843;75,39301578;Annual;01/01/80
Mining;ZWE;Zimbabwe;USD million;1990;85,47921661;20,66817303;17,35547624;82,16651983;Annual;01/01/80
Mining;ZWE;Zimbabwe;USD million;1991;67,27525076;15,02929054;13,02113468;65,2670949;Annual;01/01/80
Mining;ZWE;Zimbabwe;USD million;1992;61,10905884;12,92905632;12,38512848;60,565131;Annual;01/01/80
Mining;ZWE;Zimbabwe;USD million;1993;50,19326576;8,775835122;10,77205245;52,1894831;Annual;01/01/80
Mining;ZWE;Zimbabwe;USD million;1994;57,31669163;17,75080087;10,16896632;49,73485708;Annual;01/01/80
Mining;ZWE;Zimbabwe;USD million;1995;102,319564;23,49370636;21,61599691;100,4418545;Annual;01/01/80
Mining;ZWE;Zimbabwe;USD million;1996;56,32881279;11,17103712;12,15533812;57,3131138;Annual;01/01/80
Mining;ZWE;Zimbabwe;USD million;1997;62,80928787;15,13970122;9,078757291;56,74834394;Annual;01/01/80
Mining;ZWE;Zimbabwe;USD million;1998;68,15553941;12,27071152;15,70492304;71,58975092;Annual;01/01/80
Mining;ZWE;Zimbabwe;USD million;1999;62,10512614;11,63903624;12,10654172;62,57263161;Annual;01/01/80
Mining;ZWE;Zimbabwe;USD million;2000;70,66306757;16,54357347;14,65807205;68,77756614;Annual;01/01/80
Mining;ZWE;Zimbabwe;USD million;2001;61,52848647;13,91035812;13,42824368;61,04637204;Annual;01/01/80
Mining;ZWE;Zimbabwe;USD million;2002;57,32438934;15,39285141;9,835630059;51,76716798;Annual;01/01/80
Mining;ZWE;Zimbabwe;USD million;2003;60,40695141;12,58471207;9,988879443;57,81111878;Annual;01/01/80
Mining;ZWE;Zimbabwe;USD million;2004;47,30072741;6,829659528;8,649220137;49,12028802;Annual;01/01/80
Mining;ZWE;Zimbabwe;USD million;2005;51,80474623;14,99060161;8,196515984;45,0106606;Annual;01/01/80
Mining;ZWE;Zimbabwe;USD million;2006;64,92296888;13,72891986;10,40862185;61,60267088;Annual;01/01/80
Mining;ZWE;Zimbabwe;USD million;2007;82,60464292;21,89621698;13,33812377;74,0465497;Annual;01/01/80
Mining;ZWE;Zimbabwe;USD million;2008;73,65284803;17,18553521;15,39117848;71,8584913;Annual;01/01/80
Mining;ZWE;Zimbabwe;USD million;2009;61,61037835;13,25892505;14,37758384;62,72903714;Annual;01/01/80
Mining;ZWE;Zimbabwe;USD million;2010;61,65146503;14,3282613;8,094207868;55,4174116;Annual;01/01/80
Mining;ZWE;Zimbabwe;USD million;2011;73,47022933;17,69227393;16,3181975;72,0961529;Annual;01/01/80
Mining;ZWE;Zimbabwe;USD million;2012;68,52085802;14,53966995;15,20370126;69,18488933;Annual;01/01/80
Mining;ZWE;Zimbabwe;USD million;2013;63,95524508;12,98527308;13,15848565;64,12845766;Annual;01/01/80
Mining;ZWE;Zimbabwe;USD million;2014;73,87406106;19,27644745;18,22956703;72,82718064;Annual;01/01/80
Mining;ZWE;Zimbabwe;USD million;2015;73,2445982;16,96701656;12,35717798;68,63475962;Annual;01/01/80
Mining;ZWE;Zimbabwe;USD million;2016;50,6436299;10,10182533;11,28871693;51,83052149;Annual;01/01/80
Mining;ZWE;Zimbabwe;USD million;2017;67,76585994;11,3865619;12,9602956;69,33959364;Annual;01/01/80
Mining;ZWE;Zimbabwe;USD million;2018;62,43148416;14,79126757;11,71251044;59,35272704;Annual;01/01/80
Mining;ZWE;Zimbabwe;USD million;2019;57,87749593;12,89530609;11,33207793;56,31426777;Annual;01/01/80
Mining;ZWE;Zimbabwe;USD million;2020;62,30825369;11,81610659;12,86111911;63,3532662;Annual;01/01/80
Mining;ZWE;Zimbabwe;USD million;2021;66,97846714;14,12717553;9,413010999;62,26430261;Annual;01/01/80
Mining;ZWE;Zimbabwe;USD million;2022;60,39927938;17,41035947;15,24645511;58,23537501;Annual;01/01/80
Mining;ZWE;Zimbabwe;USD million;2023;47,2268325;10,5890343;9,196471391;45,83426959;Annual;01/01/80
Mining;ZWE;Zimbabwe;USD million;2024;65,93895747;17,18426333;14,91168205;63,66637618;Annual;01/01/80
Mining;ZWE;Zimbabwe;USD million;2025;64,04857871;12,13623514;13,13069429;65,04303787;Annual;01/01/80
Mining;ZWE;Zimbabwe;USD million;2026;48,51228477;14,21257562;13,84984169;48,14955084;Annual;01/01/80
Other;ZWE;Zimbabwe;USD million;1980;51,99397852;10,39048897;11,76148909;53,36497864;Annual;01/01/80
Other;ZWE;Zimbabwe;USD million;1981;62,18044001;14,47552803;11,29987167;59,00478364;Annual;01/01/80
Other;ZWE;Zimbabwe;USD million;1982;57,72016709;11,87326771;11,42326834;57,27016772;Annual;01/01/80
Other;ZWE;Zimbabwe;USD million;1983;60,70043502;14,65337037;9,419629543;55,4666942;Annual;01/01/80
Other;ZWE;Zimbabwe;USD million;1984;47,73430446;10,96927226;8,524303355;45,28933555;Annual;01/01/80
Other;ZWE;Zimbabwe;USD million;1985;66,58495153;15,714343;14,26335342;65,13396194;Annual;01/01/80
Other;ZWE;Zimbabwe;USD million;1986;78,03619016;20,87550314;15,13392647;72,29461348;Annual;01/01/80
Other;ZWE;Zimbabwe;USD million;1987;55,81574428;12,88005251;12,81375719;55,74944897;Annual;01/01/80
Other;ZWE;Zimbabwe;USD million;1988;52,20095487;9,150550837;10,44015203;53,49055606;Annual;01/01/80
Other;ZWE;Zimbabwe;USD million;1989;57,14029015;10,9410345;13,9248809;60,12413655;Annual;01/01/80
Other;ZWE;Zimbabwe;USD million;1990;70,86137704;14,24925851;19,29669261;75,90881114;Annual;01/01/80
Other;ZWE;Zimbabwe;USD million;1991;58,32336373;15,01801002;12,21381992;55,51917362;Annual;01/01/80
Other;ZWE;Zimbabwe;USD million;1992;75,67238105;16,49710576;14,98746696;74,16274225;Annual;01/01/80
Other;ZWE;Zimbabwe;USD million;1993;59,52088634;16,69526061;11,29107935;54,11670508;Annual;01/01/80
Other;ZWE;Zimbabwe;USD million;1994;58,40511215;12,73795885;12,93231737;58,59947067;Annual;01/01/80
Other;ZWE;Zimbabwe;USD million;1995;50,22975336;15,85125524;8,819086626;43,19758475;Annual;01/01/80
Other;ZWE;Zimbabwe;USD million;1996;71,94727854;20,05908334;14,16934198;66,05753718;Annual;01/01/80
Other;ZWE;Zimbabwe;USD million;1997;68,22326878;11,01073855;14,15758708;71,37011731;Annual;01/01/80
Other;ZWE;Zimbabwe;USD million;1998;48,93599559;8,821588526;10,76776473;50,8821718;Annual;01/01/80
Other;ZWE;Zimbabwe;USD million;1999;69,47000573;17,99452008;13,21023628;64,68572193;Annual;01/01/80
Other;ZWE;Zimbabwe;USD million;2000;70,19463216;14,04569609;10,95598093;67,104917;Annual;01/01/80
Other;ZWE;Zimbabwe;USD million;2001;80,20053342;13,4963356;12,79227387;79,49647169;Annual;01/01/80
Other;ZWE;Zimbabwe;USD million;2002;64,62120703;16,91671892;12,4311047;60,13559281;Annual;01/01/80
Other;ZWE;Zimbabwe;USD million;2003;65,08568907;13,37833288;12,65541274;64,36276894;Annual;01/01/80
Other;ZWE;Zimbabwe;USD million;2004;47,41895974;11,5653657;7,219367184;43,07296123;Annual;01/01/80
Other;ZWE;Zimbabwe;USD million;2005;61,5084438;14,58784149;12,38465681;59,30525912;Annual;01/01/80
Other;ZWE;Zimbabwe;USD million;2006;60,92099913;13,93587685;11,27563821;58,26076048;Annual;01/01/80
Other;ZWE;Zimbabwe;USD million;2007;62,34672772;12,5041731;13,67973103;63,52228565;Annual;01/01/80
Other;ZWE;Zimbabwe;USD million;2008;54,96698129;9,82554565;10,70314439;55,84458004;Annual;01/01/80
Other;ZWE;Zimbabwe;USD million;2009;74,14254969;15,60544482;16,92685966;75,46396453;Annual;01/01/80
Other;ZWE;Zimbabwe;USD million;2010;65,28540462;14,90554397;13,48193047;63,86179113;Annual;01/01/80
Other;ZWE;Zimbabwe;USD million;2011;56,43748234;10,19145402;11,83209843;58,07812675;Annual;01/01/80
Other;ZWE;Zimbabwe;USD million;2012;57,17565251;10,69701272;13,6539198;60,13255959;Annual;01/01/80
Other;ZWE;Zimbabwe;USD million;2013;69,51028226;16,6456122;15,82061062;68,68528068;Annual;01/01/80
Other;ZWE;Zimbabwe;USD million;2014;59,52281343;13,75661335;12,65284316;58,41904324;Annual;01/01/80
Other;ZWE;Zimbabwe;USD million;2015;69,32182414;14,08203515;12,69666586;67,93645485;Annual;01/01/80
Other;ZWE;Zimbabwe;USD million;2016;63,87619227;16,80993427;15,01217675;62,07843475;Annual;01/01/80
Other;ZWE;Zimbabwe;USD million;2017;56,64386759;10,74024941;13,15105335;59,05467153;Annual;01/01/80
Other;ZWE;Zimbabwe;USD million;2018;57,24545993;10,2300193;13,85630305;60,87174368;Annual;01/01/80
Other;ZWE;Zimbabwe;USD million;2019;80,8804967;21,90891275;14,41666807;73,38825201;Annual;01/01/80
Other;ZWE;Zimbabwe;USD million;2020;62,18169921;14,12530748;10,65474504;58,71113677;Annual;01/01/80
Other;ZWE;Zimbabwe;USD million;2021;65,45630644;15,84856414;17,37238886;66,98013116;Annual;01/01/80
Other;ZWE;Zimbabwe;USD million;2022;77,35192074;12,87408571;17,10278214;81,58061718;Annual;01/01/80
Other;ZWE;Zimbabwe;USD million;2023;56,45934176;11,67249335;8,966879008;53,75372741;Annual;01/01/80
Other;ZWE;Zimbabwe;USD million;2024;48,59320363;12,265875;9,918414458;46,24574309;Annual;01/01/80
Other;ZWE;Zimbabwe;USD million;2025;68,03442882;15,51336276;9,734470046;62,25553611;Annual;01/01/80
Other;ZWE;Zimbabwe;USD million;2026;49,17701194;12,44743963;10,38169974;47,11127205;Annual;01/01/80
Tourism;ZWE;Zimbabwe;USD million;1980;60,44008663;13,65864548;11,48332112;58,26476227;Annual;01/01/80
Tourism;ZWE;Zimbabwe;USD million;1981;79,82747553;21,07538803;18,9231733;77,6752608;Annual;01/01/80
Tourism;ZWE;Zimbabwe;USD million;1982;64,6241258;16,89339841;13,45426392;61,1849913;Annual;01/01/80
Tourism;ZWE;Zimbabwe;USD million;1983;86,76160367;19,92161811;17,75561083;84,5955964;Annual;01/01/80
Tourism;ZWE;Zimbabwe;USD million;1984;62,14046744;16,58147593;13,16047247;58,71946397;Annual;01/01/80
Tourism;ZWE;Zimbabwe;USD million;1985;57,86540569;12,07948288;12,55117502;58,33709783;Annual;01/01/80
Tourism;ZWE;Zimbabwe;USD million;1986;43,31059232;9,866638061;8,372213299;41,81616756;Annual;01/01/80
Tourism;ZWE;Zimbabwe;USD million;1987;70,32169239;17,7291973;16,75809086;69,35058595;Annual;01/01/80
Tourism;ZWE;Zimbabwe;USD million;1988;61,80254822;12,01816246;12,37165767;62,15604342;Annual;01/01/80
Tourism;ZWE;Zimbabwe;USD million;1989;64,96304921;11,45262325;13,47971846;66,99014442;Annual;01/01/80
Tourism;ZWE;Zimbabwe;USD million;1990;60,04518886;10,22268833;8,332116613;58,15461714;Annual;01/01/80
Tourism;ZWE;Zimbabwe;USD million;1991;43,33708568;10,35018345;8,673680952;41,66058318;Annual;01/01/80
Tourism;ZWE;Zimbabwe;USD million;1992;55,95483318;13,06453186;11,55491657;54,44521789;Annual;01/01/80
Tourism;ZWE;Zimbabwe;USD million;1993;68,87543646;13,07074626;14,44592741;70,2506176;Annual;01/01/80
Tourism;ZWE;Zimbabwe;USD million;1994;61,03397068;15,23046954;13,08070068;58,88420183;Annual;01/01/80
Tourism;ZWE;Zimbabwe;USD million;1995;68,84995494;16,08849903;13,07465379;65,8361097;Annual;01/01/80
Tourism;ZWE;Zimbabwe;USD million;1996;67,36147991;16,23656497;12,37125937;63,49617432;Annual;01/01/80
Tourism;ZWE;Zimbabwe;USD million;1997;53,64305477;12,38727491;7,389537437;48,6453173;Annual;01/01/80
Tourism;ZWE;Zimbabwe;USD million;1998;60,69847142;11,95915076;10,68435199;59,42367265;Annual;01/01/80
Tourism;ZWE;Zimbabwe;USD million;1999;87,8836033;14,63234044;17,79024329;91,04150614;Annual;01/01/80
Tourism;ZWE;Zimbabwe;USD million;2000;69,48279961;16,78246461;13,92131667;66,62165167;Annual;01/01/80
Tourism;ZWE;Zimbabwe;USD million;2001;67,30262098;17,84231309;17,86547317;67,32578106;Annual;01/01/80
Tourism;ZWE;Zimbabwe;USD million;2002;60,10616219;7,359213667;16,38319319;69,13014172;Annual;01/01/80
Tourism;ZWE;Zimbabwe;USD million;2003;53,57597882;11,17058206;9,2772662;51,68266296;Annual;01/01/80
Tourism;ZWE;Zimbabwe;USD million;2004;53,57028918;15,75251324;12,21654025;50,03431618;Annual;01/01/80
Tourism;ZWE;Zimbabwe;USD million;2005;60,03770044;12,14322078;12,22124609;60,11572576;Annual;01/01/80
Tourism;ZWE;Zimbabwe;USD million;2006;83,86852509;20,9760826;15,39474553;78,28718802;Annual;01/01/80
Tourism;ZWE;Zimbabwe;USD million;2007;54,01464903;8,816379272;10,21512654;55,4133963;Annual;01/01/80
Tourism;ZWE;Zimbabwe;USD million;2008;56,45107669;16,34147486;8,75014966;48,85975149;Annual;01/01/80
Tourism;ZWE;Zimbabwe;USD million;2009;63,14499211;15,71527531;11,91164387;59,34136068;Annual;01/01/80
Tourism;ZWE;Zimbabwe;USD million;2010;74,10193888;14,57824289;15,82619052;75,34988651;Annual;01/01/80
Tourism;ZWE;Zimbabwe;USD million;2011;50,65321199;12,89087591;10,38032654;48,14266262;Annual;01/01/80
Tourism;ZWE;Zimbabwe;USD million;2012;54,89128433;10,93894972;9,272775246;53,22510986;Annual;01/01/80
Tourism;ZWE;Zimbabwe;USD million;2013;54,65650639;12,3334463;9,541002326;51,86406242;Annual;01/01/80
Tourism;ZWE;Zimbabwe;USD million;2014;62,17620977;15,51922038;13,23091238;59,88790177;Annual;01/01/80
Tourism;ZWE;Zimbabwe;USD million;2015;60,66282154;12,11799709;12,35406678;60,89889124;Annual;01/01/80
Tourism;ZWE;Zimbabwe;USD million;2016;54,60973327;13,0248256;10,92516578;52,51007344;Annual;01/01/80
Tourism;ZWE;Zimbabwe;USD million;2017;64,2663109;10,81796318;10,60244824;64,05079596;Annual;01/01/80
Tourism;ZWE;Zimbabwe;USD million;2018;67,07244063;13,46312133;13,25729162;66,86661092;Annual;01/01/80
Tourism;ZWE;Zimbabwe;USD million;2019;65,77351703;15,13223504;13,82427665;64,46555865;Annual;01/01/80
Tourism;ZWE;Zimbabwe;USD million;2020;53,52705012;11,83796945;11,41819601;53,10727667;Annual;01/01/80
Tourism;ZWE;Zimbabwe;USD million;2021;51,5487378;10,99251774;10,78085126;51,33707131;Annual;01/01/80
Tourism;ZWE;Zimbabwe;USD million;2022;68,26030493;17,67770005;13,25460786;63,83721275;Annual;01/01/80
Tourism;ZWE;Zimbabwe;USD million;2023;76,26800447;20,1605986;14,88999946;70,99740533;Annual;01/01/80
Tourism;ZWE;Zimbabwe;USD million;2024;78,21394136;16,83273041;17,59314346;78,9743544;Annual;01/01/80
Tourism;ZWE;Zimbabwe;USD million;2025;60,30365792;14,57658551;11,33534623;57,06241864;Annual;01/01/80
Tourism;ZWE;Zimbabwe;USD million;2026;45,82585491;7,483443285;9,470413939;47,81282556;Annual;01/01/80
Transport;ZWE;Zimbabwe;USD million;1980;58,95871534;17,11155294;14,45750815;56,30467055;Annual;01/01/80
Transport;ZWE;Zimbabwe;USD million;1981;68,78389536;13,55238705;12,06298079;67,2944891;Annual;01/01/80
Transport;ZWE;Zimbabwe;USD million;1982;56,38125405;13,55566103;13,47660943;56,30220246;Annual;01/01/80
Transport;ZWE;Zimbabwe;USD million;1983;79,36337293;16,69714843;15,13841478;77,80463927;Annual;01/01/80
Transport;ZWE;Zimbabwe;USD million;1984;48,12147924;13,16718018;7,81654724;42,77084631;Annual;01/01/80
Transport;ZWE;Zimbabwe;USD million;1985;56,96627874;12,86178222;12,65460901;56,75910553;Annual;01/01/80
Transport;ZWE;Zimbabwe;USD million;1986;59,34926704;13,44984866;10,63930909;56,53872747;Annual;01/01/80
Transport;ZWE;Zimbabwe;USD million;1987;60,14461798;10,68720968;13,20642681;62,66383511;Annual;01/01/80
Transport;ZWE;Zimbabwe;USD million;1988;64,23039305;17,4384442;13,22773876;60,0196876;Annual;01/01/80
Transport;ZWE;Zimbabwe;USD million;1989;60,97896546;13,54043111;13,16157567;60,60011003;Annual;01/01/80
Transport;ZWE;Zimbabwe;USD million;1990;72,91499831;15,31638891;16,58508568;74,18369509;Annual;01/01/80
Transport;ZWE;Zimbabwe;USD million;1991;58,12432439;13,41727617;12,69586436;57,40291258;Annual;01/01/80
Transport;ZWE;Zimbabwe;USD million;1992;67,37238809;15,4823009;15,86931297;67,75940016;Annual;01/01/80
Transport;ZWE;Zimbabwe;USD million;1993;66,35026909;14,63763104;13,09150448;64,80414254;Annual;01/01/80
Transport;ZWE;Zimbabwe;USD million;1994;43,02354156;13,28853085;8,400257768;38,13526848;Annual;01/01/80
Transport;ZWE;Zimbabwe;USD million;1995;75,97241587;21,4336305;11,48461117;66,02339654;Annual;01/01/80
Transport;ZWE;Zimbabwe;USD million;1996;59,15680319;9,564424981;13,75310665;63,34548485;Annual;01/01/80
Transport;ZWE;Zimbabwe;USD million;1997;53,0231478;9,006048517;12,35516908;56,37226836;Annual;01/01/80
Transport;ZWE;Zimbabwe;USD million;1998;76,59677163;13,96204038;18,47643768;81,11116894;Annual;01/01/80
Transport;ZWE;Zimbabwe;USD million;1999;73,38535506;13,14352451;14,27244312;74,51427367;Annual;01/01/80
Transport;ZWE;Zimbabwe;USD million;2000;68,34911837;16,6297363;15,71491938;67,43430145;Annual;01/01/80
Transport;ZWE;Zimbabwe;USD million;2001;65,73505678;18,98492821;15,6758518;62,42598036;Annual;01/01/80
Transport;ZWE;Zimbabwe;USD million;2002;67,09445316;13,89156312;14,79399426;67,9968843;Annual;01/01/80
Transport;ZWE;Zimbabwe;USD million;2003;66,7881496;16,5811891;9,642497936;59,84945844;Annual;01/01/80
Transport;ZWE;Zimbabwe;USD million;2004;57,96736574;11,97582657;9,350737672;55,34227684;Annual;01/01/80
Transport;ZWE;Zimbabwe;USD million;2005;71,88393845;14,98965618;11,71631821;68,61060048;Annual;01/01/80
Transport;ZWE;Zimbabwe;USD million;2006;74,98359899;17,17813036;16,23355862;74,03902725;Annual;01/01/80
Transport;ZWE;Zimbabwe;USD million;2007;72,25182335;16,93960235;13,13275705;68,44497805;Annual;01/01/80
Transport;ZWE;Zimbabwe;USD million;2008;58,62711099;14,15528817;13,23268487;57,70450768;Annual;01/01/80
Transport;ZWE;Zimbabwe;USD million;2009;58,63995114;10,36068332;13,08543164;61,36469947;Annual;01/01/80
Transport;ZWE;Zimbabwe;USD million;2010;78,16857372;20,41249101;11,74810849;69,5041912;Annual;01/01/80
Transport;ZWE;Zimbabwe;USD million;2011;56,34921397;12,86287846;12,61444047;56,10077598;Annual;01/01/80
Transport;ZWE;Zimbabwe;USD million;2012;63,88269503;13,58587599;12,39276586;62,6895849;Annual;01/01/80
Transport;ZWE;Zimbabwe;USD million;2013;68,68500647;16,60354808;18,45608663;70,53754502;Annual;01/01/80
Transport;ZWE;Zimbabwe;USD million;2014;61,01530971;13,50519919;9,512429137;57,02253965;Annual;01/01/80
Transport;ZWE;Zimbabwe;USD million;2015;53,84676944;13,37781314;12,31223918;52,78119548;Annual;01/01/80
Transport;ZWE;Zimbabwe;USD million;2016;74,87102641;17,78158086;10,486151;67,57559655;Annual;01/01/80
Transport;ZWE;Zimbabwe;USD million;2017;63,42714359;14,02998222;13,76406455;63,16122593;Annual;01/01/80
Transport;ZWE;Zimbabwe;USD million;2018;54,71866792;11,59442789;9,761526846;52,88576688;Annual;01/01/80
Transport;ZWE;Zimbabwe;USD million;2019;51,82664277;10,94201749;11,42072218;52,30534746;Annual;01/01/80
Transport;ZWE;Zimbabwe;USD million;2020;65,2091543;13,55038161;12,61495563;64,27372833;Annual;01/01/80
Transport;ZWE;Zimbabwe;USD million;2021;56,4766102;12,87375358;9,571638601;53,17449523;Annual;01/01/80
Transport;ZWE;Zimbabwe;USD million;2022;64,10907202;16,45582172;16,24796424;63,90121454;Annual;01/01/80
Transport;ZWE;Zimbabwe;USD million;2023;73,50458313;16,92240405;16,49443047;73,07660956;Annual;01/01/80
Transport;ZWE;Zimbabwe;USD million;2024;56,68437811;14,19528056;12,61914805;55,10824559;Annual;01/01/80
Transport;ZWE;Zimbabwe;USD million;2025;65,33139581;15,50230557;14,63652787;64,46561811;Annual;01/01/80
Transport;ZWE;Zimbabwe;USD million;2026;49,63233354;10,60956376;11,0174299;50,04019968;Annual;01/01/80