market;commodity;unit;period;global_demand;global_supply;price;price_change_pct;frequency;date
Global;coal;Synthetic price index / US$ equivalent;1980;12133,73534;12021,88239;59,32168171;2,062159619;Annual;01/01/80
Global;coal;Synthetic price index / US$ equivalent;1981;12269,59622;12066,20673;62,82585593;-1,115595441;Annual;01/01/80
Global;coal;Synthetic price index / US$ equivalent;1982;12351,83892;11980,52004;40,7803496;-5,014000628;Annual;01/01/80
Global;coal;Synthetic price index / US$ equivalent;1983;12497,45107;12530,7808;30,67696212;0,124016627;Annual;01/01/80
Global;coal;Synthetic price index / US$ equivalent;1984;12850,3405;12699,62005;29,58786949;1,098935406;Annual;01/01/80
Global;coal;Synthetic price index / US$ equivalent;1985;12714,7496;12395,06231;28,26902659;-1,905230691;Annual;01/01/80
Global;coal;Synthetic price index / US$ equivalent;1986;12420,94158;12078,06914;30,3452119;2,983911478;Annual;01/01/80
Global;coal;Synthetic price index / US$ equivalent;1987;12575,38559;12326,36215;40,27488153;1,035671309;Annual;01/01/80
Global;coal;Synthetic price index / US$ equivalent;1988;13072,11145;12923,53844;38,97935125;0,034205666;Annual;01/01/80
Global;coal;Synthetic price index / US$ equivalent;1989;13687,0354;13489,87411;38,78254587;-0,958385224;Annual;01/01/80
Global;coal;Synthetic price index / US$ equivalent;1990;14615,68679;14477,69335;41,40317294;2,631795358;Annual;01/01/80
Global;coal;Synthetic price index / US$ equivalent;1991;14239,61069;13727,15169;56,06341477;2,270515344;Annual;01/01/80
Global;coal;Synthetic price index / US$ equivalent;1992;13916,41839;13672,65618;66,7522115;0,602306882;Annual;01/01/80
Global;coal;Synthetic price index / US$ equivalent;1993;14370,569;14171,10483;67,09150698;-0,036250894;Annual;01/01/80
Global;coal;Synthetic price index / US$ equivalent;1994;14704,89976;14366,08753;62,57494213;-0,924669989;Annual;01/01/80
Global;coal;Synthetic price index / US$ equivalent;1995;14997,15624;14700,32422;53,61166206;-2,013772778;Annual;01/01/80
Global;coal;Synthetic price index / US$ equivalent;1996;15326,21071;14966,55032;49,3860688;1,093791188;Annual;01/01/80
Global;coal;Synthetic price index / US$ equivalent;1997;14597,15467;14774,98608;53,44729294;0,966024357;Annual;01/01/80
Global;coal;Synthetic price index / US$ equivalent;1998;15390,39506;15363,94821;51,32709694;-1,428110103;Annual;01/01/80
Global;coal;Synthetic price index / US$ equivalent;1999;16114,21823;16045,05944;46,22049436;0,648883366;Annual;01/01/80
Global;coal;Synthetic price index / US$ equivalent;2000;16470,03343;16525,29107;45,06817632;-0,623150098;Annual;01/01/80
Global;coal;Synthetic price index / US$ equivalent;2001;16844,84091;16390,69728;49,47705979;1,267870113;Annual;01/01/80
Global;coal;Synthetic price index / US$ equivalent;2002;16918,39633;16481,0861;56,19925662;0,898784645;Annual;01/01/80
Global;coal;Synthetic price index / US$ equivalent;2003;17008,78852;16895,84747;65,76504467;2,122865442;Annual;01/01/80
Global;coal;Synthetic price index / US$ equivalent;2004;17750,9405;17144,94783;81,95536055;2,385453322;Annual;01/01/80
Global;coal;Synthetic price index / US$ equivalent;2005;19357,43382;19165,49208;95,35504232;0,620044034;Annual;01/01/80
Global;coal;Synthetic price index / US$ equivalent;2006;18980,62529;18859,67648;95,63774106;-0,737585985;Annual;01/01/80
Global;coal;Synthetic price index / US$ equivalent;2007;20147,80469;19984,9847;86,80285613;-0,547212951;Annual;01/01/80
Global;coal;Synthetic price index / US$ equivalent;2008;19928,74978;19637,31695;100,5814359;1,677739645;Annual;01/01/80
Global;coal;Synthetic price index / US$ equivalent;2009;19904,2862;19854,55665;88,33271186;-2,360182282;Annual;01/01/80
Global;coal;Synthetic price index / US$ equivalent;2010;20591,50836;20918,384;73,03929371;-0,706021123;Annual;01/01/80
Global;coal;Synthetic price index / US$ equivalent;2011;20990,7114;20630,66095;73,01571797;0,420482555;Annual;01/01/80
Global;coal;Synthetic price index / US$ equivalent;2012;21151,95415;20481,85226;72,59805891;0,779127087;Annual;01/01/80
Global;coal;Synthetic price index / US$ equivalent;2013;20720,13547;20530,97668;73,08551326;-1,82817295;Annual;01/01/80
Global;coal;Synthetic price index / US$ equivalent;2014;21775,9953;21837,08466;57,21050084;-0,919068978;Annual;01/01/80
Global;coal;Synthetic price index / US$ equivalent;2015;20583,22562;20379,22369;70,87592024;3,846811723;Annual;01/01/80
Global;coal;Synthetic price index / US$ equivalent;2016;20891,09373;20584,03993;77,15974547;-0,429059942;Annual;01/01/80
Global;coal;Synthetic price index / US$ equivalent;2017;21377,42911;21108,76706;103,0125615;2,114196602;Annual;01/01/80
Global;coal;Synthetic price index / US$ equivalent;2018;21587,24754;21504,06315;103,1849789;0,435913905;Annual;01/01/80
Global;coal;Synthetic price index / US$ equivalent;2019;21722,94817;21605,21281;116,0431439;0,791524516;Annual;01/01/80
Global;coal;Synthetic price index / US$ equivalent;2020;21950,84903;21931,07727;109,9793949;-0,642011256;Annual;01/01/80
Global;coal;Synthetic price index / US$ equivalent;2021;22541,64623;22276,70701;106,68974;-0,07299203;Annual;01/01/80
Global;coal;Synthetic price index / US$ equivalent;2022;22577,00581;22883,26382;121,2064805;1,767627462;Annual;01/01/80
Global;coal;Synthetic price index / US$ equivalent;2023;23357,69674;22844,87924;137,0837071;1,890935635;Annual;01/01/80
Global;coal;Synthetic price index / US$ equivalent;2024;22925,52419;21972,76777;145,3068091;-0,23032532;Annual;01/01/80
Global;coal;Synthetic price index / US$ equivalent;2025;21828,37606;21708,89779;153,283881;-0,590664197;Annual;01/01/80
Global;coal;Synthetic price index / US$ equivalent;2026;16745,36833;16596,97227;147,6465263;-0,321225043;Annual;01/01/80
Global;commodity;Synthetic price index / US$ equivalent;1980;11975,66297;12074,91638;98,78531142;-0,504289375;Annual;01/01/80
Global;commodity;Synthetic price index / US$ equivalent;1981;12353,47932;12055,35664;101,2721403;0,363901302;Annual;01/01/80
Global;commodity;Synthetic price index / US$ equivalent;1982;12150,17705;12187,97864;96,34196416;-0,479072697;Annual;01/01/80
Global;commodity;Synthetic price index / US$ equivalent;1983;12097,60948;12086,11053;99,66080806;1,811826894;Annual;01/01/80
Global;commodity;Synthetic price index / US$ equivalent;1984;12847,41367;12959,4245;105,4959251;0,26386685;Annual;01/01/80
Global;commodity;Synthetic price index / US$ equivalent;1985;12886,10036;12489,84364;103,0916703;-1,355866437;Annual;01/01/80
Global;commodity;Synthetic price index / US$ equivalent;1986;13072,4507;12718,07301;97,32337134;0,275670641;Annual;01/01/80
Global;commodity;Synthetic price index / US$ equivalent;1987;12572,92169;12735,06471;87,96048658;-1,164306654;Annual;01/01/80
Global;commodity;Synthetic price index / US$ equivalent;1988;12700,23349;12355,3648;90,85330388;0,907566614;Annual;01/01/80
Global;commodity;Synthetic price index / US$ equivalent;1989;13642,80644;13956,04644;97,32578961;0,811962665;Annual;01/01/80
Global;commodity;Synthetic price index / US$ equivalent;1990;14173,97722;14081,33729;98,78408346;-0,041166243;Annual;01/01/80
Global;commodity;Synthetic price index / US$ equivalent;1991;14346,06693;14266,98378;111,4018874;0,910961826;Annual;01/01/80
Global;commodity;Synthetic price index / US$ equivalent;1992;14040,88618;14196,09791;119,3296421;1,094896669;Annual;01/01/80
Global;commodity;Synthetic price index / US$ equivalent;1993;14156,52811;14213,63387;131,6155505;0,276542966;Annual;01/01/80
Global;commodity;Synthetic price index / US$ equivalent;1994;14412,2359;13946,31673;125,5557521;-1,451942793;Annual;01/01/80
Global;commodity;Synthetic price index / US$ equivalent;1995;14853,02122;14909,87772;121,1576913;2,589550633;Annual;01/01/80
Global;commodity;Synthetic price index / US$ equivalent;1996;15002,69036;14968,95956;142,1160466;-0,676297261;Annual;01/01/80
Global;commodity;Synthetic price index / US$ equivalent;1997;15407,74864;15163,69302;133,7153403;-0,30367735;Annual;01/01/80
Global;commodity;Synthetic price index / US$ equivalent;1998;15181,38706;15163,66687;135,1398185;0,250479914;Annual;01/01/80
Global;commodity;Synthetic price index / US$ equivalent;1999;14859,78101;14606,04952;138,574602;0,951191681;Annual;01/01/80
Global;commodity;Synthetic price index / US$ equivalent;2000;16239,92734;15889,14822;131,3685454;-1,845227945;Annual;01/01/80
Global;commodity;Synthetic price index / US$ equivalent;2001;16914,27234;17062,85346;108,4245295;-1,154408963;Annual;01/01/80
Global;commodity;Synthetic price index / US$ equivalent;2002;17057,40743;16945,84162;110,2031792;1,592421045;Annual;01/01/80
Global;commodity;Synthetic price index / US$ equivalent;2003;16709,71644;16541,10936;123,1688317;-0,636315015;Annual;01/01/80
Global;commodity;Synthetic price index / US$ equivalent;2004;17808,19073;17331,5665;109,3083846;0,164848837;Annual;01/01/80
Global;commodity;Synthetic price index / US$ equivalent;2005;18998,53472;18612,41305;112,3594619;-0,037467243;Annual;01/01/80
Global;commodity;Synthetic price index / US$ equivalent;2006;19079,3427;18852,90019;107,4163539;-1,277147353;Annual;01/01/80
Global;commodity;Synthetic price index / US$ equivalent;2007;19618,40892;19306,16638;90,03567355;-0,984678289;Annual;01/01/80
Global;commodity;Synthetic price index / US$ equivalent;2008;21159,86262;20778,69501;86,43547401;0,354529555;Annual;01/01/80
Global;commodity;Synthetic price index / US$ equivalent;2009;20561,65395;20666,51477;79,95564953;-1,606300556;Annual;01/01/80
Global;commodity;Synthetic price index / US$ equivalent;2010;21136,78479;20832,13276;75,43347562;0,544724366;Annual;01/01/80
Global;commodity;Synthetic price index / US$ equivalent;2011;20681,86002;20848,21615;81,19007422;1,295221272;Annual;01/01/80
Global;commodity;Synthetic price index / US$ equivalent;2012;21110,53973;20997,07086;95,54470833;-0,032517347;Annual;01/01/80
Global;commodity;Synthetic price index / US$ equivalent;2013;21566,85137;21348,03904;85,47299112;-1,441633453;Annual;01/01/80
Global;commodity;Synthetic price index / US$ equivalent;2014;21867,6306;21644,23257;74,56638125;0,385224057;Annual;01/01/80
Global;commodity;Synthetic price index / US$ equivalent;2015;20108,37786;19712,81929;86,22151714;1,940332079;Annual;01/01/80
Global;commodity;Synthetic price index / US$ equivalent;2016;21480,87353;21330,98237;93,02378724;-0,232608965;Annual;01/01/80
Global;commodity;Synthetic price index / US$ equivalent;2017;21199,59331;20821,91821;97,32539925;0,407122758;Annual;01/01/80
Global;commodity;Synthetic price index / US$ equivalent;2018;20810,67333;20580,33192;95,08844148;0,538952214;Annual;01/01/80
Global;commodity;Synthetic price index / US$ equivalent;2019;21738,7312;21898,08197;107,400186;0,801847833;Annual;01/01/80
Global;commodity;Synthetic price index / US$ equivalent;2020;22761,12276;22439,54015;105,0718056;-0,604432527;Annual;01/01/80
Global;commodity;Synthetic price index / US$ equivalent;2021;22628,42138;22121,41088;98,0081813;-0,755240521;Annual;01/01/80
Global;commodity;Synthetic price index / US$ equivalent;2022;23726,09103;23741,02628;94,24315437;1,112556063;Annual;01/01/80
Global;commodity;Synthetic price index / US$ equivalent;2023;23468,41039;22987,89387;113,2190553;1,463698965;Annual;01/01/80
Global;commodity;Synthetic price index / US$ equivalent;2024;22902,33313;23032,22506;120,178086;-0,070626303;Annual;01/01/80
Global;commodity;Synthetic price index / US$ equivalent;2025;22073,14804;22100,51066;133,0851356;-0,237891855;Annual;01/01/80
Global;commodity;Synthetic price index / US$ equivalent;2026;17061,82475;17075,27826;123,6691;-0,321994241;Annual;01/01/80
Global;copper;Synthetic price index / US$ equivalent;1980;12357,43784;12359,44302;1,227460515;-0,336046562;Annual;01/01/80
Global;copper;Synthetic price index / US$ equivalent;1981;12180,876;11928,80968;1,318797828;0,847898579;Annual;01/01/80
Global;copper;Synthetic price index / US$ equivalent;1982;12372,03434;12133,37433;1,295413921;0,021457263;Annual;01/01/80
Global;copper;Synthetic price index / US$ equivalent;1983;11869,25253;11851,67762;1,366564106;-0,737114813;Annual;01/01/80
Global;copper;Synthetic price index / US$ equivalent;1984;12673,61723;12343,68504;1,093803192;-1,818523148;Annual;01/01/80
Global;copper;Synthetic price index / US$ equivalent;1985;12810,56534;12880,76811;0,813942313;-1,704148108;Annual;01/01/80
Global;copper;Synthetic price index / US$ equivalent;1986;12879,88237;12707,27788;0,817557243;0,243410275;Annual;01/01/80
Global;copper;Synthetic price index / US$ equivalent;1987;12870,62019;12533,00444;0,653235715;-1,930975248;Annual;01/01/80
Global;copper;Synthetic price index / US$ equivalent;1988;13029,14849;12897,55099;0,568601296;-0,684157677;Annual;01/01/80
Global;copper;Synthetic price index / US$ equivalent;1989;13894,17878;13747,59922;0,49725469;-1,104862305;Annual;01/01/80
Global;copper;Synthetic price index / US$ equivalent;1990;14686,20574;14231,42485;0,428611309;-0,494972384;Annual;01/01/80
Global;copper;Synthetic price index / US$ equivalent;1991;14715,61202;14457,07948;0,443331993;0,814770234;Annual;01/01/80
Global;copper;Synthetic price index / US$ equivalent;1992;13530,15885;13327,0132;0,528086427;0,106032185;Annual;01/01/80
Global;copper;Synthetic price index / US$ equivalent;1993;14574,3123;14451,42094;0,479770383;0,151885677;Annual;01/01/80
Global;copper;Synthetic price index / US$ equivalent;1994;14198,65482;13726,56889;0,480282149;-0,31451579;Annual;01/01/80
Global;copper;Synthetic price index / US$ equivalent;1995;14841,1291;14518,4866;0,532931572;1,202148363;Annual;01/01/80
Global;copper;Synthetic price index / US$ equivalent;1996;15239,2478;15209,86296;0,622201109;1,374964423;Annual;01/01/80
Global;copper;Synthetic price index / US$ equivalent;1997;15205,05532;15188,78396;0,595367796;0,116164817;Annual;01/01/80
Global;copper;Synthetic price index / US$ equivalent;1998;15531,28226;15532,31255;0,611319045;0,263695558;Annual;01/01/80
Global;copper;Synthetic price index / US$ equivalent;1999;15467,43057;15332,61694;0,600493975;-0,288513684;Annual;01/01/80
Global;copper;Synthetic price index / US$ equivalent;2000;16318,3632;16332,84813;0,56257103;-1,197960852;Annual;01/01/80
Global;copper;Synthetic price index / US$ equivalent;2001;16417,71551;16103,96432;0,632184547;2,477362906;Annual;01/01/80
Global;copper;Synthetic price index / US$ equivalent;2002;16817,33869;16516,67929;0,738414972;1,18638412;Annual;01/01/80
Global;copper;Synthetic price index / US$ equivalent;2003;16957,21418;17207,45699;0,89007153;1,116699501;Annual;01/01/80
Global;copper;Synthetic price index / US$ equivalent;2004;17607,86259;17560,78609;0,866985406;-0,630210433;Annual;01/01/80
Global;copper;Synthetic price index / US$ equivalent;2005;18891,89328;18798,1275;0,869539328;-0,270935655;Annual;01/01/80
Global;copper;Synthetic price index / US$ equivalent;2006;19048,56402;19261,71171;0,88324898;1,528055255;Annual;01/01/80
Global;copper;Synthetic price index / US$ equivalent;2007;19730,29691;19849,94518;1,111243272;1,842721495;Annual;01/01/80
Global;copper;Synthetic price index / US$ equivalent;2008;20103,4027;19826,29073;1,46799652;2,850208758;Annual;01/01/80
Global;copper;Synthetic price index / US$ equivalent;2009;20027,77198;20053,23087;1,568779412;-0,7516104;Annual;01/01/80
Global;copper;Synthetic price index / US$ equivalent;2010;20780,60723;20819,13994;1,362947825;-1,695746192;Annual;01/01/80
Global;copper;Synthetic price index / US$ equivalent;2011;20345,01512;19935,76018;1,147312988;-0,855143461;Annual;01/01/80
Global;copper;Synthetic price index / US$ equivalent;2012;21344,9935;21171,32955;1,0154276;-0,741385534;Annual;01/01/80
Global;copper;Synthetic price index / US$ equivalent;2013;22062,25255;21598,57412;0,852517761;-1,182563142;Annual;01/01/80
Global;copper;Synthetic price index / US$ equivalent;2014;20909,89776;20986,54918;0,949314596;1,206537752;Annual;01/01/80
Global;copper;Synthetic price index / US$ equivalent;2015;21084,79554;20791,69123;1,02659844;0,402065972;Annual;01/01/80
Global;copper;Synthetic price index / US$ equivalent;2016;20487,38633;19999,33196;1,118290634;2,161095118;Annual;01/01/80
Global;copper;Synthetic price index / US$ equivalent;2017;20609,17312;20756,26605;1,474319042;2,415691589;Annual;01/01/80
Global;copper;Synthetic price index / US$ equivalent;2018;20790,4635;20681,51985;1,6057795;-0,420076017;Annual;01/01/80
Global;copper;Synthetic price index / US$ equivalent;2019;21276,11466;21423,60963;1,670633844;0,871082463;Annual;01/01/80
Global;copper;Synthetic price index / US$ equivalent;2020;22526,28762;22035,36705;1,538464151;-1,617786819;Annual;01/01/80
Global;copper;Synthetic price index / US$ equivalent;2021;21750,8401;21322,76403;1,250833749;-0,763317535;Annual;01/01/80
Global;copper;Synthetic price index / US$ equivalent;2022;23335,3168;22952,36487;1,340447302;1,486661842;Annual;01/01/80
Global;copper;Synthetic price index / US$ equivalent;2023;23888,16031;23405,30167;1,478854797;0,643181779;Annual;01/01/80
Global;copper;Synthetic price index / US$ equivalent;2024;23358,22492;23358,88401;1,684015189;0,469847007;Annual;01/01/80
Global;copper;Synthetic price index / US$ equivalent;2025;22574,42596;21958,26211;1,732187874;0,771389352;Annual;01/01/80
Global;copper;Synthetic price index / US$ equivalent;2026;16939,39059;16973,25429;1,954912335;0,536837087;Annual;01/01/80
Global;gold;Synthetic price index / US$ equivalent;1980;12135,666;11900,3522;502,3416024;-0,414224266;Annual;01/01/80
Global;gold;Synthetic price index / US$ equivalent;1981;12613,63078;12530,76021;453,9595164;-0,792568511;Annual;01/01/80
Global;gold;Synthetic price index / US$ equivalent;1982;12242,17878;12347,18776;447,4769478;-0,381148968;Annual;01/01/80
Global;gold;Synthetic price index / US$ equivalent;1983;11866,71556;11845,7493;405,5685158;-0,130556796;Annual;01/01/80
Global;gold;Synthetic price index / US$ equivalent;1984;13089,73658;13018,48058;412,5201906;-0,782395987;Annual;01/01/80
Global;gold;Synthetic price index / US$ equivalent;1985;13129,54668;12945,75411;392,0747706;-0,036793435;Annual;01/01/80
Global;gold;Synthetic price index / US$ equivalent;1986;12656,6491;12555,9011;421,951407;1,889192337;Annual;01/01/80
Global;gold;Synthetic price index / US$ equivalent;1987;12477,84172;12397,22148;424,3795536;-1,493150089;Annual;01/01/80
Global;gold;Synthetic price index / US$ equivalent;1988;13289,19162;13307,2756;378,5715334;-0,804704176;Annual;01/01/80
Global;gold;Synthetic price index / US$ equivalent;1989;13434,39186;13113,29136;371,1753484;0,45755108;Annual;01/01/80
Global;gold;Synthetic price index / US$ equivalent;1990;14680,44123;14617,27035;378,3007929;-0,069171703;Annual;01/01/80
Global;gold;Synthetic price index / US$ equivalent;1991;14675,9589;14393,56169;351,3838792;-0,834053648;Annual;01/01/80
Global;gold;Synthetic price index / US$ equivalent;1992;14129,85289;14179,43883;297,7103166;-0,243315995;Annual;01/01/80
Global;gold;Synthetic price index / US$ equivalent;1993;14151,22732;14117,53136;338,5198193;0,584931674;Annual;01/01/80
Global;gold;Synthetic price index / US$ equivalent;1994;14909,19598;14748,82562;301,3982298;-0,841517574;Annual;01/01/80
Global;gold;Synthetic price index / US$ equivalent;1995;14515,80294;14293,51018;349,6496106;2,573354363;Annual;01/01/80
Global;gold;Synthetic price index / US$ equivalent;1996;15140,26764;14921,45162;398,4569904;0,066470853;Annual;01/01/80
Global;gold;Synthetic price index / US$ equivalent;1997;15497,89066;15206,53566;402,2299832;0,139409669;Annual;01/01/80
Global;gold;Synthetic price index / US$ equivalent;1998;15447,17306;15420,50981;457,3207992;1,531541205;Annual;01/01/80
Global;gold;Synthetic price index / US$ equivalent;1999;15199,16441;14832,51429;476,1851006;-0,18870724;Annual;01/01/80
Global;gold;Synthetic price index / US$ equivalent;2000;16942,0171;16682,21936;499,0006487;0,254737838;Annual;01/01/80
Global;gold;Synthetic price index / US$ equivalent;2001;17058,33734;17087,44944;465,4082725;-0,379204548;Annual;01/01/80
Global;gold;Synthetic price index / US$ equivalent;2002;17423,28366;17426,33123;491,2373981;1,412118522;Annual;01/01/80
Global;gold;Synthetic price index / US$ equivalent;2003;16923,21098;16555,38256;542,4391221;-0,351660219;Annual;01/01/80
Global;gold;Synthetic price index / US$ equivalent;2004;17944,8402;17988,14642;439,9192389;-1,237860062;Annual;01/01/80
Global;gold;Synthetic price index / US$ equivalent;2005;18506,62164;18607,21066;441,8717272;-0,652173588;Annual;01/01/80
Global;gold;Synthetic price index / US$ equivalent;2006;19222,03983;19052,91286;438,6275379;1,361563331;Annual;01/01/80
Global;gold;Synthetic price index / US$ equivalent;2007;19534,57415;19077,88559;496,6074347;0,519037407;Annual;01/01/80
Global;gold;Synthetic price index / US$ equivalent;2008;20347,29567;19872,09133;471,5310753;-1,536175436;Annual;01/01/80
Global;gold;Synthetic price index / US$ equivalent;2009;20264,21194;19816,17996;404,4574038;0,596507682;Annual;01/01/80
Global;gold;Synthetic price index / US$ equivalent;2010;21137,75552;21071,24278;421,5995967;-0,703704887;Annual;01/01/80
Global;gold;Synthetic price index / US$ equivalent;2011;21091,49855;20953,05462;388,4726112;-0,737840552;Annual;01/01/80
Global;gold;Synthetic price index / US$ equivalent;2012;21291,43287;21214,8803;358,9699943;-0,21488641;Annual;01/01/80
Global;gold;Synthetic price index / US$ equivalent;2013;20853,36853;20630,79799;301,5400413;-2,247046651;Annual;01/01/80
Global;gold;Synthetic price index / US$ equivalent;2014;21170,12965;20394,78346;275,961121;-0,065413783;Annual;01/01/80
Global;gold;Synthetic price index / US$ equivalent;2015;20937,16919;20314,93017;273,5895918;0,914961796;Annual;01/01/80
Global;gold;Synthetic price index / US$ equivalent;2016;21729,18839;21624,77133;313,4672462;1,227498536;Annual;01/01/80
Global;gold;Synthetic price index / US$ equivalent;2017;20897,32788;20763,29188;363,5387972;0,671200919;Annual;01/01/80
Global;gold;Synthetic price index / US$ equivalent;2018;20739,45831;20239,46488;334,9466182;-1,156190258;Annual;01/01/80
Global;gold;Synthetic price index / US$ equivalent;2019;22244,61633;22249,97163;293,6041947;-0,149108141;Annual;01/01/80
Global;gold;Synthetic price index / US$ equivalent;2020;22279,3657;21996,13783;299,5331553;0,644033765;Annual;01/01/80
Global;gold;Synthetic price index / US$ equivalent;2021;22078,30475;22695,57862;354,5210496;1,242517413;Annual;01/01/80
Global;gold;Synthetic price index / US$ equivalent;2022;23256,39924;23629,45691;365,2374689;-0,908008095;Annual;01/01/80
Global;gold;Synthetic price index / US$ equivalent;2023;23045,97277;22837,69485;339,6858449;-0,119116026;Annual;01/01/80
Global;gold;Synthetic price index / US$ equivalent;2024;23329,54194;22770,21144;352,0352432;0,552188539;Annual;01/01/80
Global;gold;Synthetic price index / US$ equivalent;2025;21955,63124;21292,00537;358,5108346;-0,191502875;Annual;01/01/80
Global;gold;Synthetic price index / US$ equivalent;2026;17101,34298;17179,94938;359,7757879;1,34626725;Annual;01/01/80
Global;lithium;Synthetic price index / US$ equivalent;1980;12096,26748;12152,50966;4679,424617;2,426843532;Annual;01/01/80
Global;lithium;Synthetic price index / US$ equivalent;1981;12517,66797;12264,18168;7351,802806;3,607758685;Annual;01/01/80
Global;lithium;Synthetic price index / US$ equivalent;1982;12517,13802;12436,03476;7313,326075;-0,933849181;Annual;01/01/80
Global;lithium;Synthetic price index / US$ equivalent;1983;12155,94712;12003,22247;6458,682417;-1,3914888;Annual;01/01/80
Global;lithium;Synthetic price index / US$ equivalent;1984;12795,31768;12764,08955;4762,567535;-1,417837002;Annual;01/01/80
Global;lithium;Synthetic price index / US$ equivalent;1985;12764,62397;12732,19875;4484,912662;0,40421885;Annual;01/01/80
Global;lithium;Synthetic price index / US$ equivalent;1986;12678,99933;12507,75244;4801,039646;1,47522134;Annual;01/01/80
Global;lithium;Synthetic price index / US$ equivalent;1987;13031,331;12706,56024;6796,281855;1,824299293;Annual;01/01/80
Global;lithium;Synthetic price index / US$ equivalent;1988;12951,62328;13016,8237;6506,873038;0,361822174;Annual;01/01/80
Global;lithium;Synthetic price index / US$ equivalent;1989;13279,54802;13120,7266;6365,459854;-0,56094481;Annual;01/01/80
Global;lithium;Synthetic price index / US$ equivalent;1990;14027,52114;14118,40641;7051,725371;1,969342608;Annual;01/01/80
Global;lithium;Synthetic price index / US$ equivalent;1991;14239,22419;14080,18211;7195,89996;-0,999179602;Annual;01/01/80
Global;lithium;Synthetic price index / US$ equivalent;1992;13747,02669;13732,41432;7056,390196;1,116582521;Annual;01/01/80
Global;lithium;Synthetic price index / US$ equivalent;1993;14850,27567;15106,48071;8817,285611;3,383753875;Annual;01/01/80
Global;lithium;Synthetic price index / US$ equivalent;1994;14413,15046;14472,90589;10290,43633;0,431095835;Annual;01/01/80
Global;lithium;Synthetic price index / US$ equivalent;1995;14373,11186;14479,68533;10352,47562;-0,546540743;Annual;01/01/80
Global;lithium;Synthetic price index / US$ equivalent;1996;15146,98298;14938,94231;11489,2074;0,32670864;Annual;01/01/80
Global;lithium;Synthetic price index / US$ equivalent;1997;15183,26062;14800,49279;11304,69398;1,225486119;Annual;01/01/80
Global;lithium;Synthetic price index / US$ equivalent;1998;15401,86754;15544,11195;12808,6728;-0,270945278;Annual;01/01/80
Global;lithium;Synthetic price index / US$ equivalent;1999;15763,24197;15542,01528;11583,10489;-0,117755116;Annual;01/01/80
Global;lithium;Synthetic price index / US$ equivalent;2000;16329,28767;16246,67274;9960,472738;-1,665815491;Annual;01/01/80
Global;lithium;Synthetic price index / US$ equivalent;2001;16896,02088;16886,22917;9676,890902;-0,15737669;Annual;01/01/80
Global;lithium;Synthetic price index / US$ equivalent;2002;16770,63796;16383,61682;9608,978762;2,276230745;Annual;01/01/80
Global;lithium;Synthetic price index / US$ equivalent;2003;17170,95278;16500,12846;14252,48611;3,23654218;Annual;01/01/80
Global;lithium;Synthetic price index / US$ equivalent;2004;17727,49706;17660,07212;21286,45482;4,42361479;Annual;01/01/80
Global;lithium;Synthetic price index / US$ equivalent;2005;18732,8305;18723,69136;31666,92595;4,179115094;Annual;01/01/80
Global;lithium;Synthetic price index / US$ equivalent;2006;18829,46173;18244,69532;36372,11977;-3,175756319;Annual;01/01/80
Global;lithium;Synthetic price index / US$ equivalent;2007;20208,61136;20107,06981;32399,12283;2,493666309;Annual;01/01/80
Global;lithium;Synthetic price index / US$ equivalent;2008;20440,20787;20474,8244;34240,91263;-0,546681243;Annual;01/01/80
Global;lithium;Synthetic price index / US$ equivalent;2009;19778,85737;19134,47396;32653,65606;0,742590953;Annual;01/01/80
Global;lithium;Synthetic price index / US$ equivalent;2010;20602,43529;20969,04713;37506,3139;0,787432312;Annual;01/01/80
Global;lithium;Synthetic price index / US$ equivalent;2011;21206,70007;21339,9107;39443,08655;2,529813083;Annual;01/01/80
Global;lithium;Synthetic price index / US$ equivalent;2012;21097,96523;21133,17965;44346,8738;-0,247763166;Annual;01/01/80
Global;lithium;Synthetic price index / US$ equivalent;2013;21113,92722;20908,79264;39236,02268;-2,182057154;Annual;01/01/80
Global;lithium;Synthetic price index / US$ equivalent;2014;21710,34256;21660,78476;34664,61083;-0,137180705;Annual;01/01/80
Global;lithium;Synthetic price index / US$ equivalent;2015;20367,61444;20078,61703;20394,01269;-4,263901728;Annual;01/01/80
Global;lithium;Synthetic price index / US$ equivalent;2016;21534,59305;21318,10819;15699,83361;-0,903756712;Annual;01/01/80
Global;lithium;Synthetic price index / US$ equivalent;2017;20250,89671;20244,51272;14908,46483;0,076659546;Annual;01/01/80
Global;lithium;Synthetic price index / US$ equivalent;2018;20953,85536;20504,7359;19133,05728;4,593172076;Annual;01/01/80
Global;lithium;Synthetic price index / US$ equivalent;2019;21806,55731;21461,27257;19304,16007;-2,425168027;Annual;01/01/80
Global;lithium;Synthetic price index / US$ equivalent;2020;22146,70732;21844,98587;18665,10208;0,707166286;Annual;01/01/80
Global;lithium;Synthetic price index / US$ equivalent;2021;22730,00574;23039,71624;18959,27874;-0,506699968;Annual;01/01/80
Global;lithium;Synthetic price index / US$ equivalent;2022;22731,4857;22598,99257;18000,02554;-0,133231596;Annual;01/01/80
Global;lithium;Synthetic price index / US$ equivalent;2023;22529,02091;22622,59025;19071,90703;1,55369118;Annual;01/01/80
Global;lithium;Synthetic price index / US$ equivalent;2024;23449,69589;23168,50656;21235,06542;2,571519183;Annual;01/01/80
Global;lithium;Synthetic price index / US$ equivalent;2025;22179,72958;22099,70187;35526,4472;3,389627778;Annual;01/01/80
Global;lithium;Synthetic price index / US$ equivalent;2026;17768,42795;17236,66923;38923,56505;0,651688391;Annual;01/01/80
Global;maize;Synthetic price index / US$ equivalent;1980;11815,35481;11762,32535;97,56216661;1,095589636;Annual;01/01/80
Global;maize;Synthetic price index / US$ equivalent;1981;12088,84497;12078,45269;107,1374942;0,707712102;Annual;01/01/80
Global;maize;Synthetic price index / US$ equivalent;1982;12083,52879;11946,95842;118,6152233;0,260356161;Annual;01/01/80
Global;maize;Synthetic price index / US$ equivalent;1983;12300,14625;12154,09165;102,1095332;-1,674850433;Annual;01/01/80
Global;maize;Synthetic price index / US$ equivalent;1984;12500,998;12185,57475;95,66293505;-0,26720946;Annual;01/01/80
Global;maize;Synthetic price index / US$ equivalent;1985;13049,8993;13042,00293;87,15684533;-0,561756831;Annual;01/01/80
Global;maize;Synthetic price index / US$ equivalent;1986;12739,32339;12807,43822;72,98767618;-2,257411613;Annual;01/01/80
Global;maize;Synthetic price index / US$ equivalent;1987;13172,68791;12871,89806;73,84320027;0,93825407;Annual;01/01/80
Global;maize;Synthetic price index / US$ equivalent;1988;12751,73978;12496,74968;66,50089361;-1,385653876;Annual;01/01/80
Global;maize;Synthetic price index / US$ equivalent;1989;13625,04955;13453,83377;60,14513551;0,120494666;Annual;01/01/80
Global;maize;Synthetic price index / US$ equivalent;1990;14287,0157;13924,9191;62,26005931;0,673509988;Annual;01/01/80
Global;maize;Synthetic price index / US$ equivalent;1991;14525,45959;14281,79457;70,74256936;0,470056654;Annual;01/01/80
Global;maize;Synthetic price index / US$ equivalent;1992;13974,18603;13856,08179;57,38029526;-2,093448384;Annual;01/01/80
Global;maize;Synthetic price index / US$ equivalent;1993;14161,25603;13879,61356;52,96954311;-0,003963742;Annual;01/01/80
Global;maize;Synthetic price index / US$ equivalent;1994;14132,07501;13743,91737;49,47610562;-0,998525793;Annual;01/01/80
Global;maize;Synthetic price index / US$ equivalent;1995;14546,01882;14489,8664;43,42402306;-0,541031548;Annual;01/01/80
Global;maize;Synthetic price index / US$ equivalent;1996;14996,86383;14899,75573;45,52577222;0,435653376;Annual;01/01/80
Global;maize;Synthetic price index / US$ equivalent;1997;15525,76114;15463,7765;46,96324782;1,000130933;Annual;01/01/80
Global;maize;Synthetic price index / US$ equivalent;1998;15119,77264;15124,80349;53,8856325;0,890102709;Annual;01/01/80
Global;maize;Synthetic price index / US$ equivalent;1999;15383,98091;15230,68962;61,66613459;0,947539082;Annual;01/01/80
Global;maize;Synthetic price index / US$ equivalent;2000;16340,67715;16233,18817;59,16996348;-0,868922198;Annual;01/01/80
Global;maize;Synthetic price index / US$ equivalent;2001;16925,78486;16893,52095;57,61470224;0,084687617;Annual;01/01/80
Global;maize;Synthetic price index / US$ equivalent;2002;16893,32263;16730,78916;51,394204;-1,659743678;Annual;01/01/80
Global;maize;Synthetic price index / US$ equivalent;2003;17356,75203;16892,02682;41,3570439;-1,390276564;Annual;01/01/80
Global;maize;Synthetic price index / US$ equivalent;2004;17380,76479;17251,48859;36,64342222;-0,319064295;Annual;01/01/80
Global;maize;Synthetic price index / US$ equivalent;2005;18717,56602;18901,06915;34,23026414;-0,778406591;Annual;01/01/80
Global;maize;Synthetic price index / US$ equivalent;2006;18847,28266;19212,38685;34,35611176;0,194155199;Annual;01/01/80
Global;maize;Synthetic price index / US$ equivalent;2007;20474,14572;20202,70744;37,14128107;1,414247011;Annual;01/01/80
Global;maize;Synthetic price index / US$ equivalent;2008;21123,71135;20780,29667;40,50016131;0,683695836;Annual;01/01/80
Global;maize;Synthetic price index / US$ equivalent;2009;20051,44705;19970,26907;40,54385146;-0,853367381;Annual;01/01/80
Global;maize;Synthetic price index / US$ equivalent;2010;20985,23315;21057,13377;36,41045068;-0,726033797;Annual;01/01/80
Global;maize;Synthetic price index / US$ equivalent;2011;21366,50973;21094,05906;33,80610294;-0,592207533;Annual;01/01/80
Global;maize;Synthetic price index / US$ equivalent;2012;21432,64862;20960,23005;34,74952873;1,029397633;Annual;01/01/80
Global;maize;Synthetic price index / US$ equivalent;2013;21415,73489;21297,42354;40,28581604;1,419836817;Annual;01/01/80
Global;maize;Synthetic price index / US$ equivalent;2014;21158,04991;20888,86513;50,04336802;2,867825571;Annual;01/01/80
Global;maize;Synthetic price index / US$ equivalent;2015;20955,69155;20221,85729;56,80817924;-0,742466619;Annual;01/01/80
Global;maize;Synthetic price index / US$ equivalent;2016;20654,82082;20633,87378;52,89069457;-0,009083857;Annual;01/01/80
Global;maize;Synthetic price index / US$ equivalent;2017;20412,57448;19805,13342;59,61526715;2,310779538;Annual;01/01/80
Global;maize;Synthetic price index / US$ equivalent;2018;21233,28666;20947,56977;65,03045478;-0,596944113;Annual;01/01/80
Global;maize;Synthetic price index / US$ equivalent;2019;21582,34677;20779,35827;56,88678053;-0,555214233;Annual;01/01/80
Global;maize;Synthetic price index / US$ equivalent;2020;22243,16309;21830,55093;55,85386707;-1,924487612;Annual;01/01/80
Global;maize;Synthetic price index / US$ equivalent;2021;22125,14201;21657,0732;48,20613178;0,73495648;Annual;01/01/80
Global;maize;Synthetic price index / US$ equivalent;2022;23546,56387;23026,69879;48,09032632;-0,777362499;Annual;01/01/80
Global;maize;Synthetic price index / US$ equivalent;2023;23390,52111;23092,33313;56,73754929;2,949501302;Annual;01/01/80
Global;maize;Synthetic price index / US$ equivalent;2024;21819,02045;21548,79274;63,41577165;0,909659568;Annual;01/01/80
Global;maize;Synthetic price index / US$ equivalent;2025;22324,87689;22419,572;80,3029379;1,926819017;Annual;01/01/80
Global;maize;Synthetic price index / US$ equivalent;2026;16542,69853;16217,30944;83,12850157;-1,281418532;Annual;01/01/80
Global;platinum;Synthetic price index / US$ equivalent;1980;12206,4211;11945,24877;456,4077742;0,442921577;Annual;01/01/80
Global;platinum;Synthetic price index / US$ equivalent;1981;12348,33111;12373,83788;481,2701565;0,670492497;Annual;01/01/80
Global;platinum;Synthetic price index / US$ equivalent;1982;12281,18709;12242,2502;468,9053521;0,912093001;Annual;01/01/80
Global;platinum;Synthetic price index / US$ equivalent;1983;11735,06862;11475,80415;627,4573565;2,18398571;Annual;01/01/80
Global;platinum;Synthetic price index / US$ equivalent;1984;12354,05951;12255,49296;583,6312672;-2,465678881;Annual;01/01/80
Global;platinum;Synthetic price index / US$ equivalent;1985;12794,35594;12737,4237;511,5477359;0,421324398;Annual;01/01/80
Global;platinum;Synthetic price index / US$ equivalent;1986;12802,15307;12514,84322;563,8568623;1,490510494;Annual;01/01/80
Global;platinum;Synthetic price index / US$ equivalent;1987;13066,75541;12879,5636;735,9665571;2,480821955;Annual;01/01/80
Global;platinum;Synthetic price index / US$ equivalent;1988;13119,23408;12902,11923;693,2511032;-1,765539662;Annual;01/01/80
Global;platinum;Synthetic price index / US$ equivalent;1989;13992,59769;13756,99443;658,7561115;-0,304452285;Annual;01/01/80
Global;platinum;Synthetic price index / US$ equivalent;1990;13980,32423;13700,7767;661,0504438;0,072766109;Annual;01/01/80
Global;platinum;Synthetic price index / US$ equivalent;1991;14480,22166;14153,41949;691,3186858;0,449519926;Annual;01/01/80
Global;platinum;Synthetic price index / US$ equivalent;1992;14070,70266;13965,0322;633,950391;-0,905001831;Annual;01/01/80
Global;platinum;Synthetic price index / US$ equivalent;1993;14235,67401;13925,64175;529,8217774;-1,060930271;Annual;01/01/80
Global;platinum;Synthetic price index / US$ equivalent;1994;14778,83146;14524,3314;555,5851586;0,248631571;Annual;01/01/80
Global;platinum;Synthetic price index / US$ equivalent;1995;14872,39056;14573,36342;441,6677271;-1,953876376;Annual;01/01/80
Global;platinum;Synthetic price index / US$ equivalent;1996;15714,1641;15635,75291;392,985941;-0,880102897;Annual;01/01/80
Global;platinum;Synthetic price index / US$ equivalent;1997;15828,21471;15806,05811;347,5570078;-1,486187727;Annual;01/01/80
Global;platinum;Synthetic price index / US$ equivalent;1998;15751,81902;15875,38598;318,7002629;0,310511684;Annual;01/01/80
Global;platinum;Synthetic price index / US$ equivalent;1999;16408,09851;15846,13397;322,9394618;-0,105506025;Annual;01/01/80
Global;platinum;Synthetic price index / US$ equivalent;2000;16603,69221;16482,94638;315,8251628;-0,130454972;Annual;01/01/80
Global;platinum;Synthetic price index / US$ equivalent;2001;17187,10913;17249,20175;290,4337899;-0,855426376;Annual;01/01/80
Global;platinum;Synthetic price index / US$ equivalent;2002;16658,89479;16378,79666;265,1078868;-1,156217245;Annual;01/01/80
Global;platinum;Synthetic price index / US$ equivalent;2003;16995,255;16672,00185;259,8875328;0,479323443;Annual;01/01/80
Global;platinum;Synthetic price index / US$ equivalent;2004;17487,79663;17374,71742;220,7713665;-1,825481444;Annual;01/01/80
Global;platinum;Synthetic price index / US$ equivalent;2005;19037,67327;18418,31896;182,8727341;-0,224330556;Annual;01/01/80
Global;platinum;Synthetic price index / US$ equivalent;2006;19425,0248;19486,02506;198,5578593;0,172087724;Annual;01/01/80
Global;platinum;Synthetic price index / US$ equivalent;2007;20668,26705;20403,72925;204,3227843;0,833593619;Annual;01/01/80
Global;platinum;Synthetic price index / US$ equivalent;2008;20369,24322;20383,08889;205,3667572;0,353576867;Annual;01/01/80
Global;platinum;Synthetic price index / US$ equivalent;2009;20700,62067;20778,23003;235,0010704;1,133674127;Annual;01/01/80
Global;platinum;Synthetic price index / US$ equivalent;2010;20257,32154;19968,98386;226,318916;-1,42123441;Annual;01/01/80
Global;platinum;Synthetic price index / US$ equivalent;2011;21234,07708;20601,15962;189,9785804;-1,290955023;Annual;01/01/80
Global;platinum;Synthetic price index / US$ equivalent;2012;20472,44522;20246,87985;178,448644;0,28013664;Annual;01/01/80
Global;platinum;Synthetic price index / US$ equivalent;2013;21628,90086;21339,40201;173,8671135;-0,427431383;Annual;01/01/80
Global;platinum;Synthetic price index / US$ equivalent;2014;21310,08048;21373,97614;161,6963026;-0,488910734;Annual;01/01/80
Global;platinum;Synthetic price index / US$ equivalent;2015;21677,31172;21481,40417;149,89511;-0,707859348;Annual;01/01/80
Global;platinum;Synthetic price index / US$ equivalent;2016;20532,3041;20357,49649;164,0085895;2,576495582;Annual;01/01/80
Global;platinum;Synthetic price index / US$ equivalent;2017;21379,02424;21067,16173;196,1365007;0,128678685;Annual;01/01/80
Global;platinum;Synthetic price index / US$ equivalent;2018;21543,23274;21401,06938;244,9951237;3,042463687;Annual;01/01/80
Global;platinum;Synthetic price index / US$ equivalent;2019;21649,23982;21326,88988;316,3326728;1,43870039;Annual;01/01/80
Global;platinum;Synthetic price index / US$ equivalent;2020;21966,19976;21453,34264;322,0188686;0,303881857;Annual;01/01/80
Global;platinum;Synthetic price index / US$ equivalent;2021;22473,43575;22321,60224;310,0631706;-1,365799172;Annual;01/01/80
Global;platinum;Synthetic price index / US$ equivalent;2022;22922,54685;22882,09532;296,5348688;1,576858364;Annual;01/01/80
Global;platinum;Synthetic price index / US$ equivalent;2023;22915,89112;22542,82248;360,9607374;1,763035284;Annual;01/01/80
Global;platinum;Synthetic price index / US$ equivalent;2024;23226,75795;22790,14366;446,4395675;0,754561056;Annual;01/01/80
Global;platinum;Synthetic price index / US$ equivalent;2025;21747,71134;21812,75269;356,1970582;-3,165064555;Annual;01/01/80
Global;platinum;Synthetic price index / US$ equivalent;2026;16682,33407;16539,59103;351,0330618;3,227228173;Annual;01/01/80
Global;tobacco;Synthetic price index / US$ equivalent;1980;12044,41174;12293,66728;1,449768384;-0,214590981;Annual;01/01/80
Global;tobacco;Synthetic price index / US$ equivalent;1981;12364,19302;12180,87408;1,684379387;2,313955893;Annual;01/01/80
Global;tobacco;Synthetic price index / US$ equivalent;1982;12305,54392;12165,96299;1,766917163;-0,119777429;Annual;01/01/80
Global;tobacco;Synthetic price index / US$ equivalent;1983;11898,65845;11963,44045;1,711358031;0,290946029;Annual;01/01/80
Global;tobacco;Synthetic price index / US$ equivalent;1984;12471,29863;12563,94838;1,841242609;0,531027831;Annual;01/01/80
Global;tobacco;Synthetic price index / US$ equivalent;1985;12700,97793;12451,23996;1,94100787;0,33089263;Annual;01/01/80
Global;tobacco;Synthetic price index / US$ equivalent;1986;12672,37034;12865,61778;2,127744419;0,758628131;Annual;01/01/80
Global;tobacco;Synthetic price index / US$ equivalent;1987;13127,26944;13025,56481;2,463578649;1,139337208;Annual;01/01/80
Global;tobacco;Synthetic price index / US$ equivalent;1988;13153,74007;12924,36951;2,337610318;-0,642411064;Annual;01/01/80
Global;tobacco;Synthetic price index / US$ equivalent;1989;13804,53685;13498,34094;2,273519257;-0,185903576;Annual;01/01/80
Global;tobacco;Synthetic price index / US$ equivalent;1990;13989,71836;13927,26168;2,167623201;-0,548744759;Annual;01/01/80
Global;tobacco;Synthetic price index / US$ equivalent;1991;14498,91762;14259,72064;2,261483378;1,003170809;Annual;01/01/80
Global;tobacco;Synthetic price index / US$ equivalent;1992;13997,27862;14178,01413;2,412405814;1,000225138;Annual;01/01/80
Global;tobacco;Synthetic price index / US$ equivalent;1993;14923,49082;14874,85506;2,57807591;-0,001995523;Annual;01/01/80
Global;tobacco;Synthetic price index / US$ equivalent;1994;14697,60449;14631,17106;2,728337369;0,421668229;Annual;01/01/80
Global;tobacco;Synthetic price index / US$ equivalent;1995;14368,09548;14205,83129;2,809048072;1,111103072;Annual;01/01/80
Global;tobacco;Synthetic price index / US$ equivalent;1996;14896,91398;14878,22925;3,159834929;0,823921049;Annual;01/01/80
Global;tobacco;Synthetic price index / US$ equivalent;1997;15556,3688;15270,96739;3,671685141;1,368453878;Annual;01/01/80
Global;tobacco;Synthetic price index / US$ equivalent;1998;15436,49469;15279,79626;4,001598885;0,04116803;Annual;01/01/80
Global;tobacco;Synthetic price index / US$ equivalent;1999;15292,38597;15015,19152;3,838789797;0,337758253;Annual;01/01/80
Global;tobacco;Synthetic price index / US$ equivalent;2000;16281,4268;15950,27588;4,113956428;-0,087896121;Annual;01/01/80
Global;tobacco;Synthetic price index / US$ equivalent;2001;17150,68395;16539,34926;3,963881227;0,434266497;Annual;01/01/80
Global;tobacco;Synthetic price index / US$ equivalent;2002;16621,03042;16590,01167;4,45923425;0,350627605;Annual;01/01/80
Global;tobacco;Synthetic price index / US$ equivalent;2003;17204,44681;16876,36835;4,300111057;0,693714068;Annual;01/01/80
Global;tobacco;Synthetic price index / US$ equivalent;2004;17584,06119;17400,6881;4,946376954;1,15824273;Annual;01/01/80
Global;tobacco;Synthetic price index / US$ equivalent;2005;18858,4427;18112,9228;6,157557462;2,630899814;Annual;01/01/80
Global;tobacco;Synthetic price index / US$ equivalent;2006;19464,77823;19192,86276;6,405942586;-1,962834285;Annual;01/01/80
Global;tobacco;Synthetic price index / US$ equivalent;2007;19425,10705;19316,87244;5,949447314;0,213888026;Annual;01/01/80
Global;tobacco;Synthetic price index / US$ equivalent;2008;20458,65332;20311,85376;5,318653382;-1,672707084;Annual;01/01/80
Global;tobacco;Synthetic price index / US$ equivalent;2009;20444,30512;19904,749;5,391724693;2,658107822;Annual;01/01/80
Global;tobacco;Synthetic price index / US$ equivalent;2010;20399,93927;20118,08575;6,452649133;0,371453487;Annual;01/01/80
Global;tobacco;Synthetic price index / US$ equivalent;2011;20540,44773;20858,75612;7,077406882;0,202677561;Annual;01/01/80
Global;tobacco;Synthetic price index / US$ equivalent;2012;21308,25042;21227,65971;7,137268718;0,317115749;Annual;01/01/80
Global;tobacco;Synthetic price index / US$ equivalent;2013;21604,45911;21621,04299;6,90747851;0,463135159;Annual;01/01/80
Global;tobacco;Synthetic price index / US$ equivalent;2014;21255,94481;21308,23941;6,994193821;-0,600525399;Annual;01/01/80
Global;tobacco;Synthetic price index / US$ equivalent;2015;21106,0412;20879,87913;6,41194711;-0,323946264;Annual;01/01/80
Global;tobacco;Synthetic price index / US$ equivalent;2016;21150,48556;21255,67399;6,420919976;-0,17493478;Annual;01/01/80
Global;tobacco;Synthetic price index / US$ equivalent;2017;20698,01527;20618,40478;5,938519131;-0,581303768;Annual;01/01/80
Global;tobacco;Synthetic price index / US$ equivalent;2018;20377,71991;20328,43278;5,466136878;-0,936308388;Annual;01/01/80
Global;tobacco;Synthetic price index / US$ equivalent;2019;21507,59695;21334,33129;5,092245581;0,577176824;Annual;01/01/80
Global;tobacco;Synthetic price index / US$ equivalent;2020;22791,96662;21879,9927;5,282565496;-0,473163383;Annual;01/01/80
Global;tobacco;Synthetic price index / US$ equivalent;2021;22366,65225;21981,48059;4,955601929;-0,159963245;Annual;01/01/80
Global;tobacco;Synthetic price index / US$ equivalent;2022;23617,94745;23425,40451;5,456873205;1,622529735;Annual;01/01/80
Global;tobacco;Synthetic price index / US$ equivalent;2023;23394,15427;23205,63257;5,629974622;-0,685216893;Annual;01/01/80
Global;tobacco;Synthetic price index / US$ equivalent;2024;22894,17465;22688,35989;5,459967508;0,237887876;Annual;01/01/80
Global;tobacco;Synthetic price index / US$ equivalent;2025;22592,14883;22144,81169;5,352747732;-0,486482497;Annual;01/01/80
Global;tobacco;Synthetic price index / US$ equivalent;2026;17557,95171;17638,24623;5,91046431;1,221186906;Annual;01/01/80