date;iso3;country;direct_investment_assets;direct_investment_liabilities;portfolio_assets;portfolio_liabilities;other_investment_assets;other_investment_liabilities;reserve_assets;gross_external_assets;gross_external_liabilities;net_iip;unit
01/01/80;ZWE;Zimbabwe;299,8478;598,9265908;119,93912;299,8097621;499,7463334;999,3658738;926,7238605;1846,257114;1898,102227;-51,84511272;USD million
01/02/80;ZWE;Zimbabwe;300,1513927;598,2304192;120,0605571;300,1892529;500,2523212;1000,630843;948,2721344;1868,736406;1899,050515;-30,31410947;USD million
01/03/80;ZWE;Zimbabwe;301,0667917;600,7237842;120,4267167;301,3340818;501,7779862;1004,446939;972,2717457;1895,54324;1906,504805;-10,96156524;USD million
01/04/80;ZWE;Zimbabwe;300,6566899;601,1596443;120,262676;300,8210869;501,0944832;1002,736956;974,0267572;1896,040606;1904,717688;-8,677081227;USD million
01/05/80;ZWE;Zimbabwe;300,5201045;604,7349497;120,2080418;300,6502714;500,8668408;1002,167571;979,6660918;1901,261079;1907,552793;-6,291713757;USD million
01/06/80;ZWE;Zimbabwe;300,4563633;606,9315357;120,1825453;300,5705626;500,7606056;1001,901875;953,3585408;1874,758055;1909,403974;-34,64591863;USD million
01/07/80;ZWE;Zimbabwe;299,5647555;607,1694287;119,8259022;299,4560431;499,2745925;998,1868103;931,6032725;1850,268523;1904,812282;-54,54375935;USD million
01/08/80;ZWE;Zimbabwe;299,2753296;610,2515446;119,7101319;299,0944357;498,7922161;996,9814524;940,8702108;1858,647888;1906,327433;-47,67954443;USD million
01/09/80;ZWE;Zimbabwe;299,210024;613,6434362;119,6840096;299,0128552;498,6833733;996,7095175;905,20389;1822,781297;1909,365809;-86,58451202;USD million
01/10/80;ZWE;Zimbabwe;299,8658948;614,8987805;119,9463579;299,8323779;499,7764914;999,4412596;914,4112833;1834,000027;1914,172418;-80,17239057;USD million
01/11/80;ZWE;Zimbabwe;299,6899756;618,4844675;119,8759902;299,6125195;499,4832926;998,7083984;878,9726197;1798,021878;1916,805385;-118,7835073;USD million
01/12/80;ZWE;Zimbabwe;298,9272233;618,5549639;119,5708893;298,659629;498,2120388;995,5320967;888,4528155;1805,162967;1912,74669;-107,5837229;USD million
01/01/81;ZWE;Zimbabwe;298,1585294;622,473912;119,2634118;297,6999306;496,9308823;992,333102;915,5202561;1829,87308;1912,506945;-82,6338651;USD million
01/02/81;ZWE;Zimbabwe;298,4657433;627,2970442;119,3862973;298,0834067;497,4429054;993,6113556;925,1711014;1840,466047;1918,991806;-78,52575896;USD million
01/03/81;ZWE;Zimbabwe;299,5590696;633,0193134;119,8236278;299,4489383;499,2651159;998,1631275;919,5112707;1838,159084;1930,631379;-92,47229512;USD million
01/04/81;ZWE;Zimbabwe;300,3020696;636,7632516;120,1208279;300,3776346;500,5034494;1001,258782;946,6646671;1867,591014;1938,399668;-70,80865403;USD million
01/05/81;ZWE;Zimbabwe;300,5779688;640,3194519;120,2311875;300,7226349;500,9632813;1002,408783;973,1169704;1894,889408;1943,45087;-48,56146163;USD million
01/06/81;ZWE;Zimbabwe;301,4765831;646,0273931;120,5906332;301,8468631;502,4609718;1006,15621;963,0794786;1887,607667;1954,030466;-66,42279956;USD million
01/07/81;ZWE;Zimbabwe;301,3319657;648,8960959;120,5327863;301,6658802;502,2199429;1005,552934;936,8802427;1860,964938;1956,11491;-95,14997231;USD million
01/08/81;ZWE;Zimbabwe;301,0345082;653,7861535;120,4138033;301,2936921;501,7241803;1004,312307;953,5748606;1876,747352;1959,392153;-82,64480036;USD million
01/09/81;ZWE;Zimbabwe;300,9052879;654,6116467;120,3621152;301,1320365;501,5088132;1003,773455;947,7591097;1870,535326;1959,517138;-88,981812;USD million
01/10/81;ZWE;Zimbabwe;301,1681475;657,0292833;120,467259;301,4608944;501,9469125;1004,869648;939,1901154;1862,772434;1963,359826;-100,5873912;USD million
01/11/81;ZWE;Zimbabwe;301,5334057;660,5299944;120,6133623;301,9179802;502,5556761;1006,393267;929,4021062;1854,10455;1968,841242;-114,7366916;USD million
01/12/81;ZWE;Zimbabwe;302,010374;664,5347849;120,8041496;302,515069;503,3506234;1008,383563;926,5016075;1852,666755;1975,433417;-122,7666629;USD million
01/01/82;ZWE;Zimbabwe;302,028295;666,3993005;120,811318;302,5375079;503,3804917;1008,45836;929,6216346;1855,841739;1977,395168;-121,5534287;USD million
01/02/82;ZWE;Zimbabwe;302,5664121;669,6226904;121,0265649;303,2114383;504,2773536;1010,704794;935,3339239;1863,204254;1983,538923;-120,3346687;USD million
01/03/82;ZWE;Zimbabwe;302,9294648;667,5516387;121,1717859;303,6662898;504,8824414;1012,220966;927,8813093;1856,865001;1983,438895;-126,5738933;USD million
01/04/82;ZWE;Zimbabwe;303,2666845;673,5605207;121,3066738;304,0888985;505,4444741;1013,629662;946,984152;1877,001984;1991,279081;-114,2770963;USD million
01/05/82;ZWE;Zimbabwe;302,723818;674,3782081;121,0895272;303,4086279;504,5396966;1011,362093;940,5682549;1868,921297;1989,148929;-120,2276323;USD million
01/06/82;ZWE;Zimbabwe;302,5850296;681,0645631;121,0340119;303,23476;504,3083827;1010,782533;922,5056926;1850,433117;1995,081856;-144,6487395;USD million
01/07/82;ZWE;Zimbabwe;303,4683342;684,5006832;121,3873337;304,341665;505,780557;1014,472217;909,7912518;1840,427477;2003,314565;-162,8870881;USD million
01/08/82;ZWE;Zimbabwe;304,575397;687,660562;121,8301588;305,7301083;507,6256617;1019,100361;921,5642599;1855,595477;2012,491031;-156,8955537;USD million
01/09/82;ZWE;Zimbabwe;304,3917057;691,7299726;121,7566823;305,4996409;507,3195095;1018,332136;939,6062827;1873,07418;2015,56175;-142,4875699;USD million
01/10/82;ZWE;Zimbabwe;304,9489768;697,8173761;121,9795907;306,1989252;508,2482947;1020,663084;919,9186938;1855,095556;2024,679385;-169,5838294;USD million
01/11/82;ZWE;Zimbabwe;305,2677611;698,0167847;122,1071044;306,5990912;508,7796019;1021,996971;886,6971999;1822,851667;2026,612847;-203,7611793;USD million
01/12/82;ZWE;Zimbabwe;304,9879223;697,1929917;121,9951689;306,2478074;508,3132039;1020,826025;887,7719146;1823,06821;2024,266824;-201,1986142;USD million
01/01/83;ZWE;Zimbabwe;304,9178597;697,2802686;121,9671439;306,1598699;508,1964328;1020,5329;866,9285427;1802,009979;2023,973038;-221,963059;USD million
01/02/83;ZWE;Zimbabwe;304,9274868;701,2864732;121,9709947;306,1719529;508,212478;1020,573176;824,6339031;1759,744863;2028,031602;-268,2867395;USD million
01/03/83;ZWE;Zimbabwe;305,1253647;701,7220159;122,0501459;306,4203298;508,5422745;1021,401099;806,8670701;1742,584855;2029,543445;-286,95859;USD million
01/04/83;ZWE;Zimbabwe;304,6902231;704,4526701;121,8760892;305,8741917;507,8170384;1019,580639;767,9255574;1702,308908;2029,907501;-327,5985929;USD million
01/05/83;ZWE;Zimbabwe;304,2911908;707,2128407;121,7164763;305,3735452;507,1519846;1017,911817;766,6632455;1699,822897;2030,498203;-330,6753059;USD million
01/06/83;ZWE;Zimbabwe;304,4640589;711,4869643;121,7856236;305,5904144;507,4400982;1018,634715;749,1562711;1682,846052;2035,712093;-352,8660414;USD million
01/07/83;ZWE;Zimbabwe;304,8862466;714,0070527;121,9544986;306,120193;508,1437443;1020,400643;778,4971219;1713,481611;2040,527889;-327,0462779;USD million
01/08/83;ZWE;Zimbabwe;304,8637556;711,0001872;121,9455023;306,0919659;508,1062594;1020,306553;769,7895271;1704,705044;2037,398706;-332,6936615;USD million
01/09/83;ZWE;Zimbabwe;304,5425445;713,9675891;121,8170178;305,6888874;507,5709074;1018,962958;729,0331015;1662,963571;2038,619435;-375,6558633;USD million
01/10/83;ZWE;Zimbabwe;305,3454432;719,3176253;122,1381773;306,6966204;508,909072;1022,322068;753,857743;1690,250435;2048,336314;-358,0858781;USD million
01/11/83;ZWE;Zimbabwe;305,5467866;726,2121666;122,2187147;306,9494342;509,2446444;1023,164781;719,9243244;1656,93447;2056,326382;-399,3919114;USD million
01/12/83;ZWE;Zimbabwe;305,6674321;726,7128528;122,2669728;307,1009408;509,4457202;1023,669803;705,5694346;1642,94956;2057,483596;-414,5340367;USD million
01/01/84;ZWE;Zimbabwe;306,3514145;728,5096569;122,5405658;307,9601686;510,5856908;1026,533895;704,9210531;1644,398724;2063,003721;-418,6049966;USD million
01/02/84;ZWE;Zimbabwe;306,6509636;730,2181435;122,6603854;308,3366172;511,0849393;1027,788724;673,1122527;1613,508541;2066,343485;-452,8349438;USD million
01/03/84;ZWE;Zimbabwe;307,1160077;736,0728777;122,8464031;308,9212286;511,8600128;1029,737429;684,915571;1626,737995;2074,731535;-447,9935401;USD million
01/04/84;ZWE;Zimbabwe;307,0897697;738,4805767;122,8359079;308,8882386;511,8162828;1029,627462;685,4863037;1627,228264;2076,996277;-449,7680132;USD million
01/05/84;ZWE;Zimbabwe;308,0238998;741,3541381;123,2095599;310,0631859;513,3731663;1033,543953;667,614074;1612,2207;2084,961277;-472,7405769;USD million
01/06/84;ZWE;Zimbabwe;307,8616846;741,691613;123,1446738;309,8590879;513,1028077;1032,863626;668,5140958;1612,623262;2084,414327;-471,7910654;USD million
01/07/84;ZWE;Zimbabwe;308,0855282;744,9429622;123,2342113;310,1407334;513,4758804;1033,802445;653,4970768;1598,292697;2088,88614;-490,5934436;USD million
01/08/84;ZWE;Zimbabwe;308,1986005;750,1155295;123,2794402;310,2830231;513,6643341;1034,276744;604,5157956;1549,65817;2094,675296;-545,0171258;USD million
01/09/84;ZWE;Zimbabwe;308,2086826;750,3033521;123,283473;310,295711;513,6811377;1034,319037;606,5759643;1551,749258;2094,9181;-543,1688424;USD million
01/10/84;ZWE;Zimbabwe;308,0266783;751,8578553;123,2106713;310,0666821;513,3777972;1033,555607;571,7709304;1516,386077;2095,480144;-579,0940671;USD million
01/11/84;ZWE;Zimbabwe;308,5600503;753,5286117;123,4240201;310,7379578;514,2667505;1035,793193;569,9035302;1516,154351;2100,059762;-583,9054109;USD million
01/12/84;ZWE;Zimbabwe;308,9633655;761,0687038;123,5853462;311,2457431;514,9389425;1037,48581;542,6956311;1490,183285;2109,800257;-619,6169718;USD million
01/01/85;ZWE;Zimbabwe;309,2674384;766,5361586;123,7069754;311,6286891;515,4457306;1038,762297;517,6230139;1466,043158;2116,927145;-650,8839864;USD million
01/02/85;ZWE;Zimbabwe;309,8626451;769,7886381;123,945058;312,3785582;516,4377418;1041,261861;526,973394;1477,218839;2123,429057;-646,2102182;USD million
01/03/85;ZWE;Zimbabwe;309,6728238;772,7236593;123,8691295;312,1393733;516,1213729;1040,464578;518,7505317;1468,413858;2125,32761;-656,9137526;USD million
01/04/85;ZWE;Zimbabwe;309,1489842;775,327997;123,6595937;311,4794981;515,2483071;1038,264994;553,1447295;1501,201614;2125,072489;-623,8708741;USD million
01/05/85;ZWE;Zimbabwe;309,6186465;778,2778652;123,8474586;312,0711139;516,0310775;1040,237046;552,2657249;1501,762908;2130,586025;-628,8231177;USD million
01/06/85;ZWE;Zimbabwe;309,4743011;778,0185709;123,7897204;311,8892635;515,7905018;1039,630878;547,6701227;1496,724646;2129,538713;-632,8140667;USD million
01/07/85;ZWE;Zimbabwe;309,4852261;781,3570613;123,7940904;311,9030264;515,8087102;1039,676755;546,8816746;1495,969701;2132,936842;-636,967141;USD million
01/08/85;ZWE;Zimbabwe;309,2986408;782,1412868;123,7194563;311,6679904;515,4977347;1038,893301;557,3139058;1505,829738;2132,702579;-626,872841;USD million
01/09/85;ZWE;Zimbabwe;309,1626273;783,9767963;123,6650509;311,4966805;515,2710455;1038,322268;540,3468376;1488,445561;2133,795745;-645,350184;USD million
01/10/85;ZWE;Zimbabwe;309,7217753;786,748152;123,8887101;312,2010513;516,2029588;1040,670171;564,6358938;1514,449338;2139,619374;-625,1700364;USD million
01/11/85;ZWE;Zimbabwe;309,6691753;787,1272597;123,8676701;312,1347765;516,1152922;1040,449255;553,25697;1502,909108;2139,711291;-636,8021834;USD million
01/12/85;ZWE;Zimbabwe;309,9030581;792,5570517;123,9612233;312,4294856;516,5050969;1041,431619;544,9405758;1495,309954;2146,418156;-651,1082016;USD million
01/01/86;ZWE;Zimbabwe;309,780899;793,7153902;123,9123596;312,2755493;516,3014983;1040,918498;556,9785153;1506,973272;2146,909437;-639,9361651;USD million
01/02/86;ZWE;Zimbabwe;309,9037916;796,9865524;123,9615166;312,4304098;516,5063193;1041,434699;555,4734492;1505,845077;2150,851662;-645,0065849;USD million
01/03/86;ZWE;Zimbabwe;310,6609681;799,840803;124,2643872;313,3848882;517,7682801;1044,616294;559,0242682;1511,717904;2157,841985;-646,1240814;USD million
01/04/86;ZWE;Zimbabwe;310,8876136;803,3843727;124,3550454;313,6707052;518,1460227;1045,569017;537,8212748;1491,209956;2162,624095;-671,4141387;USD million
01/05/86;ZWE;Zimbabwe;310,9590277;807,6411598;124,3836111;313,7607746;518,2650462;1045,869249;510,5114415;1464,119126;2167,271183;-703,1520564;USD million
01/06/86;ZWE;Zimbabwe;311,7112593;807,0977352;124,6845037;314,7098228;519,5187655;1049,032743;525,9825565;1481,897085;2170,840301;-688,9432157;USD million
01/07/86;ZWE;Zimbabwe;311,4827636;810,1502518;124,5931054;314,421482;519,1379394;1048,071607;520,9648775;1476,178686;2172,643341;-696,4646548;USD million
01/08/86;ZWE;Zimbabwe;311,6583302;816,7212864;124,6633321;314,6430263;519,4305503;1048,810088;520,39986;1476,152073;2180,174401;-704,022328;USD million
01/09/86;ZWE;Zimbabwe;311,8798445;820,0966651;124,7519378;314,9225958;519,7997408;1049,741986;489,2420415;1445,673565;2184,761247;-739,0876825;USD million
01/10/86;ZWE;Zimbabwe;312,4123947;825,5864787;124,9649579;315,5949216;520,6873246;1051,983072;488,4600068;1446,524684;2193,164472;-746,6397884;USD million
01/11/86;ZWE;Zimbabwe;311,9438035;825,4523094;124,7775214;315,0033267;519,9063392;1050,011089;464,300542;1420,928206;2190,466725;-769,5385189;USD million
01/12/86;ZWE;Zimbabwe;311,3428449;824,8039995;124,537138;314,2449435;518,9047415;1047,483145;467,7774146;1422,562139;2186,532088;-763,9699488;USD million
01/01/87;ZWE;Zimbabwe;312,1879632;824,5377654;124,8751853;315,3115498;520,313272;1051,038499;452,0983395;1409,47476;2190,887815;-781,4130547;USD million
01/02/87;ZWE;Zimbabwe;312,6041866;827,7043792;125,0416747;315,8371223;521,0069777;1052,790408;440,7481464;1399,400985;2196,331909;-796,9309237;USD million
01/03/87;ZWE;Zimbabwe;313,6311311;829,4722655;125,4524525;317,1346108;522,7185519;1057,115369;430,8926392;1392,694775;2203,722246;-811,027471;USD million
01/04/87;ZWE;Zimbabwe;314,1246736;832,6944944;125,6498694;317,7585531;523,5411227;1059,195177;397,1435474;1360,459213;2209,648224;-849,1890113;USD million
01/05/87;ZWE;Zimbabwe;313,4462032;832,1350191;125,3784813;316,9008859;522,4103386;1056,336286;398,0821763;1359,317199;2205,372191;-846,0549918;USD million
01/06/87;ZWE;Zimbabwe;312,3339645;831,2596621;124,9335858;315,4958882;520,5566075;1051,652961;369,8586988;1327,682857;2198,408511;-870,7256545;USD million
01/07/87;ZWE;Zimbabwe;311,8892484;833,5384275;124,7556994;314,9344655;519,815414;1049,781552;349,041667;1305,502029;2198,254445;-892,7524157;USD million
01/08/87;ZWE;Zimbabwe;311,6540825;836,9733106;124,661633;314,6376659;519,4234708;1048,79222;358,1905979;1313,929784;2200,403196;-886,473412;USD million
01/09/87;ZWE;Zimbabwe;312,1520205;842,4771452;124,8608082;315,2661725;520,2533674;1050,887242;347,5959892;1304,862185;2208,630559;-903,7683741;USD million
01/10/87;ZWE;Zimbabwe;312,2327793;844,7919912;124,8931117;315,3681315;520,3879655;1051,227105;344,8394066;1302,353263;2211,387228;-909,0339644;USD million
01/11/87;ZWE;Zimbabwe;311,7639455;848,2417514;124,7055782;314,7763155;519,6065759;1049,254385;327,1388867;1283,214986;2212,272452;-929,0574656;USD million
01/12/87;ZWE;Zimbabwe;311,4762916;851,1038986;124,5905166;314,4133157;519,1271526;1048,044386;307,9685826;1263,162543;2213,5616;-950,3990565;USD million
01/01/88;ZWE;Zimbabwe;311,9134798;851,8563262;124,7653919;314,9650507;519,8557997;1049,883502;314,0386024;1270,573274;2216,704879;-946,1316056;USD million
01/02/88;ZWE;Zimbabwe;312,5235577;851,6819416;125,0094231;315,7352971;520,8725962;1052,45099;327,3630147;1285,768592;2219,868229;-934,0996373;USD million
01/03/88;ZWE;Zimbabwe;312,6653816;852,1614018;125,0661526;315,914409;521,1089693;1053,04803;307,758323;1266,598827;2221,123841;-954,5250141;USD million
01/04/88;ZWE;Zimbabwe;312,2478396;856,2312291;124,8991358;315,3871459;520,4130659;1051,290486;332,7098989;1290,26994;2222,908861;-932,6389212;USD million
01/05/88;ZWE;Zimbabwe;311,7368276;858,2043307;124,694731;314,742091;519,5613794;1049,140303;339,3483084;1295,341246;2222,086725;-926,7454785;USD million
01/06/88;ZWE;Zimbabwe;311,0723933;863,6547522;124,4289573;313,9037648;518,4539888;1046,345883;308,1464155;1262,101755;2223,9044;-961,802645;USD million
01/07/88;ZWE;Zimbabwe;311,8690362;863,2965179;124,7476145;314,9089537;519,781727;1049,696512;288,8734292;1245,271807;2227,901984;-982,6301771;USD million
01/08/88;ZWE;Zimbabwe;311,7341762;865,1711632;124,6936705;314,7387448;519,5569604;1049,129149;291,3550115;1247,339819;2229,039057;-981,6992387;USD million
01/09/88;ZWE;Zimbabwe;312,1246527;869,2352874;124,8498611;315,2316219;520,2077545;1050,772073;300,2589583;1257,441227;2235,238982;-977,7977557;USD million
01/10/88;ZWE;Zimbabwe;312,3350756;869,8182159;124,9340302;315,4972912;520,5584594;1051,657637;287,5375409;1245,365106;2236,973144;-991,6080381;USD million
01/11/88;ZWE;Zimbabwe;312,7662544;871,0153971;125,1065018;316,0418154;521,2770906;1053,472718;282,3000856;1241,449932;2240,52993;-999,0799979;USD million
01/12/88;ZWE;Zimbabwe;313,276722;873,1929592;125,3106888;316,6867139;522,1278699;1055,62238;280,7617645;1241,477045;2245,502053;-1004,025007;USD million
01/01/89;ZWE;Zimbabwe;312,3406519;875,080199;124,9362607;315,5043321;520,5677531;1051,681107;303,8042605;1261,648926;2242,265638;-980,6167118;USD million
01/02/89;ZWE;Zimbabwe;313,0838851;878,9042722;125,233554;316,4430628;521,8064752;1054,810209;313,5189746;1273,642889;2250,157544;-976,5146554;USD million
01/03/89;ZWE;Zimbabwe;313,3269411;879,3521526;125,3307765;316,7501724;522,2115686;1055,833908;314,5018742;1275,37116;2251,936233;-976,5650728;USD million
01/04/89;ZWE;Zimbabwe;313,7834872;882,1049544;125,5133949;317,327195;522,9724786;1057,757317;301,0638589;1263,33322;2257,189466;-993,8562462;USD million
01/05/89;ZWE;Zimbabwe;313,703377;888,7859176;125,4813508;317,2259296;522,8389617;1057,419765;280,9851593;1243,008849;2263,431613;-1020,422764;USD million
01/06/89;ZWE;Zimbabwe;313,2925702;889,2848816;125,3170281;316,70674;522,1542837;1055,689133;297,9715453;1258,735427;2261,680755;-1002,945328;USD million
01/07/89;ZWE;Zimbabwe;313,6075266;892,607656;125,4430106;317,1047758;522,6792109;1057,015919;301,3707112;1263,100459;2266,728351;-1003,627892;USD million
01/08/89;ZWE;Zimbabwe;314,4120495;895,9075341;125,7648198;318,12197;524,0200825;1060,406567;308,3150821;1272,512034;2274,436071;-1001,924037;USD million
01/09/89;ZWE;Zimbabwe;314,5876998;899,1334595;125,8350799;318,3441392;524,312833;1061,147131;284,055017;1248,79063;2278,624729;-1029,8341;USD million
01/10/89;ZWE;Zimbabwe;315,163148;903,7575972;126,0652592;319,0722049;525,2719133;1063,574016;248,6353628;1215,135683;2286,403819;-1071,268135;USD million
01/11/89;ZWE;Zimbabwe;315,1166743;904,3513316;126,0466697;319,0133934;525,1944572;1063,377978;245,9215552;1212,279357;2286,742703;-1074,463347;USD million
01/12/89;ZWE;Zimbabwe;314,5805357;906,5517988;125,8322143;318,3350772;524,3008929;1061,116924;239,2362656;1203,949909;2286,0038;-1082,053891;USD million
01/01/90;ZWE;Zimbabwe;315,2971317;908,5024115;126,1188527;319,2417709;525,4952195;1064,139236;204,2846277;1171,195832;2291,883419;-1120,687587;USD million
01/02/90;ZWE;Zimbabwe;315,0553131;909,7003854;126,0221252;318,9357452;525,0921885;1063,119151;202,0885182;1168,258145;2291,755281;-1123,497136;USD million
01/03/90;ZWE;Zimbabwe;315,4401729;911,2441012;126,1760692;319,4228196;525,7336216;1064,742732;197,3441029;1164,693967;2295,409653;-1130,715686;USD million
01/04/90;ZWE;Zimbabwe;314,9954017;914,9405404;125,9981607;318,8599354;524,9923362;1062,866451;155,4612376;1121,447136;2296,666927;-1175,219791;USD million
01/05/90;ZWE;Zimbabwe;314,439912;915,5731928;125,7759648;318,1572096;524,0665201;1060,524032;139,4244683;1103,706865;2294,254434;-1190,547569;USD million
01/06/90;ZWE;Zimbabwe;313,619711;922,5143824;125,4478844;317,1201762;522,6995183;1057,067254;160,403006;1122,17012;2296,701813;-1174,531693;USD million
01/07/90;ZWE;Zimbabwe;313,3124926;925,4831289;125,3249971;316,7319146;522,1874877;1055,773049;156,9106322;1117,73561;2297,988092;-1180,252482;USD million
01/08/90;ZWE;Zimbabwe;314,5529782;929,5762921;125,8211913;318,3002196;524,2549637;1061,000732;161,1275067;1125,75664;2308,877244;-1183,120604;USD million
01/09/90;ZWE;Zimbabwe;314,5633085;934,3352005;125,8253234;318,3132862;524,2721808;1061,044287;175,5272986;1140,188111;2313,692774;-1173,504663;USD million
01/10/90;ZWE;Zimbabwe;315,1563242;936,9626906;126,0625297;319,0635694;525,2605403;1063,545231;216,0942389;1182,573633;2319,571491;-1136,997858;USD million
01/11/90;ZWE;Zimbabwe;315,0103826;937,4191845;126,004153;318,8788915;525,0173044;1062,929638;236,3388783;1202,370718;2319,227714;-1116,856996;USD million
01/12/90;ZWE;Zimbabwe;314,6936835;939,9640495;125,8774734;318,4782064;524,4894725;1061,594021;244,3055554;1209,366185;2320,036277;-1110,670092;USD million
01/01/91;ZWE;Zimbabwe;313,8903234;944,2703338;125,5561294;317,4622542;523,150539;1058,207514;224,5115688;1187,108561;2319,940102;-1132,831541;USD million
01/02/91;ZWE;Zimbabwe;314,5393425;948,4035704;125,815737;318,2829719;524,2322375;1060,94324;222,1815448;1186,768862;2327,629782;-1140,86092;USD million
01/03/91;ZWE;Zimbabwe;314,9039845;953,0635458;125,9615938;318,7442661;524,8399741;1062,480887;229,9529258;1195,658478;2334,288699;-1138,630221;USD million
01/04/91;ZWE;Zimbabwe;315,0541607;952,6711157;126,0216643;318,934287;525,0902678;1063,11429;248,7440637;1214,910156;2334,719693;-1119,809536;USD million
01/05/91;ZWE;Zimbabwe;315,295575;954,1209969;126,11823;319,2398006;525,4926249;1064,132669;259,07196;1225,97839;2337,493466;-1111,515076;USD million
01/06/91;ZWE;Zimbabwe;315,6736161;954,6006633;126,2694465;319,7183352;526,1226936;1065,727784;254,0307318;1222,096488;2340,046783;-1117,950295;USD million
01/07/91;ZWE;Zimbabwe;316,3486344;959,059017;126,5394538;320,5731476;527,247724;1068,577159;259,3963199;1229,532132;2348,209323;-1118,677191;USD million
01/08/91;ZWE;Zimbabwe;316,903155;958,9679358;126,761262;321,2757084;528,1719249;1070,919028;237,7267852;1209,563127;2351,162672;-1141,599545;USD million
01/09/91;ZWE;Zimbabwe;316,415125;963,4447766;126,56605;320,6573729;527,3585417;1068,85791;213,2233897;1183,563106;2352,960059;-1169,396953;USD million
01/10/91;ZWE;Zimbabwe;316,555288;966,9418365;126,6221152;320,8349355;527,5921467;1069,449785;225,7322458;1196,501796;2357,226557;-1160,724761;USD million
01/11/91;ZWE;Zimbabwe;316,079002;968,9218155;126,4316008;320,2316426;526,7983366;1067,438809;231,2982619;1200,607201;2356,592267;-1155,985065;USD million
01/12/91;ZWE;Zimbabwe;316,3640444;970,5072495;126,5456178;320,5926674;527,2734073;1068,642225;263,9308422;1234,113912;2359,742142;-1125,62823;USD million
01/01/92;ZWE;Zimbabwe;316,2323787;973,1385745;126,4929515;320,4258941;527,0539644;1068,086314;264,0773643;1233,856659;2361,650782;-1127,794123;USD million
01/02/92;ZWE;Zimbabwe;315,6886235;978,2047968;126,2754494;319,7373348;526,1477058;1065,791116;244,3732152;1212,484994;2363,733248;-1151,248254;USD million
01/03/92;ZWE;Zimbabwe;315,162116;978,0652279;126,0648464;319,0708989;525,2701933;1063,569663;230,4484815;1196,945637;2360,70579;-1163,760153;USD million
01/04/92;ZWE;Zimbabwe;315,8033586;983,5890189;126,3213434;319,8825997;526,338931;1066,275332;230,9632521;1199,426885;2369,746951;-1170,320066;USD million
01/05/92;ZWE;Zimbabwe;315,9876447;986,058076;126,3950579;320,1159498;526,6460744;1067,053166;207,4959214;1176,524698;2373,227192;-1196,702493;USD million
01/06/92;ZWE;Zimbabwe;316,4464321;988,7769591;126,5785729;320,697032;527,4107202;1068,990107;182,973835;1153,40956;2378,464098;-1225,054538;USD million
01/07/92;ZWE;Zimbabwe;316,5435139;997,1692931;126,6174056;320,820019;527,5725232;1069,400063;174,7055638;1145,439007;2387,389376;-1241,950369;USD million
01/08/92;ZWE;Zimbabwe;316,1144894;1006,396013;126,4457958;320,2765853;526,8574823;1067,588618;146,8439809;1116,261748;2394,261216;-1277,999468;USD million
01/09/92;ZWE;Zimbabwe;316,2741049;1005,259344;126,5096419;320,4787444;527,1235081;1068,262481;146,3530979;1116,260353;2394,00057;-1277,740217;USD million
01/10/92;ZWE;Zimbabwe;315,7567972;1009,821264;126,3027189;319,8236473;526,2613287;1066,078824;120,4851559;1088,806001;2395,723735;-1306,917735;USD million
01/11/92;ZWE;Zimbabwe;315,1659401;1012,143494;126,0663761;319,0757384;525,2765669;1063,585795;112,957044;1079,465927;2394,805027;-1315,3391;USD million
01/12/92;ZWE;Zimbabwe;315,37159;1013,625135;126,148636;319,3360109;525,6193166;1064,45337;101,8137953;1068,953338;2397,414516;-1328,461178;USD million
01/01/93;ZWE;Zimbabwe;315,5932008;1016,217238;126,2372803;319,6165313;525,9886679;1065,388438;100;1067,819149;2401,222207;-1333,403058;USD million
01/02/93;ZWE;Zimbabwe;316,0113646;1021,031133;126,4045458;320,1459874;526,6856076;1067,153291;102,6868478;1071,788366;2408,330412;-1336,542046;USD million
01/03/93;ZWE;Zimbabwe;316,0803146;1023,16746;126,4321258;320,2333049;526,8005243;1067,44435;100;1069,312965;2410,845114;-1341,53215;USD million
01/04/93;ZWE;Zimbabwe;316,6086391;1024,804988;126,6434556;320,9025274;527,6810652;1069,675091;100;1070,93316;2415,382607;-1344,449447;USD million
01/05/93;ZWE;Zimbabwe;315,7200038;1026,014036;126,2880015;319,7770639;526,2000064;1065,923546;100;1068,208012;2411,714646;-1343,506635;USD million
01/06/93;ZWE;Zimbabwe;316,2795761;1030,939008;126,5118304;320,4856743;527,1326268;1068,285581;100;1069,924033;2419,710263;-1349,78623;USD million
01/07/93;ZWE;Zimbabwe;316,4758388;1033,316479;126,5903355;320,7342846;527,4597314;1069,114282;100;1070,525906;2423,165045;-1352,63914;USD million
01/08/93;ZWE;Zimbabwe;316,3537642;1034,351395;126,5415057;320,5796455;527,2562737;1068,598818;100;1070,151544;2423,529859;-1353,378316;USD million
01/09/93;ZWE;Zimbabwe;316,6915613;1038,872989;126,6766245;321,0075893;527,8192688;1070,025298;100;1071,187455;2429,905876;-1358,718421;USD million
01/10/93;ZWE;Zimbabwe;317,4335001;1042,605552;126,9734;321,9479274;529,0558335;1073,159758;100;1073,462734;2437,713237;-1364,250503;USD million
01/11/93;ZWE;Zimbabwe;317,4778714;1045,628122;126,9911486;322,0041813;529,1297857;1073,347271;100;1073,598806;2440,979574;-1367,380768;USD million
01/12/93;ZWE;Zimbabwe;317,6256017;1048,837902;127,0502407;322,1914878;529,3760029;1073,971626;100;1074,051845;2445,001016;-1370,949171;USD million
01/01/94;ZWE;Zimbabwe;317,4671106;1052,839853;126,9868442;321,9905385;529,111851;1073,301795;100;1073,565806;2448,132187;-1374,566381;USD million
01/02/94;ZWE;Zimbabwe;317,9541277;1058,089847;127,1816511;322,6081023;529,9235462;1075,360341;100;1075,059325;2456,05829;-1380,998965;USD million
01/03/94;ZWE;Zimbabwe;317,6939184;1063,587712;127,0775674;322,2781136;529,489864;1074,260379;100;1074,26135;2460,126205;-1385,864855;USD million
01/04/94;ZWE;Zimbabwe;318,7362701;1065,391773;127,494508;323,6003957;531,2271168;1078,667986;100;1077,457895;2467,660155;-1390,20226;USD million
01/05/94;ZWE;Zimbabwe;319,0099241;1069,072239;127,6039696;323,9477207;531,6832068;1079,825736;100;1078,297101;2472,845695;-1394,548595;USD million
01/06/94;ZWE;Zimbabwe;318,4584031;1071,187829;127,3833612;323,2477998;530,7640052;1077,492666;100;1076,605769;2471,928295;-1395,322525;USD million
01/07/94;ZWE;Zimbabwe;318,0771966;1069,042929;127,2308786;322,7641978;530,128661;1075,880659;100;1075,436736;2467,687786;-1392,251049;USD million
01/08/94;ZWE;Zimbabwe;318,1717614;1074,656249;127,2687046;322,8841501;530,2862691;1076,2805;100;1075,726735;2473,8209;-1398,094165;USD million
01/09/94;ZWE;Zimbabwe;318,8079435;1079,328028;127,5231774;323,6913572;531,3465725;1078,971191;100;1077,677693;2481,990576;-1404,312882;USD million
01/10/94;ZWE;Zimbabwe;318,1730834;1082,169485;127,2692334;322,885827;530,2884723;1076,28609;100;1075,730789;2481,341402;-1405,610613;USD million
01/11/94;ZWE;Zimbabwe;318,2377006;1080,731017;127,2950803;322,967797;530,3961677;1076,559323;100;1075,928949;2480,258137;-1404,329189;USD million
01/12/94;ZWE;Zimbabwe;319,4853696;1085,496632;127,7941478;324,5513389;532,4756159;1081,837796;100;1079,755133;2491,885767;-1412,130634;USD million
01/01/95;ZWE;Zimbabwe;319,3723118;1088,267052;127,7489247;324,4077821;532,2871864;1081,359274;100;1079,408423;2494,034108;-1414,625685;USD million
01/02/95;ZWE;Zimbabwe;319,634924;1092,007239;127,8539696;324,7412572;532,7248733;1082,470857;100;1080,213767;2499,219354;-1419,005587;USD million
01/03/95;ZWE;Zimbabwe;319,9542213;1094,291636;127,9816885;325,1468057;533,2570354;1083,822686;100;1081,192945;2503,261127;-1422,068182;USD million
01/04/95;ZWE;Zimbabwe;320,295433;1095,976901;128,1181732;325,5803001;533,8257217;1085,267667;100;1082,239328;2506,824868;-1424,58554;USD million
01/05/95;ZWE;Zimbabwe;320,7022336;1099,458881;128,2808935;326,0972731;534,5037227;1086,99091;100;1083,48685;2512,547064;-1429,060215;USD million
01/06/95;ZWE;Zimbabwe;320,8093056;1100,8957;128,3237222;326,2333703;534,682176;1087,444568;100;1083,815204;2514,573638;-1430,758434;USD million
01/07/95;ZWE;Zimbabwe;320,3548981;1100,691406;128,1419592;325,6558596;533,9248301;1085,519532;100;1082,421687;2511,866798;-1429,44511;USD million
01/08/95;ZWE;Zimbabwe;320,8353661;1106,86282;128,3341464;326,2664971;534,7256102;1087,55499;100;1083,895123;2520,684308;-1436,789185;USD million
01/09/95;ZWE;Zimbabwe;320,476706;1109,304293;128,1906824;325,8106463;534,1278433;1086,035488;100;1082,795232;2521,150427;-1438,355196;USD million
01/10/95;ZWE;Zimbabwe;321,5176864;1110,983665;128,6070746;327,1340658;535,8628106;1090,446886;100;1085,987572;2528,564617;-1442,577046;USD million
01/11/95;ZWE;Zimbabwe;320,821251;1114,693794;128,3285004;326,2485546;534,7020849;1087,495182;100;1083,851836;2528,43753;-1444,585694;USD million
01/12/95;ZWE;Zimbabwe;320,946464;1118,747821;128,3785856;326,4077264;534,9107734;1088,025755;100;1084,235823;2533,181302;-1448,945479;USD million
01/01/96;ZWE;Zimbabwe;321,0525058;1122,219535;128,4210023;326,5425398;535,0875097;1088,475133;100;1084,561018;2537,237207;-1452,67619;USD million
01/02/96;ZWE;Zimbabwe;321,8094198;1125,430684;128,7237679;327,5051448;536,3490331;1091,683816;100;1086,882221;2544,619645;-1457,737424;USD million
01/03/96;ZWE;Zimbabwe;321,414997;1130,60379;128,5659988;327,0034671;535,6916617;1090,011557;100;1085,672657;2547,618814;-1461,946156;USD million
01/04/96;ZWE;Zimbabwe;320,1324721;1131,208168;128,0529888;325,3732511;533,5541202;1084,577504;100;1081,739581;2541,158923;-1459,419342;USD million
01/05/96;ZWE;Zimbabwe;320,2554196;1132,968283;128,1021678;325,5294589;533,7590327;1085,098196;100;1082,11662;2543,595938;-1461,479318;USD million
01/06/96;ZWE;Zimbabwe;321,088099;1136,189786;128,4352396;326,5877927;535,1468317;1088,625976;100;1084,67017;2551,403554;-1466,733384;USD million
01/07/96;ZWE;Zimbabwe;321,1376709;1135,327126;128,4550684;326,6508201;535,2294515;1088,836067;100;1084,822191;2550,814013;-1465,991823;USD million
01/08/96;ZWE;Zimbabwe;320,4362758;1139,588537;128,1745103;325,7592682;534,0604596;1085,864227;100;1082,671246;2551,212033;-1468,540787;USD million
01/09/96;ZWE;Zimbabwe;321,2720053;1142,738453;128,5088021;326,8216297;535,4533421;1089,405432;100;1085,234149;2558,965516;-1473,731366;USD million
01/10/96;ZWE;Zimbabwe;320,7961923;1146,474284;128,3184769;326,2167017;534,6603205;1087,389006;100;1083,77499;2560,079992;-1476,305002;USD million
01/11/96;ZWE;Zimbabwe;322,2572894;1149,171073;128,9029158;328,0749895;537,0954824;1093,583298;100;1088,255688;2570,829361;-1482,573673;USD million
01/12/96;ZWE;Zimbabwe;322,0329139;1150,457751;128,8131656;327,7894817;536,7215232;1092,631606;100;1087,567603;2570,878838;-1483,311235;USD million
01/01/97;ZWE;Zimbabwe;321,4097243;1153,85842;128,5638897;326,9967617;535,6828739;1089,989206;100;1085,656488;2570,844387;-1485,187899;USD million
01/02/97;ZWE;Zimbabwe;321,8178932;1156,47462;128,7271573;327,5159241;536,3631554;1091,719747;100;1086,908206;2575,710291;-1488,802085;USD million
01/03/97;ZWE;Zimbabwe;320,4855522;1161,967993;128,1942209;325,8218882;534,1425869;1086,072961;100;1082,82236;2573,862842;-1491,040482;USD million
01/04/97;ZWE;Zimbabwe;320,4429405;1162,87584;128,1771762;325,7677375;534,0715674;1085,892458;100;1082,691684;2574,536036;-1491,844352;USD million
01/05/97;ZWE;Zimbabwe;320,4437269;1164,263691;128,1774907;325,7687369;534,0728781;1085,89579;100;1082,694096;2575,928218;-1493,234122;USD million
01/06/97;ZWE;Zimbabwe;320,1420765;1165,722742;128,0568306;325,3854532;533,5701275;1084,618177;100;1081,769035;2575,726372;-1493,957337;USD million
01/07/97;ZWE;Zimbabwe;320,1760535;1167,760246;128,0704214;325,4286205;533,6267558;1084,762068;100;1081,873231;2577,950935;-1496,077705;USD million
01/08/97;ZWE;Zimbabwe;320,6400867;1173,574427;128,2560347;326,0182846;534,4001446;1086,727615;100;1083,296266;2586,320327;-1503,024061;USD million
01/09/97;ZWE;Zimbabwe;321,1003868;1180,770846;128,4401547;326,6034155;535,1673113;1088,678052;100;1084,707853;2596,052314;-1511,344461;USD million
01/10/97;ZWE;Zimbabwe;320,7531621;1183,544189;128,3012648;326,162006;534,5886035;1087,206687;100;1083,64303;2596,912881;-1513,269851;USD million
01/11/97;ZWE;Zimbabwe;320,7003187;1185,494365;128,2801275;326,0948392;534,5005311;1086,982797;100;1083,480977;2598,572001;-1515,091024;USD million
01/12/97;ZWE;Zimbabwe;320,1956617;1188,230171;128,0782647;325,4535331;533,6594361;1084,84511;100;1081,933362;2598,528814;-1516,595452;USD million
01/01/98;ZWE;Zimbabwe;320,428024;1189,566569;128,1712096;325,7487823;534,0467067;1085,829274;100;1082,64594;2601,144625;-1518,498685;USD million
01/02/98;ZWE;Zimbabwe;321,0748394;1191,356433;128,4299358;326,5709344;535,1247323;1088,569781;100;1084,629507;2606,497149;-1521,867642;USD million
01/03/98;ZWE;Zimbabwe;320,6303129;1194,932528;128,2521252;326,0058625;534,3838549;1086,686208;100;1083,266293;2607,624599;-1524,358306;USD million
01/04/98;ZWE;Zimbabwe;320,7511013;1200,753098;128,3004405;326,1593865;534,5851688;1087,197955;100;1083,636711;2614,110439;-1530,473729;USD million
01/05/98;ZWE;Zimbabwe;320,7455332;1203,753735;128,2982133;326,1523091;534,5758887;1087,174364;100;1083,619635;2617,080408;-1533,460773;USD million
01/06/98;ZWE;Zimbabwe;320,1254569;1204,476798;128,0501828;325,3643386;533,5424282;1084,547795;100;1081,718068;2614,388932;-1532,670864;USD million
01/07/98;ZWE;Zimbabwe;320,6353702;1206,318942;128,2541481;326,0122901;534,3922837;1086,707634;100;1083,281802;2619,038865;-1535,757063;USD million
01/08/98;ZWE;Zimbabwe;319,886171;1207,169387;127,9544684;325,0603646;533,1436183;1083,534549;100;1080,984258;2615,7643;-1534,780043;USD million
01/09/98;ZWE;Zimbabwe;320,7151527;1212,93317;128,2860611;326,1136937;534,5252545;1087,045646;100;1083,526468;2626,092509;-1542,566041;USD million
01/10/98;ZWE;Zimbabwe;320,2760314;1217,760806;128,1104126;325,5556481;533,7933856;1085,185494;100;1082,17983;2628,501948;-1546,322118;USD million
01/11/98;ZWE;Zimbabwe;320,0897832;1219,601247;128,0359133;325,3190172;533,482972;1084,396724;100;1081,608668;2629,316988;-1547,70832;USD million
01/12/98;ZWE;Zimbabwe;320,895366;1223,305323;128,3581464;326,3427683;534,8256099;1087,809228;100;1084,079122;2637,457319;-1553,378197;USD million
01/01/99;ZWE;Zimbabwe;321,5147965;1225,949423;128,6059186;327,1303903;535,8579941;1090,434634;100;1085,978709;2643,514447;-1557,535738;USD million
01/02/99;ZWE;Zimbabwe;321,6761588;1228,607985;128,6704635;327,3356291;536,1269313;1091,118764;100;1086,473554;2647,062378;-1560,588824;USD million
01/03/99;ZWE;Zimbabwe;321,4644044;1230,230327;128,5857618;327,0663013;535,7740073;1090,221004;100;1085,824174;2647,517633;-1561,69346;USD million
01/04/99;ZWE;Zimbabwe;321,6090709;1233,087549;128,6436284;327,250296;536,0151182;1090,83432;100;1086,267817;2651,172165;-1564,904347;USD million
01/05/99;ZWE;Zimbabwe;321,2698814;1234,584518;128,5079526;326,8189291;535,4498024;1089,39643;100;1085,227636;2650,799877;-1565,572241;USD million
01/06/99;ZWE;Zimbabwe;321,1162984;1235,279008;128,4465194;326,623646;535,1938306;1088,745487;100;1084,756648;2650,648141;-1565,891493;USD million
01/07/99;ZWE;Zimbabwe;321,1396342;1236,17031;128,4558537;326,6533164;535,2327237;1088,844388;100;1084,828212;2651,668014;-1566,839803;USD million
01/08/99;ZWE;Zimbabwe;321,6249514;1234,43388;128,6499806;327,270495;536,0415856;1090,90165;100;1086,316518;2652,606024;-1566,289507;USD million
01/09/99;ZWE;Zimbabwe;321,4978157;1238,350982;128,5991263;327,1087938;535,8296928;1090,362646;100;1085,926635;2655,822421;-1569,895787;USD million
01/10/99;ZWE;Zimbabwe;321,7067829;1238,27845;128,6827131;327,3745831;536,1779714;1091,24861;100;1086,567467;2656,901643;-1570,334176;USD million
01/11/99;ZWE;Zimbabwe;321,582002;1241,90575;128,6328008;327,2158668;535,9700034;1090,719556;100;1086,184806;2659,841172;-1573,656366;USD million
01/12/99;ZWE;Zimbabwe;321,469334;1243,659477;128,5877336;327,0725708;535,7822234;1090,241903;100;1085,839291;2660,973951;-1575,13466;USD million
01/01/00;ZWE;Zimbabwe;321,2118691;1244,557589;128,4847476;326,7451629;535,3531152;1089,150543;100;1085,049732;2660,453294;-1575,403562;USD million
01/02/00;ZWE;Zimbabwe;320,9614473;1245,086509;128,3845789;326,4267744;534,9357456;1088,089248;100;1084,281772;2659,602532;-1575,32076;USD million
01/03/00;ZWE;Zimbabwe;321,9347717;1248,331807;128,7739087;327,6646157;536,5579528;1092,215386;100;1087,266633;2668,211809;-1580,945176;USD million
01/04/00;ZWE;Zimbabwe;322,009701;1254,899809;128,8038804;327,7599472;536,6828351;1092,533157;100;1087,496417;2675,192914;-1587,696497;USD million
01/05/00;ZWE;Zimbabwe;322,8737531;1258,079544;129,1495012;328,8596679;538,1229219;1096,198893;100;1090,146176;2683,138105;-1592,991929;USD million
01/06/00;ZWE;Zimbabwe;323,1027679;1261,500851;129,2411072;329,1512695;538,5046132;1097,170898;100;1090,848488;2687,823019;-1596,97453;USD million
01/07/00;ZWE;Zimbabwe;324,3011623;1261,937364;129,7204649;330,6780118;540,5019371;1102,260039;100;1094,523564;2694,875415;-1600,351851;USD million
01/08/00;ZWE;Zimbabwe;323,8994927;1264,873346;129,5597971;330,1661314;539,8324878;1100,553771;100;1093,291778;2695,593248;-1602,301471;USD million
01/09/00;ZWE;Zimbabwe;324,4607478;1264,760413;129,7842991;330,8814287;540,7679129;1102,938096;100;1095,01296;2698,579937;-1603,566977;USD million
01/10/00;ZWE;Zimbabwe;325,1300787;1266,131887;130,0520315;331,7348688;541,8834646;1105,782896;100;1097,065575;2703,649652;-1606,584077;USD million
01/11/00;ZWE;Zimbabwe;325,7182854;1270,607131;130,2873141;332,4852329;542,8638089;1108,28411;100;1098,869408;2711,376474;-1612,507066;USD million
01/12/00;ZWE;Zimbabwe;325,8706917;1270,343943;130,3482767;332,6797101;543,1178195;1108,932367;100;1099,336788;2711,95602;-1612,619232;USD million
01/01/01;ZWE;Zimbabwe;326,7606456;1273,394206;130,7042582;333,8157842;544,601076;1112,719281;100;1102,06598;2719,929271;-1617,863291;USD million
01/02/01;ZWE;Zimbabwe;326,954998;1274,906595;130,7819992;334,0639885;544,9249966;1113,546628;100;1102,661994;2722,517212;-1619,855218;USD million
01/03/01;ZWE;Zimbabwe;327,1233113;1280,778866;130,8493245;334,2789685;545,2055188;1114,263228;100;1103,178155;2729,321063;-1626,142908;USD million
01/04/01;ZWE;Zimbabwe;327,4411035;1285,073806;130,9764414;334,6849476;545,7351726;1115,616492;100;1104,152718;2735,375245;-1631,222528;USD million
01/05/01;ZWE;Zimbabwe;327,8909067;1288,568273;131,1563627;335,2597387;546,4848445;1117,532462;100;1105,532114;2741,360475;-1635,828361;USD million
01/06/01;ZWE;Zimbabwe;327,8882787;1293,360607;131,1553115;335,2563799;546,4804645;1117,521266;100;1105,524055;2746,138253;-1640,614198;USD million
01/07/01;ZWE;Zimbabwe;328,4188895;1295,280765;131,3675558;335,934685;547,3648159;1119,782283;100;1107,151261;2750,997733;-1643,846472;USD million
01/08/01;ZWE;Zimbabwe;328,3214598;1296,852376;131,3285839;335,8101153;547,202433;1119,367051;100;1106,852477;2752,029542;-1645,177066;USD million
01/09/01;ZWE;Zimbabwe;327,9073885;1301,494645;131,1629554;335,2808041;546,5123142;1117,60268;100;1105,582658;2754,378129;-1648,795471;USD million
01/10/01;ZWE;Zimbabwe;327,3960216;1302,174793;130,9584086;334,6273495;545,660036;1115,424498;100;1104,014466;2752,22664;-1648,212174;USD million
01/11/01;ZWE;Zimbabwe;327,1642273;1303,036466;130,8656909;334,3312332;545,2737122;1114,437444;100;1103,30363;2751,805143;-1648,501513;USD million
01/12/01;ZWE;Zimbabwe;327,8747987;1303,589391;131,1499195;335,2391513;546,4579978;1117,463838;100;1105,482716;2756,29238;-1650,809664;USD million
01/01/02;ZWE;Zimbabwe;328,3517243;1303,368273;131,3406897;335,8488092;547,2528738;1119,496031;100;1106,945288;2758,713113;-1651,767826;USD million
01/02/02;ZWE;Zimbabwe;329,0272374;1309,28224;131,610895;336,7127022;548,378729;1122,375674;100;1109,016861;2768,370616;-1659,353755;USD million
01/03/02;ZWE;Zimbabwe;329,7133214;1309,903375;131,8853286;337,5905679;549,5222024;1125,301893;100;1111,120852;2772,795836;-1661,674984;USD million
01/04/02;ZWE;Zimbabwe;329,3866108;1313,353007;131,7546443;337,1724746;548,9776847;1123,908249;100;1110,11894;2774,43373;-1664,31479;USD million
01/05/02;ZWE;Zimbabwe;329,7784639;1314,889353;131,9113856;337,6739435;549,6307732;1125,579812;100;1111,320623;2778,143108;-1666,822486;USD million
01/06/02;ZWE;Zimbabwe;329,8868211;1320,19529;131,9547284;337,8126385;549,8113684;1126,042128;100;1111,652918;2784,050057;-1672,397139;USD million
01/07/02;ZWE;Zimbabwe;330,4212038;1320,990499;132,1684815;338,4968041;550,7020064;1128,32268;100;1113,291692;2787,809983;-1674,518292;USD million
01/08/02;ZWE;Zimbabwe;330,5942696;1326,387952;132,2377078;338,7184381;550,9904494;1129,06146;100;1113,822427;2794,167851;-1680,345424;USD million
01/09/02;ZWE;Zimbabwe;330,4776499;1333,441715;132,19106;338,5690877;550,7960832;1128,563626;100;1113,464793;2800,574429;-1687,109636;USD million
01/10/02;ZWE;Zimbabwe;331,914811;1335,185941;132,7659244;340,4105229;553,1913516;1134,701743;100;1117,872087;2810,298207;-1692,42612;USD million
01/11/02;ZWE;Zimbabwe;332,2785799;1341,392757;132,911432;340,8769367;553,7976332;1136,256456;100;1118,987645;2818,526149;-1699,538504;USD million
01/12/02;ZWE;Zimbabwe;332,0106749;1345,068769;132,80427;340,5334245;553,3511249;1135,111415;100;1118,16607;2820,713608;-1702,547538;USD million
01/01/03;ZWE;Zimbabwe;332,6452771;1347,170246;133,0581109;341,3472344;554,4087952;1137,824115;100;1120,112183;2826,341595;-1706,229412;USD million
01/02/03;ZWE;Zimbabwe;332,2744278;1354,214313;132,9097711;340,8716123;553,7907129;1136,238708;100;1118,974912;2831,324633;-1712,349721;USD million
01/03/03;ZWE;Zimbabwe;332,4486241;1358,886892;132,9794496;341,0950062;554,0810402;1136,983354;100;1119,509114;2836,965252;-1717,456138;USD million
01/04/03;ZWE;Zimbabwe;332,4068606;1357,575273;132,9627443;341,041445;554,0114344;1136,804817;100;1119,381039;2835,421535;-1716,040496;USD million
01/05/03;ZWE;Zimbabwe;332,4046155;1356,537401;132,9618462;341,0385657;554,0076926;1136,795219;100;1119,374154;2834,371186;-1714,997032;USD million
01/06/03;ZWE;Zimbabwe;332,677667;1358,543095;133,0710668;341,3887813;554,4627783;1137,962604;100;1120,211512;2837,894481;-1717,682969;USD million
01/07/03;ZWE;Zimbabwe;333,199637;1361,102044;133,2798548;342,0584598;555,3327284;1140,194866;100;1121,81222;2843,355369;-1721,543149;USD million
01/08/03;ZWE;Zimbabwe;332,7017106;1362,562173;133,0806842;341,4196231;554,502851;1138,06541;100;1120,285246;2842,047207;-1721,761961;USD million
01/09/03;ZWE;Zimbabwe;333,7837887;1368,362532;133,5135155;342,8082272;556,3063144;1142,694091;100;1123,603619;2853,86485;-1730,261231;USD million
01/10/03;ZWE;Zimbabwe;333,6282339;1371,569808;133,4512936;342,6085382;556,0470565;1142,028461;100;1123,126584;2856,206807;-1733,080223;USD million
01/11/03;ZWE;Zimbabwe;333,5404867;1375,47174;133,4161947;342,4959056;555,9008112;1141,653019;100;1122,857493;2859,620665;-1736,763172;USD million
01/12/03;ZWE;Zimbabwe;333,9984695;1374,020928;133,5993878;343,0838557;556,6641158;1143,612852;100;1124,261973;2860,717636;-1736,455663;USD million
01/01/04;ZWE;Zimbabwe;333,9928802;1376,035163;133,5971521;343,0766791;556,6548004;1143,58893;100;1124,244833;2862,700773;-1738,45594;USD million
01/02/04;ZWE;Zimbabwe;334,1518117;1375,1284;133,6607247;343,2807588;556,9196862;1144,269196;100;1124,732223;2862,678354;-1737,946132;USD million
01/03/04;ZWE;Zimbabwe;334,1880354;1377,528387;133,6752142;343,3272761;556,9800591;1144,424254;100;1124,843309;2865,279917;-1740,436609;USD million
01/04/04;ZWE;Zimbabwe;333,6162732;1380,774798;133,4465093;342,5931851;556,0271221;1141,977284;100;1123,089905;2865,345266;-1742,255361;USD million
01/05/04;ZWE;Zimbabwe;333,6618871;1380,798566;133,4647548;342,6517376;556,1031452;1142,172459;100;1123,229787;2865,622762;-1742,392975;USD million
01/06/04;ZWE;Zimbabwe;333,124667;1385,250692;133,2498668;341,9622584;555,2077783;1139,874195;100;1121,582312;2867,087145;-1745,504833;USD million
01/07/04;ZWE;Zimbabwe;332,8825173;1393,725346;133,1530069;341,6515694;554,8041955;1138,838565;100;1120,83972;2874,21548;-1753,375761;USD million
01/08/04;ZWE;Zimbabwe;332,7704872;1398,633703;133,1081949;341,5078489;554,6174787;1138,359496;100;1120,496161;2878,501048;-1758,004887;USD million
01/09/04;ZWE;Zimbabwe;333,6742567;1397,914217;133,4697027;342,6676162;556,1237611;1142,225387;100;1123,26772;2882,80722;-1759,5395;USD million
01/10/04;ZWE;Zimbabwe;334,1522978;1401,861706;133,6609191;343,281383;556,9204963;1144,271277;100;1124,733713;2889,414365;-1764,680652;USD million
01/11/04;ZWE;Zimbabwe;334,3799278;1406,804748;133,7519711;343,5737189;557,2998796;1145,24573;100;1125,431778;2895,624196;-1770,192418;USD million
01/12/04;ZWE;Zimbabwe;334,0878859;1407,080251;133,6351543;343,1986704;556,8131431;1143,995568;100;1124,536183;2894,274489;-1769,738306;USD million
01/01/05;ZWE;Zimbabwe;334,2015308;1410,403848;133,6806123;343,3446068;557,0025514;1144,482023;100;1124,884695;2898,230477;-1773,345783;USD million
01/02/05;ZWE;Zimbabwe;334,6107129;1413,960366;133,8442852;343,8701577;557,6845215;1146,233859;100;1126,13952;2904,064383;-1777,924863;USD million
01/03/05;ZWE;Zimbabwe;334,2584893;1415,873234;133,7033957;343,4177543;557,0974822;1144,725848;100;1125,059367;2904,016836;-1778,957469;USD million
01/04/05;ZWE;Zimbabwe;333,8887374;1422,274999;133,555495;342,9429652;556,481229;1143,143217;100;1123,925461;2908,361182;-1784,435721;USD million
01/05/05;ZWE;Zimbabwe;334,5859842;1424,096029;133,8343937;343,8383918;557,643307;1146,127973;100;1126,063685;2914,062393;-1787,998709;USD million
01/06/05;ZWE;Zimbabwe;335,4162113;1424,965899;134,1664845;344,9052044;559,0270189;1149,684015;100;1128,609715;2919,555118;-1790,945403;USD million
01/07/05;ZWE;Zimbabwe;334,9920349;1426,574998;133,9968139;344,36007;558,3200581;1147,8669;100;1127,308907;2918,801968;-1791,493061;USD million
01/08/05;ZWE;Zimbabwe;334,6759454;1428,928029;133,8703782;343,9539568;557,7932424;1146,513189;100;1126,339566;2919,395176;-1793,05561;USD million
01/09/05;ZWE;Zimbabwe;334,8172502;1430,739963;133,9269001;344,135494;558,0287503;1147,118313;100;1126,772901;2921,993771;-1795,22087;USD million
01/10/05;ZWE;Zimbabwe;334,879056;1435,012607;133,9516224;344,2149033;558,1317601;1147,383011;100;1126,962439;2926,610521;-1799,648083;USD million
01/11/05;ZWE;Zimbabwe;335,1451419;1437,704896;134,0580568;344,5568171;558,5752366;1148,522724;100;1127,778435;2930,784437;-1803,006002;USD million
01/12/05;ZWE;Zimbabwe;335,6394128;1440,744199;134,2557651;345,1921231;559,3990213;1150,64041;100;1129,294199;2936,576733;-1807,282533;USD million
01/01/06;ZWE;Zimbabwe;335,1955805;1446,485944;134,0782322;344,6216372;558,6593009;1148,738791;100;1127,933114;2939,846372;-1811,913258;USD million
01/02/06;ZWE;Zimbabwe;334,4909131;1449,715827;133,7963652;343,7162709;557,4848551;1145,720903;100;1125,772133;2939,153002;-1813,380868;USD million
01/03/06;ZWE;Zimbabwe;333,5180077;1451,928176;133,4072031;342,4670526;555,8633462;1141,556842;100;1122,788557;2935,952071;-1813,163514;USD million
01/04/06;ZWE;Zimbabwe;333,5521485;1459,171454;133,4208594;342,5108743;555,9202475;1141,702914;100;1122,893255;2943,385242;-1820,491987;USD million
01/05/06;ZWE;Zimbabwe;333,4450867;1458,736913;133,3780347;342,3734581;555,7418111;1141,24486;100;1122,564932;2942,355231;-1819,790298;USD million
01/06/06;ZWE;Zimbabwe;334,0126729;1460,242896;133,6050692;343,102093;556,6877881;1143,673643;100;1124,30553;2947,018632;-1822,713102;USD million
01/07/06;ZWE;Zimbabwe;333,3417701;1463,791499;133,336708;342,2408595;555,5696168;1140,802865;100;1122,248095;2946,835224;-1824,587129;USD million
01/08/06;ZWE;Zimbabwe;333,1798314;1465,950406;133,2719326;342,0330448;555,299719;1140,110149;100;1121,751483;2948,0936;-1826,342117;USD million
01/09/06;ZWE;Zimbabwe;333,6543713;1471,097688;133,4617485;342,6420898;556,0906189;1142,140299;100;1123,206739;2955,880077;-1832,673338;USD million
01/10/06;ZWE;Zimbabwe;333,2367868;1475,194405;133,2947147;342,1061323;555,3946447;1140,353774;100;1121,926146;2957,654311;-1835,728165;USD million
01/11/06;ZWE;Zimbabwe;333,7304454;1479,288983;133,4921782;342,7397467;556,2174091;1142,465822;100;1123,440033;2964,494552;-1841,05452;USD million
01/12/06;ZWE;Zimbabwe;334,067566;1484,070855;133,6270264;343,1725781;556,7792766;1143,908594;100;1124,473869;2971,152026;-1846,678157;USD million
01/01/07;ZWE;Zimbabwe;333,4732979;1490,088547;133,3893192;342,4096668;555,7888299;1141,365556;100;1122,651447;2973,86377;-1851,212323;USD million
01/02/07;ZWE;Zimbabwe;334,5370657;1492,415644;133,8148263;343,7755538;557,5617761;1145,918513;100;1125,913668;2982,10971;-1856,196042;USD million
01/03/07;ZWE;Zimbabwe;334,9037645;1493,099279;133,9615058;344,2466501;558,1729408;1147,488834;100;1127,038211;2984,834762;-1857,796551;USD million
01/04/07;ZWE;Zimbabwe;334,78782;1497,035305;133,915128;344,0976829;557,9797;1146,992276;100;1126,682648;2988,125264;-1861,442616;USD million
01/05/07;ZWE;Zimbabwe;334,1511119;1499,423448;133,6604448;343,2798601;556,9185199;1144,2662;100;1124,730077;2986,969509;-1862,239432;USD million
01/06/07;ZWE;Zimbabwe;333,8615409;1504,349792;133,5446164;342,9080481;556,4359015;1143,026827;100;1123,842059;2990,284667;-1866,442609;USD million
01/07/07;ZWE;Zimbabwe;334,0635408;1507,594285;133,6254163;343,1674094;556,772568;1143,891365;100;1124,461525;2994,653059;-1870,191534;USD million
01/08/07;ZWE;Zimbabwe;334,5698667;1512,459106;133,8279467;343,8176879;557,6164445;1146,05896;100;1126,014258;3002,335754;-1876,321496;USD million
01/09/07;ZWE;Zimbabwe;334,4025417;1516,794579;133,7610167;343,6027638;557,3375695;1145,342546;100;1125,501128;3005,739889;-1880,238761;USD million
01/10/07;ZWE;Zimbabwe;334,3134638;1521,90987;133,7253855;343,4883569;557,1891064;1144,96119;100;1125,227956;3010,359416;-1885,131461;USD million
01/11/07;ZWE;Zimbabwe;334,3076588;1523,886424;133,7230635;343,4809014;557,1794313;1144,936338;100;1125,210154;3012,303664;-1887,09351;USD million
01/12/07;ZWE;Zimbabwe;335,2135477;1526,382111;134,0854191;344,6447279;558,6892462;1148,81576;100;1127,988213;3019,842599;-1891,854386;USD million
01/01/08;ZWE;Zimbabwe;335,9480611;1529,74046;134,3792244;345,5889597;559,9134351;1151,963199;100;1130,240721;3027,292619;-1897,051898;USD million
01/02/08;ZWE;Zimbabwe;336,0992188;1534,910474;134,4396875;345,7833401;560,1653647;1152,611134;100;1130,704271;3033,304948;-1902,600677;USD million
01/03/08;ZWE;Zimbabwe;336,9740282;1533,736277;134,7896113;346,9087253;561,6233803;1156,362418;100;1133,38702;3037,00742;-1903,6204;USD million
01/04/08;ZWE;Zimbabwe;336,6872321;1534,264322;134,6748929;346,5397004;561,1453869;1155,132335;100;1132,507512;3035,936357;-1903,428845;USD million
01/05/08;ZWE;Zimbabwe;336,5112239;1536,864685;134,6044896;346,3132667;560,8520399;1154,377556;100;1131,967753;3037,555507;-1905,587754;USD million
01/06/08;ZWE;Zimbabwe;336,0040774;1541,585276;134,401631;345,660991;560,0067956;1152,203303;100;1130,412504;3039,449571;-1909,037067;USD million
01/07/08;ZWE;Zimbabwe;335,6775738;1545,262793;134,2710295;345,2411827;559,462623;1150,803942;100;1129,411226;3041,307918;-1911,896692;USD million
01/08/08;ZWE;Zimbabwe;335,8173179;1547,594218;134,3269271;345,4208489;559,6955298;1151,40283;100;1129,839775;3044,417896;-1914,578122;USD million
01/09/08;ZWE;Zimbabwe;335,5476124;1552,647514;134,2190449;345,0741107;559,2460206;1150,247036;100;1129,012678;3047,96866;-1918,955982;USD million
01/10/08;ZWE;Zimbabwe;336,0551032;1555,419334;134,4220413;345,7266076;560,0918386;1152,422025;100;1130,568983;3053,567967;-1922,998984;USD million
01/11/08;ZWE;Zimbabwe;336,6075867;1560,323013;134,6430347;346,4372332;561,0126445;1154,790777;100;1132,263266;3061,551024;-1929,287758;USD million
01/12/08;ZWE;Zimbabwe;336,7541271;1563,199129;134,7016509;346,6257682;561,2568786;1155,419227;100;1132,712657;3065,244124;-1932,531468;USD million
01/01/09;ZWE;Zimbabwe;336,8077876;1570,811385;134,7231151;346,6948114;561,3463127;1155,649371;100;1132,877215;3073,155568;-1940,278353;USD million
01/02/09;ZWE;Zimbabwe;337,1158442;1571,693215;134,8463377;347,0912312;561,8597403;1156,970771;100;1133,821922;3075,755217;-1941,933295;USD million
01/03/09;ZWE;Zimbabwe;336,1425102;1574,527203;134,4570041;345,8390145;560,237517;1152,796715;100;1130,837031;3073,162932;-1942,325901;USD million
01/04/09;ZWE;Zimbabwe;336,2286172;1578,560659;134,4914469;345,9497566;560,3810286;1153,165855;100;1131,101093;3077,676271;-1946,575179;USD million
01/05/09;ZWE;Zimbabwe;336,1438229;1583,178678;134,4575292;345,8407027;560,2397048;1152,802342;100;1130,841057;3081,821723;-1950,980666;USD million
01/06/09;ZWE;Zimbabwe;336,5057695;1586,431237;134,6023078;346,3062501;560,8429492;1154,354167;100;1131,951026;3087,091654;-1955,140627;USD million
01/07/09;ZWE;Zimbabwe;336,6410729;1591,423303;134,6564292;346,4803139;561,0684549;1154,93438;100;1132,365957;3092,837996;-1960,472039;USD million
01/08/09;ZWE;Zimbabwe;336,8891903;1593,488074;134,7556761;346,7995549;561,4819838;1155,998516;100;1133,12685;3096,286145;-1963,159295;USD million
01/09/09;ZWE;Zimbabwe;336,8884183;1593,010673;134,7553673;346,7985616;561,4806972;1155,995205;100;1133,124483;3095,80444;-1962,679957;USD million
01/10/09;ZWE;Zimbabwe;336,4576499;1591,939758;134,58306;346,24435;560,7627499;1154,147833;100;1131,80346;3092,331941;-1960,528481;USD million
01/11/09;ZWE;Zimbabwe;337,0652384;1592,73345;134,8260954;347,0261035;561,7753974;1156,753678;100;1133,666731;3096,513232;-1962,8465;USD million
01/12/09;ZWE;Zimbabwe;337,7318457;1595,732826;135,0927383;347,8841988;562,8864095;1159,613996;100;1135,710993;3103,23102;-1967,520027;USD million
01/01/10;ZWE;Zimbabwe;337,920343;1597,971185;135,1681372;348,1269202;563,2005717;1160,423067;100;1136,289052;3106,521173;-1970,232121;USD million
01/02/10;ZWE;Zimbabwe;337,7789556;1601,604503;135,1115823;347,9448574;562,9649261;1159,816191;100;1135,855464;3109,365552;-1973,510088;USD million
01/03/10;ZWE;Zimbabwe;337,4192911;1608,372767;134,9677165;347,4818077;562,3654852;1158,272692;100;1134,752493;3114,127267;-1979,374774;USD million
01/04/10;ZWE;Zimbabwe;338,2892255;1610,658238;135,3156902;348,6020154;563,8153759;1162,006718;100;1137,420292;3121,266971;-1983,84668;USD million
01/05/10;ZWE;Zimbabwe;338,3772334;1615,732166;135,3508934;348,7153826;563,9620557;1162,384609;100;1137,690182;3126,832157;-1989,141975;USD million
01/06/10;ZWE;Zimbabwe;339,01869;1617,710423;135,607476;349,5418964;565,0311501;1165,139655;100;1139,657316;3132,391975;-1992,734658;USD million
01/07/10;ZWE;Zimbabwe;339,0127409;1619,526078;135,6050964;349,5342291;565,0212348;1165,114097;100;1139,639072;3134,174404;-1994,535332;USD million
01/08/10;ZWE;Zimbabwe;339,0928767;1621,407537;135,6371507;349,6375108;565,1547945;1165,458369;100;1139,884822;3136,503417;-1996,618596;USD million
01/09/10;ZWE;Zimbabwe;339,1704331;1623,281944;135,6681732;349,7374738;565,2840551;1165,791579;100;1140,122661;3138,810997;-1998,688336;USD million
01/10/10;ZWE;Zimbabwe;339,3880094;1625,903559;135,7552038;350,0179401;565,6466824;1166,726467;100;1140,789896;3142,647967;-2001,858071;USD million
01/11/10;ZWE;Zimbabwe;340,4420723;1625,230461;136,1768289;351,3773136;567,4034539;1171,257712;100;1144,022355;3147,865487;-2003,843132;USD million
01/12/10;ZWE;Zimbabwe;341,2789318;1626,863907;136,5115727;352,4573201;568,7982196;1174,857734;100;1146,588724;3154,178961;-2007,590237;USD million
01/01/11;ZWE;Zimbabwe;341,9469574;1631,410672;136,7787829;353,319914;569,9115956;1177,733047;100;1148,637336;3162,463632;-2013,826296;USD million
01/02/11;ZWE;Zimbabwe;343,3705477;1636,588015;137,3482191;355,1595425;572,2842462;1183,865142;100;1153,003013;3175,612699;-2022,609686;USD million
01/03/11;ZWE;Zimbabwe;343,2392945;1639,421658;137,2957178;354,9898511;572,0654908;1183,299504;100;1152,600503;3177,711012;-2025,110509;USD million
01/04/11;ZWE;Zimbabwe;342,8530183;1643,174886;137,1412073;354,4905463;571,4216971;1181,635154;100;1151,415923;3179,300586;-2027,884663;USD million
01/05/11;ZWE;Zimbabwe;343,4919144;1649,925007;137,3967657;355,3164663;572,4865239;1184,388221;100;1153,375204;3189,629694;-2036,25449;USD million
01/06/11;ZWE;Zimbabwe;343,7134841;1655,208849;137,4853936;355,6029859;572,8558068;1185,343286;100;1154,054685;3196,155121;-2042,100436;USD million
01/07/11;ZWE;Zimbabwe;344,9465456;1659,983323;137,9786182;357,1983437;574,9109093;1190,661146;100;1157,836073;3207,842812;-2050,006739;USD million
01/08/11;ZWE;Zimbabwe;345,3089086;1663,667119;138,1235635;357,6674471;575,5148477;1192,224824;100;1158,94732;3213,55939;-2054,61207;USD million
01/09/11;ZWE;Zimbabwe;346,2183985;1667,626306;138,4873594;358,8453849;577,0306641;1196,151283;100;1161,736422;3222,622974;-2060,886552;USD million
01/10/11;ZWE;Zimbabwe;347,0987388;1669,71694;138,8394955;359,9863064;578,4978979;1199,954355;100;1164,436132;3229,657601;-2065,221469;USD million
01/11/11;ZWE;Zimbabwe;348,2061496;1668,338429;139,2824598;361,4225389;580,3435826;1204,741796;100;1167,832192;3234,502764;-2066,670572;USD million
01/12/11;ZWE;Zimbabwe;349,3588908;1674,576358;139,7435563;362,918775;582,2648179;1209,72925;100;1171,367265;3247,224384;-2075,857119;USD million
01/01/12;ZWE;Zimbabwe;350,3448612;1678,202953;140,1379445;364,1995258;583,9081021;1213,998419;100;1174,390908;3256,400899;-2082,009991;USD million
01/02/12;ZWE;Zimbabwe;350,619187;1682,023098;140,2476748;364,5560285;584,3653117;1215,186762;100;1175,232174;3261,765888;-2086,533715;USD million
01/03/12;ZWE;Zimbabwe;351,0062368;1683,292839;140,4024947;365,0591413;585,0103947;1216,863804;100;1176,419126;3265,215785;-2088,796658;USD million
01/04/12;ZWE;Zimbabwe;351,6925121;1684,285791;140,6770048;365,951548;586,1541868;1219,838493;100;1178,523704;3270,075832;-2091,552128;USD million
01/05/12;ZWE;Zimbabwe;352,0682436;1688,558054;140,8272975;366,4403198;586,7804061;1221,467733;100;1179,675947;3276,466106;-2096,790159;USD million
01/06/12;ZWE;Zimbabwe;351,7353561;1695,158673;140,6941425;366,0072752;586,2255936;1220,024251;100;1178,655092;3281,190199;-2102,535107;USD million
01/07/12;ZWE;Zimbabwe;352,1695596;1697,114323;140,8678238;366,5721393;586,9492659;1221,907131;100;1179,986649;3285,593593;-2105,606944;USD million
01/08/12;ZWE;Zimbabwe;352,0512701;1700,748759;140,820508;366,4182369;586,7521168;1221,394123;100;1179,623895;3288,561119;-2108,937224;USD million
01/09/12;ZWE;Zimbabwe;352,6263662;1706,222555;141,0505465;367,1665963;587,7106103;1223,888654;100;1181,387523;3297,277805;-2115,890283;USD million
01/10/12;ZWE;Zimbabwe;352,456834;1710,026188;140,9827336;366,9459562;587,4280567;1223,153187;100;1180,867624;3300,125332;-2119,257707;USD million
01/11/12;ZWE;Zimbabwe;353,364109;1713,155712;141,3456436;368,1270509;588,9401816;1227,09017;100;1183,649934;3308,372933;-2124,722998;USD million
01/12/12;ZWE;Zimbabwe;353,3507505;1717,26843;141,3403002;368,1096553;588,9179174;1227,032184;100;1183,608968;3312,410269;-2128,801301;USD million
01/01/13;ZWE;Zimbabwe;353,1222489;1721,17191;141,2488996;367,8121222;588,5370815;1226,040407;100;1182,90823;3315,024439;-2132,11621;USD million
01/02/13;ZWE;Zimbabwe;352,755485;1724,56503;141,102194;367,3346576;587,9258083;1224,448859;100;1181,783487;3316,348546;-2134,565058;USD million
01/03/13;ZWE;Zimbabwe;352,6051009;1727,97715;141,0420404;367,1389189;587,6751682;1223,796396;100;1181,32231;3318,912465;-2137,590155;USD million
01/04/13;ZWE;Zimbabwe;353,2195141;1730,935043;141,2878056;367,9387658;588,6991901;1226,462553;100;1183,20651;3325,336362;-2142,129852;USD million
01/05/13;ZWE;Zimbabwe;353,3015802;1735,674031;141,3206321;368,0456263;588,8359669;1226,818754;100;1183,458179;3330,538412;-2147,080233;USD million
01/06/13;ZWE;Zimbabwe;353,7195772;1738,868354;141,4878309;368,590008;589,5326287;1228,63336;100;1184,740037;3336,091722;-2151,351685;USD million
01/07/13;ZWE;Zimbabwe;354,3647153;1742,08173;141,7458861;369,4305242;590,6078588;1231,435081;100;1186,71846;3342,947335;-2156,228875;USD million
01/08/13;ZWE;Zimbabwe;353,9726697;1745,776312;141,5890679;368,9197031;589,9544495;1229,732344;100;1185,516187;3344,428359;-2158,912171;USD million
01/09/13;ZWE;Zimbabwe;353,5925649;1751,846128;141,437026;368,4245755;589,3209415;1228,081918;100;1184,350532;3348,352622;-2164,002089;USD million
01/10/13;ZWE;Zimbabwe;353,8296152;1754,240547;141,5318461;368,7333436;589,7160254;1229,111145;100;1185,077487;3352,085036;-2167,00755;USD million
01/11/13;ZWE;Zimbabwe;353,6817872;1758,850213;141,4727149;368,5407853;589,4696454;1228,469284;100;1184,624148;3355,860283;-2171,236135;USD million
01/12/13;ZWE;Zimbabwe;353,5909456;1759,949533;141,4363782;368,4224665;589,3182426;1228,074888;100;1184,345566;3356,446887;-2172,101321;USD million
01/01/14;ZWE;Zimbabwe;353,4728782;1765,602433;141,3891513;368,2686981;589,1214636;1227,562327;100;1183,983493;3361,433458;-2177,449965;USD million
01/02/14;ZWE;Zimbabwe;352,6579215;1765,071065;141,0631686;367,2076673;587,7632025;1224,025558;100;1181,484293;3356,30429;-2174,819998;USD million
01/03/14;ZWE;Zimbabwe;352,5263845;1769,015321;141,0105538;367,0364705;587,5439742;1223,454902;100;1181,080912;3359,506693;-2178,425781;USD million
01/04/14;ZWE;Zimbabwe;353,9091044;1773,69756;141,5636417;368,8368932;589,8485073;1229,456311;100;1185,321253;3371,990764;-2186,669511;USD million
01/05/14;ZWE;Zimbabwe;354,9808209;1775,576923;141,9923284;370,2335728;591,6347015;1234,111909;100;1188,607851;3379,922406;-2191,314555;USD million
01/06/14;ZWE;Zimbabwe;355,2925759;1779,518715;142,1170303;370,6400554;592,1542931;1235,466851;100;1189,563899;3385,625621;-2196,061722;USD million
01/07/14;ZWE;Zimbabwe;354,2148537;1782,783031;141,6859415;369,2352433;590,3580894;1230,784144;100;1186,258885;3382,802419;-2196,543534;USD million
01/08/14;ZWE;Zimbabwe;353,9987417;1784,004526;141,5994967;368,9536697;589,9979029;1229,845566;100;1185,596141;3382,803762;-2197,20762;USD million
01/09/14;ZWE;Zimbabwe;354,2314773;1784,378629;141,6925909;369,2569042;590,3857955;1230,856347;100;1186,309864;3384,49188;-2198,182016;USD million
01/10/14;ZWE;Zimbabwe;354,5545704;1787,503745;141,8218281;369,6779493;590,924284;1232,259831;100;1187,300682;3389,441525;-2202,140843;USD million
01/11/14;ZWE;Zimbabwe;353,6424597;1793,544504;141,4569839;368,4895613;589,4040995;1228,298538;100;1184,503543;3390,332603;-2205,82906;USD million
01/12/14;ZWE;Zimbabwe;353,7075307;1794,393612;141,4830123;368,5743169;589,5125512;1228,581056;100;1184,703094;3391,548985;-2206,845891;USD million
01/01/15;ZWE;Zimbabwe;353,9909172;1796,814365;141,5963669;368,9434758;589,9848619;1229,811586;100;1185,572146;3395,569427;-2209,997281;USD million
01/02/15;ZWE;Zimbabwe;353,7331116;1799,312631;141,4932446;368,6076373;589,555186;1228,692124;100;1184,781542;3396,612393;-2211,830851;USD million
01/03/15;ZWE;Zimbabwe;353,1157356;1803,376825;141,2462943;367,803642;588,5262261;1226,01214;100;1182,888256;3397,192607;-2214,304351;USD million
01/04/15;ZWE;Zimbabwe;353,2117208;1806,181124;141,2846883;367,9286183;588,6862014;1226,428728;100;1183,182611;3400,53847;-2217,355859;USD million
01/05/15;ZWE;Zimbabwe;353,1192442;1808,353208;141,2476977;367,8082101;588,5320737;1226,027367;100;1182,899016;3402,188785;-2219,28977;USD million
01/06/15;ZWE;Zimbabwe;353,1990512;1809,662142;141,2796205;367,9121215;588,6650854;1226,373738;100;1183,143757;3403,948002;-2220,804245;USD million
01/07/15;ZWE;Zimbabwe;353,0971121;1813,719989;141,2388449;367,7793944;588,4951869;1225,931315;100;1182,831144;3407,430698;-2224,599554;USD million
01/08/15;ZWE;Zimbabwe;352,8953383;1818,904258;141,1581353;367,5167083;588,1588972;1225,055694;100;1182,212371;3411,476661;-2229,26429;USD million
01/09/15;ZWE;Zimbabwe;352,3834335;1824,911652;140,9533734;366,8504362;587,3057225;1222,834787;100;1180,642529;3414,596876;-2233,954346;USD million
01/10/15;ZWE;Zimbabwe;352,6578953;1832,130042;141,0631581;367,2076332;587,7631588;1224,025444;100;1181,484212;3423,363119;-2241,878907;USD million
01/11/15;ZWE;Zimbabwe;353,3493629;1832,868294;141,3397452;368,1078484;588,9156048;1227,026161;100;1183,604713;3428,002304;-2244,397591;USD million
01/12/15;ZWE;Zimbabwe;353,9571989;1837,248112;141,5828796;368,8995482;589,9286648;1229,665161;100;1185,468743;3435,81282;-2250,344077;USD million
01/01/16;ZWE;Zimbabwe;355,8675541;1841,300004;142,3470216;371,3899763;593,1125902;1237,966588;100;1191,327166;3450,656568;-2259,329402;USD million
01/02/16;ZWE;Zimbabwe;356,1644889;1842,021072;142,4657956;371,7773751;593,6074816;1239,257917;100;1192,237766;3453,056364;-2260,818598;USD million
01/03/16;ZWE;Zimbabwe;356,2291147;1846,419404;142,4916459;371,8617004;593,7151912;1239,539001;100;1192,435952;3457,820106;-2265,384154;USD million
01/04/16;ZWE;Zimbabwe;355,8208557;1847,270688;142,3283423;371,3290582;593,0347596;1237,763527;100;1191,183958;3456,363274;-2265,179316;USD million
01/05/16;ZWE;Zimbabwe;355,8465113;1851,164581;142,3386045;371,3625257;593,0775188;1237,875086;100;1191,262635;3460,402192;-2269,139558;USD million
01/06/16;ZWE;Zimbabwe;355,4126269;1855,537748;142,1650508;370,796608;592,3543781;1235,988693;100;1189,932056;3462,323049;-2272,390993;USD million
01/07/16;ZWE;Zimbabwe;355,8227718;1857,730957;142,3291087;371,3315576;593,0379529;1237,771859;100;1191,189833;3466,834374;-2275,64454;USD million
01/08/16;ZWE;Zimbabwe;355,7151646;1860,274443;142,2860658;371,1911913;592,8586076;1237,303971;100;1190,859838;3468,769605;-2277,909767;USD million
01/09/16;ZWE;Zimbabwe;354,6112319;1865,149324;141,8444927;369,7517987;591,0187198;1232,505996;100;1187,474444;3467,407119;-2279,932674;USD million
01/10/16;ZWE;Zimbabwe;353,9528421;1870,233577;141,5811368;368,8938722;589,9214035;1229,646241;100;1185,455382;3468,77369;-2283,318308;USD million
01/11/16;ZWE;Zimbabwe;353,338054;1876,146223;141,3352216;368,0931219;588,8967566;1226,977073;100;1183,570032;3471,216418;-2287,646385;USD million
01/12/16;ZWE;Zimbabwe;354,0347336;1883,777822;141,6138934;369,0005607;590,0578893;1230,001869;100;1185,706516;3482,780252;-2297,073735;USD million
01/01/17;ZWE;Zimbabwe;354,9513011;1886,741419;141,9805204;370,1950879;591,5855018;1233,983626;100;1188,517323;3490,920133;-2302,40281;USD million
01/02/17;ZWE;Zimbabwe;354,4214903;1889,428895;141,7685961;369,5045118;590,7024839;1231,681706;100;1186,89257;3490,615113;-2303,722542;USD million
01/03/17;ZWE;Zimbabwe;354,3241734;1896,965652;141,7296694;369,3776931;590,5402891;1231,258977;100;1186,594132;3497,602323;-2311,008191;USD million
01/04/17;ZWE;Zimbabwe;354,2844689;1897,668657;141,7137876;369,3259546;590,4741149;1231,086515;100;1186,472371;3498,081127;-2311,608756;USD million
01/05/17;ZWE;Zimbabwe;354,6281249;1903,028708;141,85125;369,7738168;591,0468749;1232,579389;100;1187,52625;3505,381914;-2317,855664;USD million
01/06/17;ZWE;Zimbabwe;354,5697293;1906,015575;141,8278917;369,6977063;590,9495489;1232,325688;100;1187,34717;3508,038969;-2320,691799;USD million
01/07/17;ZWE;Zimbabwe;354,4398735;1909,076568;141,7759494;369,5284688;590,7331225;1231,761563;100;1186,948945;3510,366599;-2323,417653;USD million
01/08/17;ZWE;Zimbabwe;354,9306415;1915,540029;141,9722566;370,1681546;591,5510692;1233,893849;100;1188,453967;3519,602033;-2331,148065;USD million
01/09/17;ZWE;Zimbabwe;355,2877117;1918,988957;142,1150847;370,6337126;592,1461862;1235,445709;100;1189,548983;3525,068378;-2335,519396;USD million
01/10/17;ZWE;Zimbabwe;356,0762311;1921,833036;142,4304925;371,6622203;593,4603852;1238,874068;100;1191,967109;3532,369324;-2340,402215;USD million
01/11/17;ZWE;Zimbabwe;356,8964758;1926,619612;142,7585903;372,7327132;594,8274596;1242,442377;100;1194,482526;3541,794702;-2347,312177;USD million
01/12/17;ZWE;Zimbabwe;357,475283;1928,22451;142,9901132;373,4884789;595,7921383;1244,961596;100;1196,257534;3546,674586;-2350,417051;USD million
01/01/18;ZWE;Zimbabwe;357,9249716;1935,38822;143,1699886;374,0758619;596,5416193;1246,91954;100;1197,636579;3556,383622;-2358,747042;USD million
01/02/18;ZWE;Zimbabwe;358,0321891;1941,74448;143,2128757;374,2159366;596,7203152;1247,386455;100;1197,96538;3563,346872;-2365,381492;USD million
01/03/18;ZWE;Zimbabwe;357,2365115;1944,982685;142,8946046;373,1766708;595,3941858;1243,922236;100;1195,525302;3562,081592;-2366,55629;USD million
01/04/18;ZWE;Zimbabwe;357,8187686;1946,625479;143,1275075;373,937123;596,3646144;1246,457077;100;1197,31089;3567,019679;-2369,708788;USD million
01/05/18;ZWE;Zimbabwe;358,1796814;1954,949553;143,2718726;374,4086456;596,9661357;1248,028819;100;1198,41769;3577,387017;-2378,969328;USD million
01/06/18;ZWE;Zimbabwe;358,700075;1958,747058;143,48003;375,0887345;597,8334584;1250,295782;100;1200,013563;3584,131575;-2384,118011;USD million
01/07/18;ZWE;Zimbabwe;358,863017;1958,3953;143,5452068;375,3017299;598,1050283;1251,005766;100;1200,513252;3584,702796;-2384,189544;USD million
01/08/18;ZWE;Zimbabwe;359,365926;1964,651547;143,7463704;375,9592777;598,9432099;1253,197592;100;1202,055506;3593,808417;-2391,752911;USD million
01/09/18;ZWE;Zimbabwe;359,3184336;1965,338933;143,7273734;375,8971721;598,8640559;1252,990574;100;1201,909863;3594,226679;-2392,316816;USD million
01/10/18;ZWE;Zimbabwe;359,1398735;1966,490469;143,6559494;375,6636882;598,5664559;1252,212294;100;1201,362279;3594,366452;-2393,004173;USD million
01/11/18;ZWE;Zimbabwe;360,2508926;1971,381254;144,1003571;377,1169201;600,4181544;1257,0564;100;1204,769404;3605,554575;-2400,785171;USD million
01/12/18;ZWE;Zimbabwe;360,3689475;1976,170035;144,147579;377,2714038;600,6149126;1257,571346;100;1205,131439;3611,012784;-2405,881345;USD million
01/01/19;ZWE;Zimbabwe;361,5942764;1974,763627;144,6377106;378,8755856;602,6571273;1262,918619;100;1208,889114;3616,557832;-2407,668718;USD million
01/02/19;ZWE;Zimbabwe;361,5939241;1973,567816;144,6375696;378,8751243;602,6565402;1262,917081;100;1208,888034;3615,360021;-2406,471987;USD million
01/03/19;ZWE;Zimbabwe;361,0333296;1977,090861;144,4133318;378,1410337;601,7222159;1260,470112;100;1207,168877;3615,702007;-2408,533129;USD million
01/04/19;ZWE;Zimbabwe;361,0330949;1982,267698;144,413238;378,1407264;601,7218248;1260,469088;100;1207,168158;3620,877512;-2413,709355;USD million
01/05/19;ZWE;Zimbabwe;360,3962554;1983,173132;144,1585022;377,30714;600,6604256;1257,690467;100;1205,215183;3618,170738;-2412,955555;USD million
01/06/19;ZWE;Zimbabwe;359,9361436;1982,302396;143,9744574;376,705109;599,8935726;1255,683697;100;1203,804174;3614,691202;-2410,887029;USD million
01/07/19;ZWE;Zimbabwe;360,8340196;1983,993529;144,3336078;377,8801087;601,3900326;1259,600362;100;1206,55766;3621,474;-2414,91634;USD million
01/08/19;ZWE;Zimbabwe;360,0922983;1987,507613;144,0369193;376,9094074;600,1538306;1256,364691;100;1204,283048;3620,781711;-2416,498663;USD million
01/09/19;ZWE;Zimbabwe;359,8214416;1993,163447;143,9285766;376,5550578;599,7024027;1255,183526;100;1203,452421;3624,902031;-2421,44961;USD million
01/10/19;ZWE;Zimbabwe;359,1899148;1994,244371;143,6759659;375,7291189;598,649858;1252,430396;100;1201,515739;3622,403886;-2420,888148;USD million
01/11/19;ZWE;Zimbabwe;359,7705595;1997,753788;143,9082238;376,4884985;599,6175991;1254,961662;100;1203,296382;3629,203948;-2425,907565;USD million
01/12/19;ZWE;Zimbabwe;359,6460581;1996,995389;143,8584233;376,3256471;599,4100969;1254,418824;100;1202,914578;3627,739859;-2424,825281;USD million
01/01/20;ZWE;Zimbabwe;359,7821121;1999,594092;143,9128448;376,5036103;599,6368535;1255,012034;100;1203,33181;3631,109737;-2427,777926;USD million
01/02/20;ZWE;Zimbabwe;359,7284555;2000,372715;143,8913822;376,4334236;599,5474258;1254,778079;100;1203,167263;3631,584218;-2428,416954;USD million
01/03/20;ZWE;Zimbabwe;360,6891835;2003,376115;144,2756734;377,6905205;601,1486392;1258,968402;100;1206,113496;3640,035037;-2433,921541;USD million
01/04/20;ZWE;Zimbabwe;360,6356786;2006,392387;144,2542714;377,6204881;601,0594643;1258,73496;100;1205,949414;3642,747836;-2436,798421;USD million
01/05/20;ZWE;Zimbabwe;361,6984992;2008,644824;144,6793997;379,0120954;602,8308321;1263,373651;100;1209,208731;3651,03057;-2441,821839;USD million
01/06/20;ZWE;Zimbabwe;361,7625963;2012,184341;144,7050385;379,0960537;602,9376605;1263,653512;100;1209,405295;3654,933907;-2445,528612;USD million
01/07/20;ZWE;Zimbabwe;361,3231327;2013,643142;144,5292531;378,5204913;602,2052212;1261,734971;100;1208,057607;3653,898604;-2445,840997;USD million
01/08/20;ZWE;Zimbabwe;362,3935915;2015,793454;144,9574366;379,9227698;603,9893192;1266,409233;100;1211,340347;3662,125456;-2450,785109;USD million
01/09/20;ZWE;Zimbabwe;361,9186073;2018,184171;144,7674429;379,3004225;603,1976789;1264,334742;100;1209,883729;3661,819335;-2451,935606;USD million
01/10/20;ZWE;Zimbabwe;362,1829164;2017,721749;144,8731666;379,6467079;603,6381941;1265,489026;100;1210,694277;3662,857483;-2452,163206;USD million
01/11/20;ZWE;Zimbabwe;362,5943491;2019,048866;145,0377397;380,1858734;604,3239152;1267,286245;100;1211,956004;3666,520984;-2454,56498;USD million
01/12/20;ZWE;Zimbabwe;362,7654656;2020,59608;145,1061862;380,4101595;604,6091093;1268,033865;100;1212,480761;3669,040104;-2456,559343;USD million
01/01/21;ZWE;Zimbabwe;362,5492245;2028,098854;145,0196898;380,126732;604,2487075;1267,089107;100;1211,817622;3675,314693;-2463,497071;USD million
01/02/21;ZWE;Zimbabwe;362,7911968;2031,706574;145,1164787;380,4438883;604,6519947;1268,146294;100;1212,55967;3680,296756;-2467,737086;USD million
01/03/21;ZWE;Zimbabwe;363,537397;2036,737826;145,4149588;381,4222756;605,8956617;1271,407585;100;1214,848017;3689,567687;-2474,71967;USD million
01/04/21;ZWE;Zimbabwe;363,7907219;2040,62498;145,5162887;381,7545391;606,3178698;1272,51513;100;1215,62488;3694,894649;-2479,269769;USD million
01/05/21;ZWE;Zimbabwe;364,1322896;2044,818179;145,6529159;382,2026345;606,8871494;1274,008782;100;1216,672355;3701,029595;-2484,35724;USD million
01/06/21;ZWE;Zimbabwe;364,4275236;2046,216116;145,7710094;382,5900302;607,379206;1275,300101;100;1217,577739;3704,106246;-2486,528507;USD million
01/07/21;ZWE;Zimbabwe;364,6539131;2044,412269;145,8615652;382,8871437;607,7565218;1276,290479;100;1218,272;3703,589892;-2485,317892;USD million
01/08/21;ZWE;Zimbabwe;365,2925843;2051,822061;146,1170337;383,7255843;608,8209738;1279,085281;100;1220,230592;3714,632926;-2494,402334;USD million
01/09/21;ZWE;Zimbabwe;364,5352038;2055,748184;145,8140815;382,7313439;607,558673;1275,771146;100;1217,907958;3714,250674;-2496,342716;USD million
01/10/21;ZWE;Zimbabwe;364,2309073;2056,354951;145,6923629;382,3320283;607,0515121;1274,440094;100;1216,974782;3713,127074;-2496,152291;USD million
01/11/21;ZWE;Zimbabwe;364,1980888;2058,0958;145,6792355;382,288967;606,9968147;1274,296557;100;1216,874139;3714,681324;-2497,807185;USD million
01/12/21;ZWE;Zimbabwe;363,8727772;2064,419385;145,5491109;381,8621761;606,4546286;1272,87392;100;1215,876517;3719,155482;-2503,278965;USD million
01/01/22;ZWE;Zimbabwe;364,2236905;2067,276222;145,6894762;382,3225591;607,0394842;1274,40853;100;1216,952651;3724,007312;-2507,054661;USD million
01/02/22;ZWE;Zimbabwe;364,8145339;2069,489289;145,9258136;383,0979705;608,0242232;1276,993235;100;1218,764571;3729,580494;-2510,815923;USD million
01/03/22;ZWE;Zimbabwe;364,241541;2074,483694;145,6966164;382,3459812;607,069235;1274,486604;100;1217,007392;3731,316279;-2514,308887;USD million
01/04/22;ZWE;Zimbabwe;364,2624685;2077,463575;145,7049874;382,373441;607,1041142;1274,578137;100;1217,07157;3734,415153;-2517,343583;USD million
01/05/22;ZWE;Zimbabwe;364,8495752;2082,980449;145,9398301;383,1439679;608,0826254;1277,14656;100;1218,872031;3743,270977;-2524,398946;USD million
01/06/22;ZWE;Zimbabwe;366,0456746;2085,080146;146,4182698;384,714704;610,0761244;1282,382347;100;1222,540069;3752,177196;-2529,637127;USD million
01/07/22;ZWE;Zimbabwe;366,606487;2085,519768;146,6425948;385,4516136;611,0108117;1284,838712;100;1224,259894;3755,810094;-2531,5502;USD million
01/08/22;ZWE;Zimbabwe;366,4140339;2089,549287;146,5656136;385,1986977;610,6900565;1283,995659;100;1223,669704;3758,743644;-2535,07394;USD million
01/09/22;ZWE;Zimbabwe;366,660388;2094,108694;146,6641552;385,5224545;611,1006466;1285,074848;100;1224,42519;3764,705997;-2540,280807;USD million
01/10/22;ZWE;Zimbabwe;366,5148942;2095,137819;146,6059577;385,331241;610,8581569;1284,43747;100;1223,979009;3764,90653;-2540,927521;USD million
01/11/22;ZWE;Zimbabwe;367,1487417;2098,511828;146,8594967;386,1644065;611,9145695;1287,214688;100;1225,922808;3771,890923;-2545,968115;USD million
01/12/22;ZWE;Zimbabwe;367,5015487;2104,509393;147,0006195;386,6283119;612,5025811;1288,76104;100;1227,004749;3779,898745;-2552,893996;USD million
01/01/23;ZWE;Zimbabwe;367,3033007;2105,786194;146,9213203;386,3676222;612,1721679;1287,892074;100;1226,396789;3780,04589;-2553,649101;USD million
01/02/23;ZWE;Zimbabwe;367,6405247;2109,155785;147,0562099;386,8110819;612,7342078;1289,370273;100;1227,430942;3785,33714;-2557,906197;USD million
01/03/23;ZWE;Zimbabwe;368,412846;2111,881357;147,3651384;387,8270909;614,0214101;1292,75697;100;1229,799395;3792,465418;-2562,666024;USD million
01/04/23;ZWE;Zimbabwe;368,45805;2114,895571;147,38322;387,8865744;614,09675;1292,955248;100;1229,93802;3795,737393;-2565,799373;USD million
01/05/23;ZWE;Zimbabwe;368,4867186;2117,83382;147,3946875;387,9243002;614,1445311;1293,081001;100;1230,025937;3798,839121;-2568,813184;USD million
01/06/23;ZWE;Zimbabwe;366,8198262;2119,959629;146,7279305;385,7320162;611,366377;1285,773387;100;1224,914134;3791,465033;-2566,550899;USD million
01/07/23;ZWE;Zimbabwe;366,7564132;2122,890943;146,7025653;385,648665;611,2606887;1285,49555;100;1224,719667;3794,035157;-2569,31549;USD million
01/08/23;ZWE;Zimbabwe;367,2427081;2128,785405;146,8970833;386,2879519;612,0711802;1287,626506;100;1226,210972;3802,699863;-2576,488891;USD million
01/09/23;ZWE;Zimbabwe;366,5846452;2130,430206;146,6338581;385,4229081;610,9744086;1284,743027;100;1224,192912;3800,596141;-2576,403229;USD million
01/10/23;ZWE;Zimbabwe;367,6043254;2128,600619;147,0417301;386,7634739;612,6738756;1289,21158;100;1227,319931;3804,575672;-2577,255741;USD million
01/11/23;ZWE;Zimbabwe;367,9930475;2130,322764;147,197219;387,2747688;613,3217458;1290,915896;100;1228,512012;3808,513429;-2580,001417;USD million
01/12/23;ZWE;Zimbabwe;368,3073733;2136,640386;147,3229493;387,6883073;613,8456221;1292,294358;100;1229,475945;3816,623051;-2587,147106;USD million
01/01/24;ZWE;Zimbabwe;368,0810219;2137,255589;147,2324088;387,3905022;613,4683698;1291,301674;100;1228,7818;3815,947765;-2587,165965;USD million
01/02/24;ZWE;Zimbabwe;368,6215296;2139,386254;147,4486119;388,1017111;614,369216;1293,67237;100;1230,439358;3821,160335;-2590,720978;USD million
01/03/24;ZWE;Zimbabwe;368,0718921;2144,603292;147,2287569;387,3784914;613,4531536;1291,261638;100;1228,753803;3823,243422;-2594,489619;USD million
01/04/24;ZWE;Zimbabwe;368,2929141;2149,966559;147,3171656;387,6692824;613,8215235;1292,230941;100;1229,431603;3829,866783;-2600,435179;USD million
01/05/24;ZWE;Zimbabwe;368,7017637;2155,743514;147,4807055;388,2073067;614,5029396;1294,024356;100;1230,685409;3837,975176;-2607,289768;USD million
01/06/24;ZWE;Zimbabwe;368,2772828;2159,479545;147,3109131;387,6487154;613,7954714;1292,162385;100;1229,383667;3839,290645;-2609,906978;USD million
01/07/24;ZWE;Zimbabwe;369,265664;2160,825947;147,7062656;388,9496141;615,4427733;1296,498714;100;1232,414703;3846,274275;-2613,859572;USD million
01/08/24;ZWE;Zimbabwe;369,3211512;2163,539073;147,7284605;389,0226717;615,535252;1296,742239;100;1232,584864;3849,303983;-2616,71912;USD million
01/09/24;ZWE;Zimbabwe;368,9535969;2162,619228;147,5814388;388,5387799;614,9226615;1295,129266;100;1231,457697;3846,287274;-2614,829577;USD million
01/10/24;ZWE;Zimbabwe;368,901967;2166,983355;147,5607868;388,4708179;614,8366117;1294,902726;100;1231,299366;3850,356899;-2619,057533;USD million
01/11/24;ZWE;Zimbabwe;370,897508;2170,555788;148,3590032;391,0993377;618,1625133;1303,664459;100;1237,419024;3865,319584;-2627,90056;USD million
01/12/24;ZWE;Zimbabwe;370,9574102;2172,841353;148,3829641;391,1782955;618,2623504;1303,927652;100;1237,602725;3867,9473;-2630,344575;USD million
01/01/25;ZWE;Zimbabwe;370,9929203;2177,678679;148,3971681;391,2251032;618,3215338;1304,083677;100;1237,711622;3872,98746;-2635,275837;USD million
01/02/25;ZWE;Zimbabwe;370,6931498;2179,057388;148,2772599;390,8299949;617,8219163;1302,76665;100;1236,792326;3872,654033;-2635,861707;USD million
01/03/25;ZWE;Zimbabwe;370,679307;2181,78034;148,2717228;390,8117516;617,798845;1302,705839;100;1236,749875;3875,29793;-2638,548055;USD million
01/04/25;ZWE;Zimbabwe;370,4211805;2181,327975;148,1684722;390,4715987;617,3686341;1301,571996;100;1235,958287;3873,371569;-2637,413283;USD million
01/05/25;ZWE;Zimbabwe;370,765689;2182,537225;148,3062756;390,925597;617,9428151;1303,085323;100;1237,01478;3876,548146;-2639,533366;USD million
01/06/25;ZWE;Zimbabwe;371,0943595;2184,190248;148,4377438;391,3588218;618,4905991;1304,529406;100;1238,022702;3880,078476;-2642,055773;USD million
01/07/25;ZWE;Zimbabwe;371,385121;2184,759676;148,5540484;391,7421584;618,9752017;1305,807195;100;1238,914371;3882,309028;-2643,394657;USD million
01/08/25;ZWE;Zimbabwe;372,0150594;2186,082682;148,8060238;392,5729191;620,0250991;1308,576397;100;1240,846182;3887,231998;-2646,385816;USD million
01/09/25;ZWE;Zimbabwe;373,195006;2185,768991;149,2780024;394,1299749;621,9916766;1313,766583;100;1244,464685;3893,665549;-2649,200864;USD million
01/10/25;ZWE;Zimbabwe;373,5670478;2189,923058;149,4268191;394,6211762;622,6117464;1315,403921;100;1245,605613;3899,948155;-2654,342542;USD million
01/11/25;ZWE;Zimbabwe;374,2929842;2193,631293;149,7171937;395,5799714;623,8216404;1318,599905;100;1247,831818;3907,811169;-2659,979351;USD million
01/12/25;ZWE;Zimbabwe;374,531983;2196,592257;149,8127932;395,8957356;624,2199716;1319,652452;100;1248,564748;3912,140445;-2663,575697;USD million
01/01/26;ZWE;Zimbabwe;374,00317;2199,370052;149,601268;395,1971377;623,3386167;1317,323792;100;1246,943055;3911,890982;-2664,947927;USD million
01/02/26;ZWE;Zimbabwe;374,2281988;2200,290066;149,6912795;395,4943859;623,7136647;1318,31462;100;1247,633143;3914,099072;-2666,465929;USD million
01/03/26;ZWE;Zimbabwe;374,1830355;2204,881987;149,6732142;395,4347245;623,6383925;1318,115748;100;1247,494642;3918,43246;-2670,937818;USD million
01/04/26;ZWE;Zimbabwe;374,7205581;2209,579756;149,8882232;396,1449159;624,5342634;1320,483053;100;1249,143045;3926,207724;-2677,06468;USD million
01/05/26;ZWE;Zimbabwe;375,6048544;2209,859687;150,2419418;397,3138295;626,0080907;1324,379432;100;1251,854887;3931,552948;-2679,698061;USD million
01/06/26;ZWE;Zimbabwe;374,7007968;2212,72373;149,8803187;396,1188022;624,501328;1320,396007;100;1249,082444;3929,23854;-2680,156096;USD million
01/07/26;ZWE;Zimbabwe;373,972352;2215,640192;149,5889408;395,1564325;623,2872533;1317,188108;100;1246,848546;3927,984733;-2681,136187;USD million
01/08/26;ZWE;Zimbabwe;373,4213991;2219,592043;149,3685597;394,4288639;622,3689986;1314,76288;100;1245,158957;3928,783787;-2683,62483;USD million
01/09/26;ZWE;Zimbabwe;373,328468;2222,709801;149,3313872;394,3061687;622,2141133;1314,353896;100;1244,873968;3931,369866;-2686,495897;USD million