iso3;country;unit;period;direct_investment_assets;direct_investment_liabilities;portfolio_assets;portfolio_liabilities;other_investment_assets;other_investment_liabilities;reserve_assets;gross_external_assets;gross_external_liabilities;net_iip;frequency;date
ZWE;Zimbabwe;USD million;1980-Q1;301,0667917;600,7237842;120,4267167;301,3340818;501,7779862;1004,446939;972,2717457;1895,54324;1906,504805;-93,12078743;Quarterly;01/01/80
ZWE;Zimbabwe;USD million;1980-Q2;300,4563633;606,9315357;120,1825453;300,5705626;500,7606056;1001,901875;953,3585408;1874,758055;1909,403974;-49,61471362;Quarterly;01/01/80
ZWE;Zimbabwe;USD million;1980-Q3;299,210024;613,6434362;119,6840096;299,0128552;498,6833733;996,7095175;905,20389;1822,781297;1909,365809;-188,8078158;Quarterly;01/01/80
ZWE;Zimbabwe;USD million;1980-Q4;298,9272233;618,5549639;119,5708893;298,659629;498,2120388;995,5320967;888,4528155;1805,162967;1912,74669;-306,5396207;Quarterly;01/01/80
ZWE;Zimbabwe;USD million;1981-Q1;299,5590696;633,0193134;119,8236278;299,4489383;499,2651159;998,1631275;919,5112707;1838,159084;1930,631379;-253,6319192;Quarterly;01/01/80
ZWE;Zimbabwe;USD million;1981-Q2;301,4765831;646,0273931;120,5906332;301,8468631;502,4609718;1006,15621;963,0794786;1887,607667;1954,030466;-185,7929152;Quarterly;01/01/80
ZWE;Zimbabwe;USD million;1981-Q3;300,9052879;654,6116467;120,3621152;301,1320365;501,5088132;1003,773455;947,7591097;1870,535326;1959,517138;-266,7765847;Quarterly;01/01/80
ZWE;Zimbabwe;USD million;1981-Q4;302,010374;664,5347849;120,8041496;302,515069;503,3506234;1008,383563;926,5016075;1852,666755;1975,433417;-338,0907457;Quarterly;01/01/80
ZWE;Zimbabwe;USD million;1982-Q1;302,9294648;667,5516387;121,1717859;303,6662898;504,8824414;1012,220966;927,8813093;1856,865001;1983,438895;-368,4619906;Quarterly;01/01/80
ZWE;Zimbabwe;USD million;1982-Q2;302,5850296;681,0645631;121,0340119;303,23476;504,3083827;1010,782533;922,5056926;1850,433117;1995,081856;-379,1534681;Quarterly;01/01/80
ZWE;Zimbabwe;USD million;1982-Q3;304,3917057;691,7299726;121,7566823;305,4996409;507,3195095;1018,332136;939,6062827;1873,07418;2015,56175;-462,2702117;Quarterly;01/01/80
ZWE;Zimbabwe;USD million;1982-Q4;304,9879223;697,1929917;121,9951689;306,2478074;508,3132039;1020,826025;887,7719146;1823,06821;2024,266824;-574,5436228;Quarterly;01/01/80
ZWE;Zimbabwe;USD million;1983-Q1;305,1253647;701,7220159;122,0501459;306,4203298;508,5422745;1021,401099;806,8670701;1742,584855;2029,543445;-777,2083885;Quarterly;01/01/80
ZWE;Zimbabwe;USD million;1983-Q2;304,4640589;711,4869643;121,7856236;305,5904144;507,4400982;1018,634715;749,1562711;1682,846052;2035,712093;-1011,13994;Quarterly;01/01/80
ZWE;Zimbabwe;USD million;1983-Q3;304,5425445;713,9675891;121,8170178;305,6888874;507,5709074;1018,962958;729,0331015;1662,963571;2038,619435;-1035,395803;Quarterly;01/01/80
ZWE;Zimbabwe;USD million;1983-Q4;305,6674321;726,7128528;122,2669728;307,1009408;509,4457202;1023,669803;705,5694346;1642,94956;2057,483596;-1172,011826;Quarterly;01/01/80
ZWE;Zimbabwe;USD million;1984-Q1;307,1160077;736,0728777;122,8464031;308,9212286;511,8600128;1029,737429;684,915571;1626,737995;2074,731535;-1319,433481;Quarterly;01/01/80
ZWE;Zimbabwe;USD million;1984-Q2;307,8616846;741,691613;123,1446738;309,8590879;513,1028077;1032,863626;668,5140958;1612,623262;2084,414327;-1394,299656;Quarterly;01/01/80
ZWE;Zimbabwe;USD million;1984-Q3;308,2086826;750,3033521;123,283473;310,295711;513,6811377;1034,319037;606,5759643;1551,749258;2094,9181;-1578,779412;Quarterly;01/01/80
ZWE;Zimbabwe;USD million;1984-Q4;308,9633655;761,0687038;123,5853462;311,2457431;514,9389425;1037,48581;542,6956311;1490,183285;2109,800257;-1782,61645;Quarterly;01/01/80
ZWE;Zimbabwe;USD million;1985-Q1;309,6728238;772,7236593;123,8691295;312,1393733;516,1213729;1040,464578;518,7505317;1468,413858;2125,32761;-1954,007957;Quarterly;01/01/80
ZWE;Zimbabwe;USD million;1985-Q2;309,4743011;778,0185709;123,7897204;311,8892635;515,7905018;1039,630878;547,6701227;1496,724646;2129,538713;-1885,508059;Quarterly;01/01/80
ZWE;Zimbabwe;USD million;1985-Q3;309,1626273;783,9767963;123,6650509;311,4966805;515,2710455;1038,322268;540,3468376;1488,445561;2133,795745;-1909,190166;Quarterly;01/01/80
ZWE;Zimbabwe;USD million;1985-Q4;309,9030581;792,5570517;123,9612233;312,4294856;516,5050969;1041,431619;544,9405758;1495,309954;2146,418156;-1913,080421;Quarterly;01/01/80
ZWE;Zimbabwe;USD million;1986-Q1;310,6609681;799,840803;124,2643872;313,3848882;517,7682801;1044,616294;559,0242682;1511,717904;2157,841985;-1931,066831;Quarterly;01/01/80
ZWE;Zimbabwe;USD million;1986-Q2;311,7112593;807,0977352;124,6845037;314,7098228;519,5187655;1049,032743;525,9825565;1481,897085;2170,840301;-2063,509411;Quarterly;01/01/80
ZWE;Zimbabwe;USD million;1986-Q3;311,8798445;820,0966651;124,7519378;314,9225958;519,7997408;1049,741986;489,2420415;1445,673565;2184,761247;-2139,574665;Quarterly;01/01/80
ZWE;Zimbabwe;USD million;1986-Q4;311,3428449;824,8039995;124,537138;314,2449435;518,9047415;1047,483145;467,7774146;1422,562139;2186,532088;-2280,148256;Quarterly;01/01/80
ZWE;Zimbabwe;USD million;1987-Q1;313,6311311;829,4722655;125,4524525;317,1346108;522,7185519;1057,115369;430,8926392;1392,694775;2203,722246;-2389,371449;Quarterly;01/01/80
ZWE;Zimbabwe;USD million;1987-Q2;312,3339645;831,2596621;124,9335858;315,4958882;520,5566075;1051,652961;369,8586988;1327,682857;2198,408511;-2565,969658;Quarterly;01/01/80
ZWE;Zimbabwe;USD million;1987-Q3;312,1520205;842,4771452;124,8608082;315,2661725;520,2533674;1050,887242;347,5959892;1304,862185;2208,630559;-2682,994202;Quarterly;01/01/80
ZWE;Zimbabwe;USD million;1987-Q4;311,4762916;851,1038986;124,5905166;314,4133157;519,1271526;1048,044386;307,9685826;1263,162543;2213,5616;-2788,490487;Quarterly;01/01/80
ZWE;Zimbabwe;USD million;1988-Q1;312,6653816;852,1614018;125,0661526;315,914409;521,1089693;1053,04803;307,758323;1266,598827;2221,123841;-2834,756257;Quarterly;01/01/80
ZWE;Zimbabwe;USD million;1988-Q2;311,0723933;863,6547522;124,4289573;313,9037648;518,4539888;1046,345883;308,1464155;1262,101755;2223,9044;-2821,187045;Quarterly;01/01/80
ZWE;Zimbabwe;USD million;1988-Q3;312,1246527;869,2352874;124,8498611;315,2316219;520,2077545;1050,772073;300,2589583;1257,441227;2235,238982;-2942,127172;Quarterly;01/01/80
ZWE;Zimbabwe;USD million;1988-Q4;313,276722;873,1929592;125,3106888;316,6867139;522,1278699;1055,62238;280,7617645;1241,477045;2245,502053;-2994,713044;Quarterly;01/01/80
ZWE;Zimbabwe;USD million;1989-Q1;313,3269411;879,3521526;125,3307765;316,7501724;522,2115686;1055,833908;314,5018742;1275,37116;2251,936233;-2933,69644;Quarterly;01/01/80
ZWE;Zimbabwe;USD million;1989-Q2;313,2925702;889,2848816;125,3170281;316,70674;522,1542837;1055,689133;297,9715453;1258,735427;2261,680755;-3017,224337;Quarterly;01/01/80
ZWE;Zimbabwe;USD million;1989-Q3;314,5876998;899,1334595;125,8350799;318,3441392;524,312833;1061,147131;284,055017;1248,79063;2278,624729;-3035,386028;Quarterly;01/01/80
ZWE;Zimbabwe;USD million;1989-Q4;314,5805357;906,5517988;125,8322143;318,3350772;524,3008929;1061,116924;239,2362656;1203,949909;2286,0038;-3227,785373;Quarterly;01/01/80
ZWE;Zimbabwe;USD million;1990-Q1;315,4401729;911,2441012;126,1760692;319,4228196;525,7336216;1064,742732;197,3441029;1164,693967;2295,409653;-3374,90041;Quarterly;01/01/80
ZWE;Zimbabwe;USD million;1990-Q2;313,619711;922,5143824;125,4478844;317,1201762;522,6995183;1057,067254;160,403006;1122,17012;2296,701813;-3540,299053;Quarterly;01/01/80
ZWE;Zimbabwe;USD million;1990-Q3;314,5633085;934,3352005;125,8253234;318,3132862;524,2721808;1061,044287;175,5272986;1140,188111;2313,692774;-3536,877749;Quarterly;01/01/80
ZWE;Zimbabwe;USD million;1990-Q4;314,6936835;939,9640495;125,8774734;318,4782064;524,4894725;1061,594021;244,3055554;1209,366185;2320,036277;-3364,524946;Quarterly;01/01/80
ZWE;Zimbabwe;USD million;1991-Q1;314,9039845;953,0635458;125,9615938;318,7442661;524,8399741;1062,480887;229,9529258;1195,658478;2334,288699;-3412,322683;Quarterly;01/01/80
ZWE;Zimbabwe;USD million;1991-Q2;315,6736161;954,6006633;126,2694465;319,7183352;526,1226936;1065,727784;254,0307318;1222,096488;2340,046783;-3349,274907;Quarterly;01/01/80
ZWE;Zimbabwe;USD million;1991-Q3;316,415125;963,4447766;126,56605;320,6573729;527,3585417;1068,85791;213,2233897;1183,563106;2352,960059;-3429,673689;Quarterly;01/01/80
ZWE;Zimbabwe;USD million;1991-Q4;316,3640444;970,5072495;126,5456178;320,5926674;527,2734073;1068,642225;263,9308422;1234,113912;2359,742142;-3442,338057;Quarterly;01/01/80
ZWE;Zimbabwe;USD million;1992-Q1;315,162116;978,0652279;126,0648464;319,0708989;525,2701933;1063,569663;230,4484815;1196,945637;2360,70579;-3442,80253;Quarterly;01/01/80
ZWE;Zimbabwe;USD million;1992-Q2;316,4464321;988,7769591;126,5785729;320,697032;527,4107202;1068,990107;182,973835;1153,40956;2378,464098;-3592,077097;Quarterly;01/01/80
ZWE;Zimbabwe;USD million;1992-Q3;316,2741049;1005,259344;126,5096419;320,4787444;527,1235081;1068,262481;146,3530979;1116,260353;2394,00057;-3797,690054;Quarterly;01/01/80
ZWE;Zimbabwe;USD million;1992-Q4;315,37159;1013,625135;126,148636;319,3360109;525,6193166;1064,45337;101,8137953;1068,953338;2397,414516;-3950,718012;Quarterly;01/01/80
ZWE;Zimbabwe;USD million;1993-Q1;316,0803146;1023,16746;126,4321258;320,2333049;526,8005243;1067,44435;100;1069,312965;2410,845114;-4011,477253;Quarterly;01/01/80
ZWE;Zimbabwe;USD million;1993-Q2;316,2795761;1030,939008;126,5118304;320,4856743;527,1326268;1068,285581;100;1069,924033;2419,710263;-4037,742311;Quarterly;01/01/80
ZWE;Zimbabwe;USD million;1993-Q3;316,6915613;1038,872989;126,6766245;321,0075893;527,8192688;1070,025298;100;1071,187455;2429,905876;-4064,735876;Quarterly;01/01/80
ZWE;Zimbabwe;USD million;1993-Q4;317,6256017;1048,837902;127,0502407;322,1914878;529,3760029;1073,971626;100;1074,051845;2445,001016;-4102,580442;Quarterly;01/01/80
ZWE;Zimbabwe;USD million;1994-Q1;317,6939184;1063,587712;127,0775674;322,2781136;529,489864;1074,260379;100;1074,26135;2460,126205;-4141,430201;Quarterly;01/01/80
ZWE;Zimbabwe;USD million;1994-Q2;318,4584031;1071,187829;127,3833612;323,2477998;530,7640052;1077,492666;100;1076,605769;2471,928295;-4180,073379;Quarterly;01/01/80
ZWE;Zimbabwe;USD million;1994-Q3;318,8079435;1079,328028;127,5231774;323,6913572;531,3465725;1078,971191;100;1077,677693;2481,990576;-4194,658096;Quarterly;01/01/80
ZWE;Zimbabwe;USD million;1994-Q4;319,4853696;1085,496632;127,7941478;324,5513389;532,4756159;1081,837796;100;1079,755133;2491,885767;-4222,070436;Quarterly;01/01/80
ZWE;Zimbabwe;USD million;1995-Q1;319,9542213;1094,291636;127,9816885;325,1468057;533,2570354;1083,822686;100;1081,192945;2503,261127;-4255,699454;Quarterly;01/01/80
ZWE;Zimbabwe;USD million;1995-Q2;320,8093056;1100,8957;128,3237222;326,2333703;534,682176;1087,444568;100;1083,815204;2514,573638;-4284,404188;Quarterly;01/01/80
ZWE;Zimbabwe;USD million;1995-Q3;320,476706;1109,304293;128,1906824;325,8106463;534,1278433;1086,035488;100;1082,795232;2521,150427;-4304,589491;Quarterly;01/01/80
ZWE;Zimbabwe;USD million;1995-Q4;320,946464;1118,747821;128,3785856;326,4077264;534,9107734;1088,025755;100;1084,235823;2533,181302;-4336,108219;Quarterly;01/01/80
ZWE;Zimbabwe;USD million;1996-Q1;321,414997;1130,60379;128,5659988;327,0034671;535,6916617;1090,011557;100;1085,672657;2547,618814;-4372,35977;Quarterly;01/01/80
ZWE;Zimbabwe;USD million;1996-Q2;321,088099;1136,189786;128,4352396;326,5877927;535,1468317;1088,625976;100;1084,67017;2551,403554;-4387,632044;Quarterly;01/01/80
ZWE;Zimbabwe;USD million;1996-Q3;321,2720053;1142,738453;128,5088021;326,8216297;535,4533421;1089,405432;100;1085,234149;2558,965516;-4408,263976;Quarterly;01/01/80
ZWE;Zimbabwe;USD million;1996-Q4;322,0329139;1150,457751;128,8131656;327,7894817;536,7215232;1092,631606;100;1087,567603;2570,878838;-4442,18991;Quarterly;01/01/80
ZWE;Zimbabwe;USD million;1997-Q1;320,4855522;1161,967993;128,1942209;325,8218882;534,1425869;1086,072961;100;1082,82236;2573,862842;-4465,030465;Quarterly;01/01/80
ZWE;Zimbabwe;USD million;1997-Q2;320,1420765;1165,722742;128,0568306;325,3854532;533,5701275;1084,618177;100;1081,769035;2575,726372;-4479,035811;Quarterly;01/01/80
ZWE;Zimbabwe;USD million;1997-Q3;321,1003868;1180,770846;128,4401547;326,6034155;535,1673113;1088,678052;100;1084,707853;2596,052314;-4510,446227;Quarterly;01/01/80
ZWE;Zimbabwe;USD million;1997-Q4;320,1956617;1188,230171;128,0782647;325,4535331;533,6594361;1084,84511;100;1081,933362;2598,528814;-4544,956327;Quarterly;01/01/80
ZWE;Zimbabwe;USD million;1998-Q1;320,6303129;1194,932528;128,2521252;326,0058625;534,3838549;1086,686208;100;1083,266293;2607,624599;-4564,724632;Quarterly;01/01/80
ZWE;Zimbabwe;USD million;1998-Q2;320,1254569;1204,476798;128,0501828;325,3643386;533,5424282;1084,547795;100;1081,718068;2614,388932;-4596,605365;Quarterly;01/01/80
ZWE;Zimbabwe;USD million;1998-Q3;320,7151527;1212,93317;128,2860611;326,1136937;534,5252545;1087,045646;100;1083,526468;2626,092509;-4613,103147;Quarterly;01/01/80
ZWE;Zimbabwe;USD million;1998-Q4;320,895366;1223,305323;128,3581464;326,3427683;534,8256099;1087,809228;100;1084,079122;2637,457319;-4647,408635;Quarterly;01/01/80
ZWE;Zimbabwe;USD million;1999-Q1;321,4644044;1230,230327;128,5857618;327,0663013;535,7740073;1090,221004;100;1085,824174;2647,517633;-4679,818022;Quarterly;01/01/80
ZWE;Zimbabwe;USD million;1999-Q2;321,1162984;1235,279008;128,4465194;326,623646;535,1938306;1088,745487;100;1084,756648;2650,648141;-4696,368081;Quarterly;01/01/80
ZWE;Zimbabwe;USD million;1999-Q3;321,4978157;1238,350982;128,5991263;327,1087938;535,8296928;1090,362646;100;1085,926635;2655,822421;-4703,025096;Quarterly;01/01/80
ZWE;Zimbabwe;USD million;1999-Q4;321,469334;1243,659477;128,5877336;327,0725708;535,7822234;1090,241903;100;1085,839291;2660,973951;-4719,125202;Quarterly;01/01/80
ZWE;Zimbabwe;USD million;2000-Q1;321,9347717;1248,331807;128,7739087;327,6646157;536,5579528;1092,215386;100;1087,266633;2668,211809;-4731,669498;Quarterly;01/01/80
ZWE;Zimbabwe;USD million;2000-Q2;323,1027679;1261,500851;129,2411072;329,1512695;538,5046132;1097,170898;100;1090,848488;2687,823019;-4777,662956;Quarterly;01/01/80
ZWE;Zimbabwe;USD million;2000-Q3;324,4607478;1264,760413;129,7842991;330,8814287;540,7679129;1102,938096;100;1095,01296;2698,579937;-4806,220298;Quarterly;01/01/80
ZWE;Zimbabwe;USD million;2000-Q4;325,8706917;1270,343943;130,3482767;332,6797101;543,1178195;1108,932367;100;1099,336788;2711,95602;-4831,710375;Quarterly;01/01/80
ZWE;Zimbabwe;USD million;2001-Q1;327,1233113;1280,778866;130,8493245;334,2789685;545,2055188;1114,263228;100;1103,178155;2729,321063;-4863,861417;Quarterly;01/01/80
ZWE;Zimbabwe;USD million;2001-Q2;327,8882787;1293,360607;131,1553115;335,2563799;546,4804645;1117,521266;100;1105,524055;2746,138253;-4907,665087;Quarterly;01/01/80
ZWE;Zimbabwe;USD million;2001-Q3;327,9073885;1301,494645;131,1629554;335,2808041;546,5123142;1117,60268;100;1105,582658;2754,378129;-4937,819009;Quarterly;01/01/80
ZWE;Zimbabwe;USD million;2001-Q4;327,8747987;1303,589391;131,1499195;335,2391513;546,4579978;1117,463838;100;1105,482716;2756,29238;-4947,523351;Quarterly;01/01/80
ZWE;Zimbabwe;USD million;2002-Q1;329,7133214;1309,903375;131,8853286;337,5905679;549,5222024;1125,301893;100;1111,120852;2772,795836;-4972,796564;Quarterly;01/01/80
ZWE;Zimbabwe;USD million;2002-Q2;329,8868211;1320,19529;131,9547284;337,8126385;549,8113684;1126,042128;100;1111,652918;2784,050057;-5003,534414;Quarterly;01/01/80
ZWE;Zimbabwe;USD million;2002-Q3;330,4776499;1333,441715;132,19106;338,5690877;550,7960832;1128,563626;100;1113,464793;2800,574429;-5041,973351;Quarterly;01/01/80
ZWE;Zimbabwe;USD million;2002-Q4;332,0106749;1345,068769;132,80427;340,5334245;553,3511249;1135,111415;100;1118,16607;2820,713608;-5094,512162;Quarterly;01/01/80
ZWE;Zimbabwe;USD million;2003-Q1;332,4486241;1358,886892;132,9794496;341,0950062;554,0810402;1136,983354;100;1119,509114;2836,965252;-5136,035271;Quarterly;01/01/80
ZWE;Zimbabwe;USD million;2003-Q2;332,677667;1358,543095;133,0710668;341,3887813;554,4627783;1137,962604;100;1120,211512;2837,894481;-5148,720496;Quarterly;01/01/80
ZWE;Zimbabwe;USD million;2003-Q3;333,7837887;1368,362532;133,5135155;342,8082272;556,3063144;1142,694091;100;1123,603619;2853,86485;-5173,566341;Quarterly;01/01/80
ZWE;Zimbabwe;USD million;2003-Q4;333,9984695;1374,020928;133,5993878;343,0838557;556,6641158;1143,612852;100;1124,261973;2860,717636;-5206,299059;Quarterly;01/01/80
ZWE;Zimbabwe;USD million;2004-Q1;334,1880354;1377,528387;133,6752142;343,3272761;556,9800591;1144,424254;100;1124,843309;2865,279917;-5216,83868;Quarterly;01/01/80
ZWE;Zimbabwe;USD million;2004-Q2;333,124667;1385,250692;133,2498668;341,9622584;555,2077783;1139,874195;100;1121,582312;2867,087145;-5230,153169;Quarterly;01/01/80
ZWE;Zimbabwe;USD million;2004-Q3;333,6742567;1397,914217;133,4697027;342,6676162;556,1237611;1142,225387;100;1123,26772;2882,80722;-5270,920148;Quarterly;01/01/80
ZWE;Zimbabwe;USD million;2004-Q4;334,0878859;1407,080251;133,6351543;343,1986704;556,8131431;1143,995568;100;1124,536183;2894,274489;-5304,611376;Quarterly;01/01/80
ZWE;Zimbabwe;USD million;2005-Q1;334,2584893;1415,873234;133,7033957;343,4177543;557,0974822;1144,725848;100;1125,059367;2904,016836;-5330,228115;Quarterly;01/01/80
ZWE;Zimbabwe;USD million;2005-Q2;335,4162113;1424,965899;134,1664845;344,9052044;559,0270189;1149,684015;100;1128,609715;2919,555118;-5363,379833;Quarterly;01/01/80
ZWE;Zimbabwe;USD million;2005-Q3;334,8172502;1430,739963;133,9269001;344,135494;558,0287503;1147,118313;100;1126,772901;2921,993771;-5379,769541;Quarterly;01/01/80
ZWE;Zimbabwe;USD million;2005-Q4;335,6394128;1440,744199;134,2557651;345,1921231;559,3990213;1150,64041;100;1129,294199;2936,576733;-5409,936618;Quarterly;01/01/80
ZWE;Zimbabwe;USD million;2006-Q1;333,5180077;1451,928176;133,4072031;342,4670526;555,8633462;1141,556842;100;1122,788557;2935,952071;-5438,457641;Quarterly;01/01/80
ZWE;Zimbabwe;USD million;2006-Q2;334,0126729;1460,242896;133,6050692;343,102093;556,6877881;1143,673643;100;1124,30553;2947,018632;-5462,995387;Quarterly;01/01/80
ZWE;Zimbabwe;USD million;2006-Q3;333,6543713;1471,097688;133,4617485;342,6420898;556,0906189;1142,140299;100;1123,206739;2955,880077;-5483,602584;Quarterly;01/01/80
ZWE;Zimbabwe;USD million;2006-Q4;334,067566;1484,070855;133,6270264;343,1725781;556,7792766;1143,908594;100;1124,473869;2971,152026;-5523,460842;Quarterly;01/01/80
ZWE;Zimbabwe;USD million;2007-Q1;334,9037645;1493,099279;133,9615058;344,2466501;558,1729408;1147,488834;100;1127,038211;2984,834762;-5565,204916;Quarterly;01/01/80
ZWE;Zimbabwe;USD million;2007-Q2;333,8615409;1504,349792;133,5446164;342,9080481;556,4359015;1143,026827;100;1123,842059;2990,284667;-5590,124657;Quarterly;01/01/80
ZWE;Zimbabwe;USD million;2007-Q3;334,4025417;1516,794579;133,7610167;343,6027638;557,3375695;1145,342546;100;1125,501128;3005,739889;-5626,751791;Quarterly;01/01/80
ZWE;Zimbabwe;USD million;2007-Q4;335,2135477;1526,382111;134,0854191;344,6447279;558,6892462;1148,81576;100;1127,988213;3019,842599;-5664,079357;Quarterly;01/01/80
ZWE;Zimbabwe;USD million;2008-Q1;336,9740282;1533,736277;134,7896113;346,9087253;561,6233803;1156,362418;100;1133,38702;3037,00742;-5703,272975;Quarterly;01/01/80
ZWE;Zimbabwe;USD million;2008-Q2;336,0040774;1541,585276;134,401631;345,660991;560,0067956;1152,203303;100;1130,412504;3039,449571;-5718,053665;Quarterly;01/01/80
ZWE;Zimbabwe;USD million;2008-Q3;335,5476124;1552,647514;134,2190449;345,0741107;559,2460206;1150,247036;100;1129,012678;3047,96866;-5745,430796;Quarterly;01/01/80
ZWE;Zimbabwe;USD million;2008-Q4;336,7541271;1563,199129;134,7016509;346,6257682;561,2568786;1155,419227;100;1132,712657;3065,244124;-5784,81821;Quarterly;01/01/80
ZWE;Zimbabwe;USD million;2009-Q1;336,1425102;1574,527203;134,4570041;345,8390145;560,237517;1152,796715;100;1130,837031;3073,162932;-5824,537549;Quarterly;01/01/80
ZWE;Zimbabwe;USD million;2009-Q2;336,5057695;1586,431237;134,6023078;346,3062501;560,8429492;1154,354167;100;1131,951026;3087,091654;-5852,696472;Quarterly;01/01/80
ZWE;Zimbabwe;USD million;2009-Q3;336,8884183;1593,010673;134,7553673;346,7985616;561,4806972;1155,995205;100;1133,124483;3095,80444;-5886,311291;Quarterly;01/01/80
ZWE;Zimbabwe;USD million;2009-Q4;337,7318457;1595,732826;135,0927383;347,8841988;562,8864095;1159,613996;100;1135,710993;3103,23102;-5890,895009;Quarterly;01/01/80
ZWE;Zimbabwe;USD million;2010-Q1;337,4192911;1608,372767;134,9677165;347,4818077;562,3654852;1158,272692;100;1134,752493;3114,127267;-5923,116983;Quarterly;01/01/80
ZWE;Zimbabwe;USD million;2010-Q2;339,01869;1617,710423;135,607476;349,5418964;565,0311501;1165,139655;100;1139,657316;3132,391975;-5965,723313;Quarterly;01/01/80
ZWE;Zimbabwe;USD million;2010-Q3;339,1704331;1623,281944;135,6681732;349,7374738;565,2840551;1165,791579;100;1140,122661;3138,810997;-5989,842264;Quarterly;01/01/80
ZWE;Zimbabwe;USD million;2010-Q4;341,2789318;1626,863907;136,5115727;352,4573201;568,7982196;1174,857734;100;1146,588724;3154,178961;-6013,291439;Quarterly;01/01/80
ZWE;Zimbabwe;USD million;2011-Q1;343,2392945;1639,421658;137,2957178;354,9898511;572,0654908;1183,299504;100;1152,600503;3177,711012;-6061,546491;Quarterly;01/01/80
ZWE;Zimbabwe;USD million;2011-Q2;343,7134841;1655,208849;137,4853936;355,6029859;572,8558068;1185,343286;100;1154,054685;3196,155121;-6106,23959;Quarterly;01/01/80
ZWE;Zimbabwe;USD million;2011-Q3;346,2183985;1667,626306;138,4873594;358,8453849;577,0306641;1196,151283;100;1161,736422;3222,622974;-6165,505361;Quarterly;01/01/80
ZWE;Zimbabwe;USD million;2011-Q4;349,3588908;1674,576358;139,7435563;362,918775;582,2648179;1209,72925;100;1171,367265;3247,224384;-6207,749159;Quarterly;01/01/80
ZWE;Zimbabwe;USD million;2012-Q1;351,0062368;1683,292839;140,4024947;365,0591413;585,0103947;1216,863804;100;1176,419126;3265,215785;-6257,340364;Quarterly;01/01/80
ZWE;Zimbabwe;USD million;2012-Q2;351,7353561;1695,158673;140,6941425;366,0072752;586,2255936;1220,024251;100;1178,655092;3281,190199;-6290,877394;Quarterly;01/01/80
ZWE;Zimbabwe;USD million;2012-Q3;352,6263662;1706,222555;141,0505465;367,1665963;587,7106103;1223,888654;100;1181,387523;3297,277805;-6330,434451;Quarterly;01/01/80
ZWE;Zimbabwe;USD million;2012-Q4;353,3507505;1717,26843;141,3403002;368,1096553;588,9179174;1227,032184;100;1183,608968;3312,410269;-6372,782007;Quarterly;01/01/80
ZWE;Zimbabwe;USD million;2013-Q1;352,6051009;1727,97715;141,0420404;367,1389189;587,6751682;1223,796396;100;1181,32231;3318,912465;-6404,271423;Quarterly;01/01/80
ZWE;Zimbabwe;USD million;2013-Q2;353,7195772;1738,868354;141,4878309;368,590008;589,5326287;1228,63336;100;1184,740037;3336,091722;-6440,56177;Quarterly;01/01/80
ZWE;Zimbabwe;USD million;2013-Q3;353,5925649;1751,846128;141,437026;368,4245755;589,3209415;1228,081918;100;1184,350532;3348,352622;-6479,143136;Quarterly;01/01/80
ZWE;Zimbabwe;USD million;2013-Q4;353,5909456;1759,949533;141,4363782;368,4224665;589,3182426;1228,074888;100;1184,345566;3356,446887;-6510,345006;Quarterly;01/01/80
ZWE;Zimbabwe;USD million;2014-Q1;352,5263845;1769,015321;141,0105538;367,0364705;587,5439742;1223,454902;100;1181,080912;3359,506693;-6530,695744;Quarterly;01/01/80
ZWE;Zimbabwe;USD million;2014-Q2;355,2925759;1779,518715;142,1170303;370,6400554;592,1542931;1235,466851;100;1189,563899;3385,625621;-6574,045788;Quarterly;01/01/80
ZWE;Zimbabwe;USD million;2014-Q3;354,2314773;1784,378629;141,6925909;369,2569042;590,3857955;1230,856347;100;1186,309864;3384,49188;-6591,933171;Quarterly;01/01/80
ZWE;Zimbabwe;USD million;2014-Q4;353,7075307;1794,393612;141,4830123;368,5743169;589,5125512;1228,581056;100;1184,703094;3391,548985;-6614,815793;Quarterly;01/01/80
ZWE;Zimbabwe;USD million;2015-Q1;353,1157356;1803,376825;141,2462943;367,803642;588,5262261;1226,01214;100;1182,888256;3397,192607;-6636,132483;Quarterly;01/01/80
ZWE;Zimbabwe;USD million;2015-Q2;353,1990512;1809,662142;141,2796205;367,9121215;588,6650854;1226,373738;100;1183,143757;3403,948002;-6657,449873;Quarterly;01/01/80
ZWE;Zimbabwe;USD million;2015-Q3;352,3834335;1824,911652;140,9533734;366,8504362;587,3057225;1222,834787;100;1180,642529;3414,596876;-6687,81819;Quarterly;01/01/80
ZWE;Zimbabwe;USD million;2015-Q4;353,9571989;1837,248112;141,5828796;368,8995482;589,9286648;1229,665161;100;1185,468743;3435,81282;-6736,620575;Quarterly;01/01/80
ZWE;Zimbabwe;USD million;2016-Q1;356,2291147;1846,419404;142,4916459;371,8617004;593,7151912;1239,539001;100;1192,435952;3457,820106;-6785,532154;Quarterly;01/01/80
ZWE;Zimbabwe;USD million;2016-Q2;355,4126269;1855,537748;142,1650508;370,796608;592,3543781;1235,988693;100;1189,932056;3462,323049;-6806,709867;Quarterly;01/01/80
ZWE;Zimbabwe;USD million;2016-Q3;354,6112319;1865,149324;141,8444927;369,7517987;591,0187198;1232,505996;100;1187,474444;3467,407119;-6833,486981;Quarterly;01/01/80
ZWE;Zimbabwe;USD million;2016-Q4;354,0347336;1883,777822;141,6138934;369,0005607;590,0578893;1230,001869;100;1185,706516;3482,780252;-6868,038429;Quarterly;01/01/80
ZWE;Zimbabwe;USD million;2017-Q1;354,3241734;1896,965652;141,7296694;369,3776931;590,5402891;1231,258977;100;1186,594132;3497,602323;-6917,133543;Quarterly;01/01/80
ZWE;Zimbabwe;USD million;2017-Q2;354,5697293;1906,015575;141,8278917;369,6977063;590,9495489;1232,325688;100;1187,34717;3508,038969;-6950,15622;Quarterly;01/01/80
ZWE;Zimbabwe;USD million;2017-Q3;355,2877117;1918,988957;142,1150847;370,6337126;592,1461862;1235,445709;100;1189,548983;3525,068378;-6990,085114;Quarterly;01/01/80
ZWE;Zimbabwe;USD million;2017-Q4;357,475283;1928,22451;142,9901132;373,4884789;595,7921383;1244,961596;100;1196,257534;3546,674586;-7038,131443;Quarterly;01/01/80
ZWE;Zimbabwe;USD million;2018-Q1;357,2365115;1944,982685;142,8946046;373,1766708;595,3941858;1243,922236;100;1195,525302;3562,081592;-7090,684824;Quarterly;01/01/80
ZWE;Zimbabwe;USD million;2018-Q2;358,700075;1958,747058;143,48003;375,0887345;597,8334584;1250,295782;100;1200,013563;3584,131575;-7132,796127;Quarterly;01/01/80
ZWE;Zimbabwe;USD million;2018-Q3;359,3184336;1965,338933;143,7273734;375,8971721;598,8640559;1252,990574;100;1201,909863;3594,226679;-7168,259271;Quarterly;01/01/80
ZWE;Zimbabwe;USD million;2018-Q4;360,3689475;1976,170035;144,147579;377,2714038;600,6149126;1257,571346;100;1205,131439;3611,012784;-7199,670689;Quarterly;01/01/80
ZWE;Zimbabwe;USD million;2019-Q1;361,0333296;1977,090861;144,4133318;378,1410337;601,7222159;1260,470112;100;1207,168877;3615,702007;-7222,673834;Quarterly;01/01/80
ZWE;Zimbabwe;USD million;2019-Q2;359,9361436;1982,302396;143,9744574;376,705109;599,8935726;1255,683697;100;1203,804174;3614,691202;-7237,551939;Quarterly;01/01/80
ZWE;Zimbabwe;USD million;2019-Q3;359,8214416;1993,163447;143,9285766;376,5550578;599,7024027;1255,183526;100;1203,452421;3624,902031;-7252,864614;Quarterly;01/01/80
ZWE;Zimbabwe;USD million;2019-Q4;359,6460581;1996,995389;143,8584233;376,3256471;599,4100969;1254,418824;100;1202,914578;3627,739859;-7271,620994;Quarterly;01/01/80
ZWE;Zimbabwe;USD million;2020-Q1;360,6891835;2003,376115;144,2756734;377,6905205;601,1486392;1258,968402;100;1206,113496;3640,035037;-7290,116421;Quarterly;01/01/80
ZWE;Zimbabwe;USD million;2020-Q2;361,7625963;2012,184341;144,7050385;379,0960537;602,9376605;1263,653512;100;1209,405295;3654,933907;-7324,148873;Quarterly;01/01/80
ZWE;Zimbabwe;USD million;2020-Q3;361,9186073;2018,184171;144,7674429;379,3004225;603,1976789;1264,334742;100;1209,883729;3661,819335;-7348,561711;Quarterly;01/01/80
ZWE;Zimbabwe;USD million;2020-Q4;362,7654656;2020,59608;145,1061862;380,4101595;604,6091093;1268,033865;100;1212,480761;3669,040104;-7363,287529;Quarterly;01/01/80
ZWE;Zimbabwe;USD million;2021-Q1;363,537397;2036,737826;145,4149588;381,4222756;605,8956617;1271,407585;100;1214,848017;3689,567687;-7405,953827;Quarterly;01/01/80
ZWE;Zimbabwe;USD million;2021-Q2;364,4275236;2046,216116;145,7710094;382,5900302;607,379206;1275,300101;100;1217,577739;3704,106246;-7450,155516;Quarterly;01/01/80
ZWE;Zimbabwe;USD million;2021-Q3;364,5352038;2055,748184;145,8140815;382,7313439;607,558673;1275,771146;100;1217,907958;3714,250674;-7476,062942;Quarterly;01/01/80
ZWE;Zimbabwe;USD million;2021-Q4;363,8727772;2064,419385;145,5491109;381,8621761;606,4546286;1272,87392;100;1215,876517;3719,155482;-7497,238441;Quarterly;01/01/80
ZWE;Zimbabwe;USD million;2022-Q1;364,241541;2074,483694;145,6966164;382,3459812;607,069235;1274,486604;100;1217,007392;3731,316279;-7532,179471;Quarterly;01/01/80
ZWE;Zimbabwe;USD million;2022-Q2;366,0456746;2085,080146;146,4182698;384,714704;610,0761244;1282,382347;100;1222,540069;3752,177196;-7571,379656;Quarterly;01/01/80
ZWE;Zimbabwe;USD million;2022-Q3;366,660388;2094,108694;146,6641552;385,5224545;611,1006466;1285,074848;100;1224,42519;3764,705997;-7606,904948;Quarterly;01/01/80
ZWE;Zimbabwe;USD million;2022-Q4;367,5015487;2104,509393;147,0006195;386,6283119;612,5025811;1288,76104;100;1227,004749;3779,898745;-7639,789631;Quarterly;01/01/80
ZWE;Zimbabwe;USD million;2023-Q1;368,412846;2111,881357;147,3651384;387,8270909;614,0214101;1292,75697;100;1229,799395;3792,465418;-7674,221322;Quarterly;01/01/80
ZWE;Zimbabwe;USD million;2023-Q2;366,8198262;2119,959629;146,7279305;385,7320162;611,366377;1285,773387;100;1224,914134;3791,465033;-7701,163456;Quarterly;01/01/80
ZWE;Zimbabwe;USD million;2023-Q3;366,5846452;2130,430206;146,6338581;385,4229081;610,9744086;1284,743027;100;1224,192912;3800,596141;-7722,207611;Quarterly;01/01/80
ZWE;Zimbabwe;USD million;2023-Q4;368,3073733;2136,640386;147,3229493;387,6883073;613,8456221;1292,294358;100;1229,475945;3816,623051;-7744,404264;Quarterly;01/01/80
ZWE;Zimbabwe;USD million;2024-Q1;368,0718921;2144,603292;147,2287569;387,3784914;613,4531536;1291,261638;100;1228,753803;3823,243422;-7772,376562;Quarterly;01/01/80
ZWE;Zimbabwe;USD million;2024-Q2;368,2772828;2159,479545;147,3109131;387,6487154;613,7954714;1292,162385;100;1229,383667;3839,290645;-7817,631925;Quarterly;01/01/80
ZWE;Zimbabwe;USD million;2024-Q3;368,9535969;2162,619228;147,5814388;388,5387799;614,9226615;1295,129266;100;1231,457697;3846,287274;-7845,408269;Quarterly;01/01/80
ZWE;Zimbabwe;USD million;2024-Q4;370,9574102;2172,841353;148,3829641;391,1782955;618,2623504;1303,927652;100;1237,602725;3867,9473;-7877,302668;Quarterly;01/01/80
ZWE;Zimbabwe;USD million;2025-Q1;370,679307;2181,78034;148,2717228;390,8117516;617,798845;1302,705839;100;1236,749875;3875,29793;-7909,6856;Quarterly;01/01/80
ZWE;Zimbabwe;USD million;2025-Q2;371,0943595;2184,190248;148,4377438;391,3588218;618,4905991;1304,529406;100;1238,022702;3880,078476;-7919,002422;Quarterly;01/01/80
ZWE;Zimbabwe;USD million;2025-Q3;373,195006;2185,768991;149,2780024;394,1299749;621,9916766;1313,766583;100;1244,464685;3893,665549;-7938,981337;Quarterly;01/01/80
ZWE;Zimbabwe;USD million;2025-Q4;374,531983;2196,592257;149,8127932;395,8957356;624,2199716;1319,652452;100;1248,564748;3912,140445;-7977,89759;Quarterly;01/01/80
ZWE;Zimbabwe;USD million;2026-Q1;374,1830355;2204,881987;149,6732142;395,4347245;623,6383925;1318,115748;100;1247,494642;3918,43246;-8002,351673;Quarterly;01/01/80
ZWE;Zimbabwe;USD million;2026-Q2;374,7007968;2212,72373;149,8803187;396,1188022;624,501328;1320,396007;100;1249,082444;3929,23854;-8036,918837;Quarterly;01/01/80
ZWE;Zimbabwe;USD million;2026-Q3;373,328468;2222,709801;149,3313872;394,3061687;622,2141133;1314,353896;100;1244,873968;3931,369866;-8051,256914;Quarterly;01/01/80