iso3;country;unit;period;trade_credit;currency_deposits;loans;other_assets;other_liabilities;net_other_investment;frequency;date
ZWE;Zimbabwe;USD million;1980;74,59489392;75,10877444;300,7490284;1,425542421;5,47785737;431,427502;Annual;01/01/80
ZWE;Zimbabwe;USD million;1981;43,96055613;29,47746359;294,4232632;3,106367125;11,05431018;311,2829509;Annual;01/01/80
ZWE;Zimbabwe;USD million;1982;30,00208229;52,58920627;267,472499;5,206826191;10,00477202;303,0985436;Annual;01/01/80
ZWE;Zimbabwe;USD million;1983;60,00629693;59,13823419;358,2965991;4,903934254;9,269175368;433,1354494;Annual;01/01/80
ZWE;Zimbabwe;USD million;1984;57,83159827;53,26120124;333,0500801;6,527448762;0,503601083;439,8467496;Annual;01/01/80
ZWE;Zimbabwe;USD million;1985;61,9408918;31,03230635;365,995945;8,038289289;8,350385544;448,4753005;Annual;01/01/80
ZWE;Zimbabwe;USD million;1986;84,29020446;45,29658461;302,1079636;0,129527497;7,848745227;367,1540604;Annual;01/01/80
ZWE;Zimbabwe;USD million;1987;48,38288147;36,69569268;338,4633078;8,449495405;1,882573565;381,3902284;Annual;01/01/80
ZWE;Zimbabwe;USD million;1988;85,27963056;29,01930198;344,9043236;3,728308212;2,164452438;426,2202869;Annual;01/01/80
ZWE;Zimbabwe;USD million;1989;59,45890659;37,20899653;341,5532916;3,547218444;6,46836773;383,8487394;Annual;01/01/80
ZWE;Zimbabwe;USD million;1990;70,45455983;48,88575846;318,0168288;0,890346967;1,127171396;401,1264529;Annual;01/01/80
ZWE;Zimbabwe;USD million;1991;77,58942831;55,12452715;294,1146631;-2,150349589;15,26415248;421,8421774;Annual;01/01/80
ZWE;Zimbabwe;USD million;1992;81,83946421;53,62282368;261,3403931;1,240292093;1,552217156;395,5705561;Annual;01/01/80
ZWE;Zimbabwe;USD million;1993;77,85057806;71,2722346;284,9638023;-7,558748772;7,990205369;384,5933901;Annual;01/01/80
ZWE;Zimbabwe;USD million;1994;60,2965095;56,14597638;312,6176151;8,723095889;5,668512094;414,163583;Annual;01/01/80
ZWE;Zimbabwe;USD million;1995;72,63155775;22,27644251;320,6546379;8,857180056;8,111435782;386,6704596;Annual;01/01/80
ZWE;Zimbabwe;USD million;1996;42,20610481;37,35848314;336,8811657;4,466234974;8,591270103;367,1827886;Annual;01/01/80
ZWE;Zimbabwe;USD million;1997;41,70813612;30,6568478;294,861341;5,777962438;8,231759093;323,9814129;Annual;01/01/80
ZWE;Zimbabwe;USD million;1998;73,83058866;45,67359889;303,0215039;7,262612966;10,88618819;408,5058888;Annual;01/01/80
ZWE;Zimbabwe;USD million;1999;62,99142144;51,39944191;377,5282588;0,22405075;0,921184089;445,6894298;Annual;01/01/80
ZWE;Zimbabwe;USD million;2000;61,16064883;74,15720016;316,2698702;8,171059249;7,373522758;418,9816344;Annual;01/01/80
ZWE;Zimbabwe;USD million;2001;81,66763603;46,46995499;296,2022783;-0,149925996;0,547218539;414,7235615;Annual;01/01/80
ZWE;Zimbabwe;USD million;2002;27,74390127;29,16552774;339,402545;-0,916433633;6,297284927;367,909693;Annual;01/01/80
ZWE;Zimbabwe;USD million;2003;33,80085398;28,3098696;313,4977487;3,796671348;3,485624243;349,1658542;Annual;01/01/80
ZWE;Zimbabwe;USD million;2004;61,46951983;50,77672303;322,3644648;0,697971928;6,567216244;410,5082645;Annual;01/01/80
ZWE;Zimbabwe;USD million;2005;63,12058308;33,66397175;316,5341224;-3,760752576;6,77692531;363,0087333;Annual;01/01/80
ZWE;Zimbabwe;USD million;2006;80,30135291;43,60829031;384,0945775;5,284662554;2,531255376;453,4418698;Annual;01/01/80
ZWE;Zimbabwe;USD million;2007;71,85652718;64,55114432;303,4765024;5,42408888;7,179707698;376,9065925;Annual;01/01/80
ZWE;Zimbabwe;USD million;2008;54,17018654;39,86942637;325,0147908;-0,667118697;3,526984494;365,3727256;Annual;01/01/80
ZWE;Zimbabwe;USD million;2009;62,55230816;63,19934834;307,6348036;2,33251312;3,209203509;359,2301895;Annual;01/01/80
ZWE;Zimbabwe;USD million;2010;46,21133252;48,94431782;276,8012426;0,843896771;10,80176667;311,845803;Annual;01/01/80
ZWE;Zimbabwe;USD million;2011;81,35151507;51,58821466;304,3404566;4,444465724;9,556455795;380,1690644;Annual;01/01/80
ZWE;Zimbabwe;USD million;2012;57,36748925;64,76021287;287,327877;1,825530779;1,396751124;367,3158138;Annual;01/01/80
ZWE;Zimbabwe;USD million;2013;88,25271629;47,95188263;254,7888292;8,277720408;7,472606621;358,3298233;Annual;01/01/80
ZWE;Zimbabwe;USD million;2014;59,49238583;45,33061984;346,9941046;-0,369002486;11,07629415;371,7400348;Annual;01/01/80
ZWE;Zimbabwe;USD million;2015;47,34265976;58,51300785;288,4502444;-0,827437094;5,741609825;377,6438645;Annual;01/01/80
ZWE;Zimbabwe;USD million;2016;61,25895318;47,80837094;295,188139;4,232749081;-2,096634091;341,3353771;Annual;01/01/80
ZWE;Zimbabwe;USD million;2017;46,46363072;31,31665941;353,1128831;-1,660298896;10,50910497;411,0226915;Annual;01/01/80
ZWE;Zimbabwe;USD million;2018;71,77237569;48,30832222;335,0689862;-0,535814175;9,307728731;390,490717;Annual;01/01/80
ZWE;Zimbabwe;USD million;2019;31,56518542;37,3042068;314,9822655;-1,144802952;7,980444994;332,2495183;Annual;01/01/80
ZWE;Zimbabwe;USD million;2020;40,9341305;34,75703451;300,7448236;7,709469139;4,010447708;353,4826248;Annual;01/01/80
ZWE;Zimbabwe;USD million;2021;90,27837485;15,75064905;347,8574129;3,181494228;8,675880079;399,5323836;Annual;01/01/80
ZWE;Zimbabwe;USD million;2022;68,09863618;33,90744713;353,1428924;7,362611053;4,715176977;419,2637082;Annual;01/01/80
ZWE;Zimbabwe;USD million;2023;73,53541673;47,76545305;309,1731846;7,423919166;5,242080772;392,7589096;Annual;01/01/80
ZWE;Zimbabwe;USD million;2024;68,39080679;38,54793877;337,369733;1,170855683;11,23391855;432,0655983;Annual;01/01/80
ZWE;Zimbabwe;USD million;2025;37,99282372;57,75170138;265,8028038;1,468256237;5,599723595;331,1492807;Annual;01/01/80
ZWE;Zimbabwe;USD million;2026;54,46204103;39,26905869;172,1179019;0,64169139;9,688869103;239,7720107;Annual;01/01/80