date;iso3;country;trade_credit;currency_deposits;loans;other_assets;other_liabilities;net_other_investment;unit
01/01/80;ZWE;Zimbabwe;8,436432596;7,5444641;25,35965513;1,393276377;3,405115378;39,32871283;USD million
01/02/80;ZWE;Zimbabwe;13,6588054;10,14246075;20,25277471;1,791021881;-2,826876205;48,67193894;USD million
01/03/80;ZWE;Zimbabwe;2,206165183;7,253231136;18,05797791;6,74820486;4,235337309;30,03024178;USD million
01/04/80;ZWE;Zimbabwe;8,512805515;7,749439693;26,40758527;-0,138795921;5,528007832;37,00302673;USD million
01/05/80;ZWE;Zimbabwe;-0,297577854;3,986116858;24,87393467;6,491309881;7,856110451;27,1976731;USD million
01/06/80;ZWE;Zimbabwe;9,655548593;0,927535761;29,49849209;9,254402854;10,4332452;38,9027341;USD million
01/07/80;ZWE;Zimbabwe;8,412393782;3,171454254;12,61139526;0,112762049;8,469958152;15,83804719;USD million
01/08/80;ZWE;Zimbabwe;7,40346112;-0,988199801;25,38834569;6,973914279;2,712771677;36,06474961;USD million
01/09/80;ZWE;Zimbabwe;0,143797975;2,123751807;29,26395895;2,932857727;12,28835667;22,17600979;USD million
01/10/80;ZWE;Zimbabwe;2,977284188;9,463280388;32,49079055;6,695459912;10,76224595;40,86456908;USD million
01/11/80;ZWE;Zimbabwe;10,1085103;7,346294902;36,79225961;7,579340215;1,942361522;59,88404351;USD million
01/12/80;ZWE;Zimbabwe;3,377267112;16,38894459;19,75185859;1,425542421;5,47785737;35,46575535;USD million
01/01/81;ZWE;Zimbabwe;-0,356222873;-3,050194165;27,51399658;-1,125890686;4,291475023;18,69021383;USD million
01/02/81;ZWE;Zimbabwe;-0,720286393;-0,688685112;27,09343753;-1,963017544;2,716694964;21,00475352;USD million
01/03/81;ZWE;Zimbabwe;-0,493476868;0,181685591;28,82944606;-2,725273538;6,54156926;19,25081199;USD million
01/04/81;ZWE;Zimbabwe;-0,207612481;4,612556528;24,47133311;5,860572394;5,860563366;28,87628619;USD million
01/05/81;ZWE;Zimbabwe;3,526629674;-1,068275881;23,22974074;-2,338995315;-3,853789815;27,20288903;USD million
01/06/81;ZWE;Zimbabwe;5,733896603;4,008107862;30,33239351;2,229276434;11,13673199;31,16694241;USD million
01/07/81;ZWE;Zimbabwe;7,771811848;8,178719415;24,62686431;-5,67105806;4,627939631;30,27839788;USD million
01/08/81;ZWE;Zimbabwe;19,77414374;0,708613656;25,35281458;1,095053026;11,05024061;35,8803844;USD million
01/09/81;ZWE;Zimbabwe;4,838543224;10,80571276;16,44754317;9,727771347;9,234832855;32,58473764;USD million
01/10/81;ZWE;Zimbabwe;-0,2026586;-1,478057178;16,50858863;7,393883958;10,9872094;11,23454742;USD million
01/11/81;ZWE;Zimbabwe;0,247863925;14,72031843;14,04882409;6,370491219;4,889734906;30,49776275;USD million
01/12/81;ZWE;Zimbabwe;4,047924322;-7,453038309;35,96828089;3,106367125;11,05431018;24,61522384;USD million
01/01/82;ZWE;Zimbabwe;-0,259217001;7,543134138;15,42394211;7,811113113;4,721523695;25,79744867;USD million
01/02/82;ZWE;Zimbabwe;-0,180831149;0,128224772;22,14358864;0,646849542;5,937939444;16,79989236;USD million
01/03/82;ZWE;Zimbabwe;7,712527894;6,731426548;30,88835074;9,651520082;12,02741817;42,9564071;USD million
01/04/82;ZWE;Zimbabwe;4,516604128;2,068762317;25,62162496;0,47867083;1,189187072;31,49647516;USD million
01/05/82;ZWE;Zimbabwe;2,083540127;14,34149539;28,32344341;-1,30531115;16,99089998;26,4522678;USD million
01/06/82;ZWE;Zimbabwe;5,499779398;10,43491184;25,57811316;3,677880608;3,32322816;41,86745685;USD million
01/07/82;ZWE;Zimbabwe;-0,29472452;1,819582192;22,94570409;4,51899152;9,166087289;19,82346599;USD million
01/08/82;ZWE;Zimbabwe;-0,848328652;6,533724214;16,7649619;4,532299309;8,615879189;18,36677758;USD million
01/09/82;ZWE;Zimbabwe;-3,557004595;4,171102279;21,35355136;6,471516774;7,572340455;20,86682536;USD million
01/10/82;ZWE;Zimbabwe;6,71020357;-1,309712636;11,81473712;2,053067267;9,617976592;9,65031873;USD million
01/11/82;ZWE;Zimbabwe;2,369413329;-2,711344919;23,38962212;3,373136392;4,914552386;21,50627453;USD million
01/12/82;ZWE;Zimbabwe;6,250119758;2,837900121;23,22485938;5,206826191;10,00477202;27,51493342;USD million
01/01/83;ZWE;Zimbabwe;9,809913737;9,439214371;51,9473682;0,79214272;6,131642303;65,85699672;USD million
01/02/83;ZWE;Zimbabwe;3,714117571;4,263432886;15,63819437;10,65592413;7,180301301;27,09136765;USD million
01/03/83;ZWE;Zimbabwe;-5,389900497;3,69196821;23,03811967;-3,873674751;4,429845899;13,03666673;USD million
01/04/83;ZWE;Zimbabwe;4,700736862;7,153705838;33,19780556;4,536320916;12,06479023;37,52377895;USD million
01/05/83;ZWE;Zimbabwe;2,341025077;1,700127491;30,76791885;7,690024833;6,326100899;36,17299536;USD million
01/06/83;ZWE;Zimbabwe;4,894370741;7,711398216;24,14407806;1,057518718;8,865006908;28,94235883;USD million
01/07/83;ZWE;Zimbabwe;-0,805355149;6,028502372;33,23591751;-2,638836868;4,293375598;31,52685226;USD million
01/08/83;ZWE;Zimbabwe;-2,275473119;7,656399437;24,30381285;8,147042117;-1,208264422;39,0400457;USD million
01/09/83;ZWE;Zimbabwe;7,006660285;3,412606286;28,68945709;0,560908816;2,328859193;37,34077328;USD million
01/10/83;ZWE;Zimbabwe;12,70572534;1,731698803;20,56066509;9,31139448;12,17187136;32,13761235;USD million
01/11/83;ZWE;Zimbabwe;11,36484463;2,008991042;27,63350819;-3,734954038;9,860721509;27,41166831;USD million
01/12/83;ZWE;Zimbabwe;11,93963145;4,340189238;45,13975363;4,903934254;9,269175368;57,05433321;USD million
01/01/84;ZWE;Zimbabwe;6,577068194;8,206861946;25,40762923;11,91946562;7,398758189;44,71226681;USD million
01/02/84;ZWE;Zimbabwe;3,830420382;4,614304377;37,50770567;2,642556436;-2,809502845;51,40448971;USD million
01/03/84;ZWE;Zimbabwe;1,261904245;2,64024221;21,59395667;6,389697753;4,185710861;27,70009002;USD million
01/04/84;ZWE;Zimbabwe;-0,99675227;-3,642178336;25,631772;6,511768395;9,858436416;17,64617337;USD million
01/05/84;ZWE;Zimbabwe;7,210934797;4,936082198;23,91051193;5,242566145;0,264124352;41,03597072;USD million
01/06/84;ZWE;Zimbabwe;16,40884651;-2,0806418;26,72503601;1,137919027;5,074793008;37,11636674;USD million
01/07/84;ZWE;Zimbabwe;9,230498746;13,63908662;34,2670891;-0,463567249;6,296654094;50,37645312;USD million
01/08/84;ZWE;Zimbabwe;2,361192254;6,484856899;34,62898289;3,528104533;7,154007848;39,84912872;USD million
01/09/84;ZWE;Zimbabwe;5,581535488;-4,980531368;30,09148763;7,702183442;2,036969944;36,35770525;USD million
01/10/84;ZWE;Zimbabwe;-3,639166937;13,46339272;19,65538591;-1,197945131;10,10587479;18,17579178;USD million
01/11/84;ZWE;Zimbabwe;8,734431966;2,797840444;23,55745783;6,412756367;10,57965637;30,92283023;USD million
01/12/84;ZWE;Zimbabwe;1,270684894;7,181885327;30,07306519;6,527448762;0,503601083;44,54948309;USD million
01/01/85;ZWE;Zimbabwe;8,042549162;1,911624928;24,1750414;0,094138068;-0,092382511;34,31573607;USD million
01/02/85;ZWE;Zimbabwe;2,641507559;-0,244732393;16,00506466;2,229821206;4,170289963;16,46137107;USD million
01/03/85;ZWE;Zimbabwe;6,933882342;-1,56782321;15,55377923;3,07957633;6,194524613;17,80489007;USD million
01/04/85;ZWE;Zimbabwe;4,693918982;5,479112175;28,86978624;6,194913915;4,463063499;40,77466782;USD million
01/05/85;ZWE;Zimbabwe;11,48914086;6,760428305;31,81334308;7,062232856;8,997342236;48,12780286;USD million
01/06/85;ZWE;Zimbabwe;9,549383572;4,152833503;20,14654175;4,36285627;-0,543095606;38,7547107;USD million
01/07/85;ZWE;Zimbabwe;1,907862763;2,952885051;34,64997551;3,28323966;12,03985817;30,75410482;USD million
01/08/85;ZWE;Zimbabwe;3,842926109;2,019905736;56,6240451;4,16743459;1,435835007;65,21847653;USD million
01/09/85;ZWE;Zimbabwe;-1,238949144;-0,630456391;23,87491602;2,348859427;7,255849543;17,09852036;USD million
01/10/85;ZWE;Zimbabwe;7,842028288;6,226329225;37,20054954;8,337149489;1,807768205;57,79828834;USD million
01/11/85;ZWE;Zimbabwe;1,320342367;5,750207132;31,84018998;4,529475488;10,14239061;33,29782435;USD million
01/12/85;ZWE;Zimbabwe;4,916298936;-1,778007714;45,24271253;8,038289289;8,350385544;48,0689075;USD million
01/01/86;ZWE;Zimbabwe;5,359452257;-0,054919543;23,68174227;1,17133036;14,21113285;15,94647249;USD million
01/02/86;ZWE;Zimbabwe;2,436928745;4,479382757;16,87534107;1,209760016;8,268741418;16,73267117;USD million
01/03/86;ZWE;Zimbabwe;12,28195307;6,194330095;36,14075616;7,26083913;11,6184599;50,25941856;USD million
01/04/86;ZWE;Zimbabwe;7,284856821;-4,657893083;16,53479553;-5,52513143;5,368853901;8,267773939;USD million
01/05/86;ZWE;Zimbabwe;20,91488884;5,078934883;8,599939206;6,600166677;7,650327423;33,54360218;USD million
01/06/86;ZWE;Zimbabwe;10,21763701;10,33635566;37,12997745;2,065147733;6,982466456;52,7666514;USD million
01/07/86;ZWE;Zimbabwe;0,140033825;0,1925055;43,15448081;2,488255812;2,224836239;43,75043971;USD million
01/08/86;ZWE;Zimbabwe;8,58758347;2,15257479;17,60778017;5,896535272;8,435161482;25,80931222;USD million
01/09/86;ZWE;Zimbabwe;7,538612124;9,12961985;33,448249;-0,250033355;3,363123503;46,50332412;USD million
01/10/86;ZWE;Zimbabwe;2,825481573;4,996030343;25,18815541;-3,568996361;6,658010843;22,78266013;USD million
01/11/86;ZWE;Zimbabwe;2,727607738;4,489063042;22,02372992;5,392000759;4,780235114;29,85216634;USD million
01/12/86;ZWE;Zimbabwe;3,975168985;2,960600309;21,7230166;0,129527497;7,848745227;20,93956816;USD million
01/01/87;ZWE;Zimbabwe;1,920914187;0,648326861;20,14324433;-7,477740617;3,677935204;11,55680956;USD million
01/02/87;ZWE;Zimbabwe;3,413906753;2,88943182;25,95132934;10,37314401;2,195395815;40,4324161;USD million
01/03/87;ZWE;Zimbabwe;2,842776087;5,986445181;38,46925067;-0,062925759;9,708137173;37,52740901;USD million
01/04/87;ZWE;Zimbabwe;3,558921846;5,80872025;49,33269841;-3,232689066;13,90806084;41,5595906;USD million
01/05/87;ZWE;Zimbabwe;10,00641571;0,214542876;20,85097713;11,73465313;4,19409676;38,61249209;USD million
01/06/87;ZWE;Zimbabwe;-4,107428202;6,080080837;27,95908396;3,556712397;12,23495516;21,25349383;USD million
01/07/87;ZWE;Zimbabwe;8,478734808;6,665615783;38,58425099;2,028757655;2,336219966;53,42113927;USD million
01/08/87;ZWE;Zimbabwe;6,091151458;3,270714553;16,70166637;3,623418809;4,187632184;25,49931901;USD million
01/09/87;ZWE;Zimbabwe;3,637395917;8,396326839;42,66774636;0,339703384;12,49537577;42,54579674;USD million
01/10/87;ZWE;Zimbabwe;2,220187717;-2,039500684;17,43404211;-3,60585308;6,848880422;7,159995636;USD million
01/11/87;ZWE;Zimbabwe;7,917707007;-1,010192914;30,29314576;6,568030998;0,77709798;42,99159287;USD million
01/12/87;ZWE;Zimbabwe;2,402198184;-0,214818721;10,0758724;8,449495405;1,882573565;18,83017371;USD million
01/01/88;ZWE;Zimbabwe;8,605638772;4,704810533;16,71839747;-0,025033488;6,146275766;23,85753752;USD million
01/02/88;ZWE;Zimbabwe;20,17471673;2,021008315;29,43533298;7,783662493;4,769472063;54,64524846;USD million
01/03/88;ZWE;Zimbabwe;5,245177676;7,153812975;21,28097508;-6,67342087;-3,355353235;30,36189809;USD million
01/04/88;ZWE;Zimbabwe;2,528123225;2,404419773;43,63299905;7,988165391;12,27066422;44,28304322;USD million
01/05/88;ZWE;Zimbabwe;-3,086130886;7,473214189;26,48390936;6,028540787;5,565361533;31,33417191;USD million
01/06/88;ZWE;Zimbabwe;14,40982909;-11,24038134;29,36009494;7,850445322;7,461399259;32,91858875;USD million
01/07/88;ZWE;Zimbabwe;7,467353462;8,77968211;43,17500848;0,510532188;6,742633846;53,18994239;USD million
01/08/88;ZWE;Zimbabwe;9,127092194;-1,142591077;30,38386733;-2,556371508;0,984469075;34,82752787;USD million
01/09/88;ZWE;Zimbabwe;8,61846741;-0,840347147;47,00378535;5,849075988;8,198268922;52,43271268;USD million
01/10/88;ZWE;Zimbabwe;0,175274534;8,48331774;17,82041339;1,093181184;5,167740786;22,40444606;USD million
01/11/88;ZWE;Zimbabwe;5,95980085;4,237687518;20,68773499;3,156579494;11,60124976;22,4405531;USD million
01/12/88;ZWE;Zimbabwe;6,054287499;-3,015331609;18,92180521;3,728308212;2,164452438;23,52461687;USD million
01/01/89;ZWE;Zimbabwe;8,787626771;4,219588787;24,23348769;0,541858202;5,027771866;32,75478958;USD million
01/02/89;ZWE;Zimbabwe;6,294918183;5,05947838;34,33280344;6,006358514;5,263247081;46,43031143;USD million
01/03/89;ZWE;Zimbabwe;9,054252805;5,359545216;40,94780528;0,846710841;4,548505469;51,65980868;USD million
01/04/89;ZWE;Zimbabwe;7,86255648;2,003566119;38,53122758;-3,259888516;8,598341949;36,53911972;USD million
01/05/89;ZWE;Zimbabwe;7,981754989;-1,98895281;27,80387714;-0,264558824;7,029717147;26,50240335;USD million
01/06/89;ZWE;Zimbabwe;7,310737143;-3,87738859;22,74650752;0,766584639;5,790979428;21,15546128;USD million
01/07/89;ZWE;Zimbabwe;4,516644111;1,977153571;17,55908145;1,121034961;8,563336884;16,61057721;USD million
01/08/89;ZWE;Zimbabwe;-6,567270929;-1,215507948;18,29832467;5,710564543;-3,121485029;19,34759536;USD million
01/09/89;ZWE;Zimbabwe;11,53738011;10,16273884;19,18992628;5,803236574;12,42130566;34,27197614;USD million
01/10/89;ZWE;Zimbabwe;-0,723414899;10,70641676;43,01919741;4,218400753;11,9598861;45,26071392;USD million
01/11/89;ZWE;Zimbabwe;-1,434353904;3,928910923;28,06738311;1,312745134;8,17274629;23,70193897;USD million
01/12/89;ZWE;Zimbabwe;4,838075722;0,873447286;26,82367;3,547218444;6,46836773;29,61404372;USD million
01/01/90;ZWE;Zimbabwe;8,07237319;2,23767057;26,94579156;-2,530980705;7,893055712;26,8317989;USD million
01/02/90;ZWE;Zimbabwe;-3,981600865;6,942018688;39,65729422;4,606340582;5,788638412;41,43541421;USD million
01/03/90;ZWE;Zimbabwe;8,932387835;4,080321263;15,06942695;6,469183008;0,442538565;34,10878049;USD million
01/04/90;ZWE;Zimbabwe;-0,325409954;4,98963035;39,23735215;5,406568883;5,19887886;44,10926257;USD million
01/05/90;ZWE;Zimbabwe;6,315389965;14,30361324;17,2324699;4,930046502;10,16047813;32,62104147;USD million
01/06/90;ZWE;Zimbabwe;7,989922374;4,820468621;28,37533352;1,059270858;6,896605858;35,34838951;USD million
01/07/90;ZWE;Zimbabwe;1,334585166;11,61285386;30,99970413;9,590460864;7,161675466;46,37592855;USD million
01/08/90;ZWE;Zimbabwe;14,77060189;-6,150899491;21,45446467;5,423369752;3,670246799;31,82729002;USD million
01/09/90;ZWE;Zimbabwe;3,141888164;1,615076816;28,99934232;8,024597894;13,20707988;28,57382531;USD million
01/10/90;ZWE;Zimbabwe;10,34291277;-0,900816552;22,80337021;-7,891805735;5,562889157;18,79077153;USD million
01/11/90;ZWE;Zimbabwe;4,54371246;1,659896297;23,33626476;5,955791759;11,05462659;24,44103868;USD million
01/12/90;ZWE;Zimbabwe;9,317796842;3,675924798;23,9060144;0,890346967;1,127171396;36,66291162;USD million
01/01/91;ZWE;Zimbabwe;0,730629245;3,001109803;17,41927678;1,769179257;5,948841523;16,97135356;USD million
01/02/91;ZWE;Zimbabwe;-1,440105074;15,38374554;27,63353107;3,107685729;6,079418818;38,60543845;USD million
01/03/91;ZWE;Zimbabwe;3,207710434;0,052628738;33,73142185;4,659163848;2,516011814;39,13491305;USD million
01/04/91;ZWE;Zimbabwe;6,327128608;6,83468618;23,38398739;5,002636658;-1,711456882;43,25989572;USD million
01/05/91;ZWE;Zimbabwe;6,723643557;5,874075102;21,40476627;6,74720375;3,838718105;36,91097057;USD million
01/06/91;ZWE;Zimbabwe;4,113135085;6,05319056;13,20820791;10,51962267;5,181985622;28,7121706;USD million
01/07/91;ZWE;Zimbabwe;5,366867533;-4,476813799;22,07243613;1,784132847;4,086179752;20,66044296;USD million
01/08/91;ZWE;Zimbabwe;10,44437723;9,611313051;23,69133168;1,665516422;8,598712145;36,81382624;USD million
01/09/91;ZWE;Zimbabwe;11,67542278;10,66888068;35,30967698;0,114208888;2,420596813;55,34759252;USD million
01/10/91;ZWE;Zimbabwe;3,995801639;7,217641798;21,68889708;10,29789864;3,324183431;39,87605573;USD million
01/11/91;ZWE;Zimbabwe;15,43114862;0,242388755;23,43551374;7,736903475;0,692900093;46,1530545;USD million
01/12/91;ZWE;Zimbabwe;11,01366865;-5,33831926;31,13561621;-2,150349589;15,26415248;19,39646353;USD million
01/01/92;ZWE;Zimbabwe;9,401892464;3,371904826;17,74974807;5,957078048;4,925087082;31,55553633;USD million
01/02/92;ZWE;Zimbabwe;8,978631628;16,44542765;23,6260126;1,530567576;-1,507231323;52,08787078;USD million
01/03/92;ZWE;Zimbabwe;2,906569505;8,987745113;22,71455986;8,375574699;7,144268897;35,84018029;USD million
01/04/92;ZWE;Zimbabwe;6,284842003;3,335581381;16,42769687;4,511000879;8,16164119;22,39747995;USD million
01/05/92;ZWE;Zimbabwe;5,568977313;-2,538829293;21,76131642;9,992668545;0,001416515;34,78271647;USD million
01/06/92;ZWE;Zimbabwe;8,395362298;2,382329353;25,80641164;-0,509218513;0,403899226;35,67098556;USD million
01/07/92;ZWE;Zimbabwe;6,762153972;2,654225198;17,00692256;0,169654178;3,390504127;23,20245178;USD million
01/08/92;ZWE;Zimbabwe;11,2765637;1,025090967;27,2843343;5,892022476;3,391672999;42,08633845;USD million
01/09/92;ZWE;Zimbabwe;1,783094159;5,056957082;27,54932461;-5,32721028;3,754079282;25,30808629;USD million
01/10/92;ZWE;Zimbabwe;4,581541257;5,026765567;20,04000999;2,913667107;7,867682736;24,69430118;USD million
01/11/92;ZWE;Zimbabwe;5,08563644;2,95129269;17,3191862;4,330473404;1,223457208;28,46313153;USD million
01/12/92;ZWE;Zimbabwe;10,81419948;4,924333146;24,05486996;1,240292093;1,552217156;39,48147752;USD million
01/01/93;ZWE;Zimbabwe;6,402695634;12,03263941;20,95486812;1,229288175;-2,88857106;43,5080624;USD million
01/02/93;ZWE;Zimbabwe;3,650263674;6,363897653;34,24537186;4,513718409;7,764548678;41,00870291;USD million
01/03/93;ZWE;Zimbabwe;3,852627603;8,444228502;23,13379827;-5,051277496;4,841278934;25,53809795;USD million
01/04/93;ZWE;Zimbabwe;7,210916408;3,874585594;14,60927566;1,457296155;-0,42200521;27,57407903;USD million
01/05/93;ZWE;Zimbabwe;16,1940133;6,693468051;18,79120587;1,508466484;0,89052484;42,29662886;USD million
01/06/93;ZWE;Zimbabwe;0,877691908;6,260099638;22,0649054;11,53576709;2,027007076;38,71145696;USD million
01/07/93;ZWE;Zimbabwe;7,066712777;4,319156008;23,86078528;3,594980716;2,929617213;35,91201756;USD million
01/08/93;ZWE;Zimbabwe;4,076422418;13,84296183;24,49250003;0,343362306;16,20030614;26,55494044;USD million
01/09/93;ZWE;Zimbabwe;3,504132728;6,985950431;23,33698921;-2,809263496;8,052891723;22,96491715;USD million
01/10/93;ZWE;Zimbabwe;6,641552747;-3,673893286;18,94856084;-3,650146094;-0,010822599;18,27689681;USD million
01/11/93;ZWE;Zimbabwe;8,718384637;0,321541615;23,3890483;1,227168564;8,458855791;25,19728733;USD million
01/12/93;ZWE;Zimbabwe;9,655164234;5,80759915;37,13649348;-7,558748772;7,990205369;37,05030272;USD million
01/01/94;ZWE;Zimbabwe;-0,55973117;4,877308157;26,4719263;2,678589897;10,58956331;22,87852987;USD million
01/02/94;ZWE;Zimbabwe;7,757064261;0,759740428;25,17485731;3,798057505;4,332857931;33,15686157;USD million
01/03/94;ZWE;Zimbabwe;6,081635129;1,850428091;22,95701127;1,63230664;4,875898324;27,64548281;USD million
01/04/94;ZWE;Zimbabwe;16,19058419;11,44154138;37,6227214;8,50302647;2,08628332;71,67159012;USD million
01/05/94;ZWE;Zimbabwe;0,965107491;2,118367081;30,5158687;7,534764995;3,727440804;37,40666747;USD million
01/06/94;ZWE;Zimbabwe;-1,965066338;3,277310214;31,00469149;10,8471245;7,782913028;35,38114684;USD million
01/07/94;ZWE;Zimbabwe;0,144372469;7,506011298;27,20727102;3,993415953;8,752141715;30,09892903;USD million
01/08/94;ZWE;Zimbabwe;6,268825537;-2,201350778;32,0489001;2,076530237;7,161412612;31,03149249;USD million
01/09/94;ZWE;Zimbabwe;2,030116638;16,25484598;21,19004459;4,892461571;2,414538506;41,95293027;USD million
01/10/94;ZWE;Zimbabwe;4,833268382;7,068218116;14,96754422;5,131816203;4,724663844;27,27618307;USD million
01/11/94;ZWE;Zimbabwe;8,105891905;5,0635606;29,81885786;0,275154584;12,8666369;30,39682805;USD million
01/12/94;ZWE;Zimbabwe;10,44444101;-1,870004189;13,63792082;8,723095889;5,668512094;25,26694144;USD million
01/01/95;ZWE;Zimbabwe;9,532557725;2,874046538;20,16924859;-0,919869171;10,37324933;21,28273435;USD million
01/02/95;ZWE;Zimbabwe;3,707041465;5,433865467;24,82640562;4,940255247;-3,163774945;42,07134275;USD million
01/03/95;ZWE;Zimbabwe;13,75412349;8,838491494;26,77720041;-1,425673864;8,093056937;39,85108459;USD million
01/04/95;ZWE;Zimbabwe;5,15162892;3,802337114;21,67800657;2,736299797;0,766166582;32,60210582;USD million
01/05/95;ZWE;Zimbabwe;1,203822638;-1,810935361;27,98548655;3,180723435;3,858590542;26,70050672;USD million
01/06/95;ZWE;Zimbabwe;-0,681661494;1,514081149;28,85027144;0,721622759;7,204577405;23,19973645;USD million
01/07/95;ZWE;Zimbabwe;5,453144029;-4,483589744;39,74094019;6,963908472;8,804078263;38,87032468;USD million
01/08/95;ZWE;Zimbabwe;3,424735254;1,719499633;22,66372284;3,105197652;10,03517165;20,87798373;USD million
01/09/95;ZWE;Zimbabwe;8,004458147;-2,959521065;24,34647614;5,474280726;8,314072075;26,55162187;USD million
01/10/95;ZWE;Zimbabwe;-9,70227459;-1,955985493;27,13037359;2,11562538;5,442012982;12,1457259;USD million
01/11/95;ZWE;Zimbabwe;17,14830815;0,563300545;33,473869;6,22613515;3,029227577;54,38238527;USD million
01/12/95;ZWE;Zimbabwe;15,63567401;8,740852236;23,01263693;8,857180056;8,111435782;48,13490745;USD million
01/01/96;ZWE;Zimbabwe;8,237992826;-6,768321674;34,00479931;-2,41631702;10,29418969;22,76396376;USD million
01/02/96;ZWE;Zimbabwe;0,464226371;2,846699727;43,25611819;-1,414256463;5,410632403;39,74215542;USD million
01/03/96;ZWE;Zimbabwe;10,68258727;6,202993336;24,04909296;1,901281091;-0,585104251;43,4210589;USD million
01/04/96;ZWE;Zimbabwe;-1,440713853;-2,642794747;16,55592456;4,571845671;8,474263608;8,56999802;USD million
01/05/96;ZWE;Zimbabwe;2,162607076;-0,032251355;24,63129093;3,975620817;4,231545989;26,50572148;USD million
01/06/96;ZWE;Zimbabwe;0,327312604;3,560964521;42,26846076;2,445531405;11,67401599;36,9282533;USD million
01/07/96;ZWE;Zimbabwe;6,620239697;3,0196225;22,73207442;1,252641033;8,056427555;25,5681501;USD million
01/08/96;ZWE;Zimbabwe;4,283786127;8,48011406;22,18228452;6,368979353;8,373995171;32,94116889;USD million
01/09/96;ZWE;Zimbabwe;-1,005481487;4,99737582;26,13112269;6,612988294;7,618305311;29,11770001;USD million
01/10/96;ZWE;Zimbabwe;4,759839791;8,533991835;15,87903121;-1,763467945;1,727345387;25,68204951;USD million
01/11/96;ZWE;Zimbabwe;3,003426872;5,532602096;26,05376091;4,53924144;5,936400819;33,1926305;USD million
01/12/96;ZWE;Zimbabwe;4,110281521;3,627487018;39,13720526;4,466234974;8,591270103;42,74993867;USD million
01/01/97;ZWE;Zimbabwe;2,860890285;-0,641638192;32,92853288;6,026016328;-2,676587349;43,85038865;USD million
01/02/97;ZWE;Zimbabwe;9,383992934;3,655883588;29,63721228;-1,248807506;7,666612094;33,7616692;USD million
01/03/97;ZWE;Zimbabwe;2,838791243;-2,503421077;21,551285;7,382968805;1,844260033;27,42536394;USD million
01/04/97;ZWE;Zimbabwe;8,65198198;2,94519772;23,25052063;1,353933867;12,37235939;23,82927481;USD million
01/05/97;ZWE;Zimbabwe;4,810013158;7,075419476;19,06868968;-0,400514718;4,846946355;25,70666124;USD million
01/06/97;ZWE;Zimbabwe;0,456216068;8,110463939;22,82953061;-0,935537297;6,207771165;24,25290215;USD million
01/07/97;ZWE;Zimbabwe;3,958955896;8,453672441;37,92618873;2,463255487;5,193643252;47,6084293;USD million
01/08/97;ZWE;Zimbabwe;1,517239053;6,818006795;20,27348482;-3,015930019;4,14280721;21,44999344;USD million
01/09/97;ZWE;Zimbabwe;3,553379562;-2,437126924;22,02739925;0,295686067;4,727529795;18,71180816;USD million
01/10/97;ZWE;Zimbabwe;-3,066869208;-0,646205672;17,71225326;0,339488879;5,561405784;8,77726148;USD million
01/11/97;ZWE;Zimbabwe;8,681736849;1,484392145;14,80457665;0,764296219;3,929223734;21,80577812;USD million
01/12/97;ZWE;Zimbabwe;-1,938191697;-1,657796437;32,85166717;5,777962438;8,231759093;26,80188239;USD million
01/01/98;ZWE;Zimbabwe;9,112030938;5,587404218;20,03757047;-3,089815505;3,136536528;28,51065359;USD million
01/02/98;ZWE;Zimbabwe;6,213134131;4,964186072;10,71038454;11,65036763;0,150916773;33,3871556;USD million
01/03/98;ZWE;Zimbabwe;-0,488722749;1,772832944;16,44598815;-0,068323326;6,05028025;11,61149477;USD million
01/04/98;ZWE;Zimbabwe;-0,901579226;-1,048863242;27,67332596;7,110059465;6,601090173;26,23185278;USD million
01/05/98;ZWE;Zimbabwe;5,222793794;9,920475716;25,13753458;-5,613509575;1,296619772;33,37067474;USD million
01/06/98;ZWE;Zimbabwe;13,08643537;6,675510999;28,63159742;2,047677319;1,996133091;48,44508802;USD million
01/07/98;ZWE;Zimbabwe;12,64770133;10,92638682;17,03967784;-3,318661522;7,191245252;30,10385922;USD million
01/08/98;ZWE;Zimbabwe;0,912834233;5,346017599;32,36874496;8,186723704;-0,216252857;47,03057335;USD million
01/09/98;ZWE;Zimbabwe;11,16341234;0,963532476;34,35677208;6,626959312;11,25993388;41,85074233;USD million
01/10/98;ZWE;Zimbabwe;12,38812534;-5,963586057;30,2514416;4,423998075;3,242337653;37,85764131;USD million
01/11/98;ZWE;Zimbabwe;0,426666342;1,689394394;37,40982197;6,483598033;4,126460566;41,88302017;USD million
01/12/98;ZWE;Zimbabwe;4,047756823;4,840306955;22,95864438;7,262612966;10,88618819;28,22313293;USD million
01/01/99;ZWE;Zimbabwe;1,835649692;1,224936294;36,98764293;3,168052436;11,46681279;31,74946856;USD million
01/02/99;ZWE;Zimbabwe;0,947878478;-3,06138671;24,43721115;4,765054759;2,800308923;24,28844875;USD million
01/03/99;ZWE;Zimbabwe;7,103480789;-2,327294058;36,02644568;6,185147637;10,21464286;36,77313718;USD million
01/04/99;ZWE;Zimbabwe;3,1116489;2,246248119;36,86588409;4,172295735;7,211933559;39,18414329;USD million
01/05/99;ZWE;Zimbabwe;10,54069046;15,12004106;32,66677892;-5,391831564;9,651460729;43,28421815;USD million
01/06/99;ZWE;Zimbabwe;1,028121424;1,687281038;37,82073311;6,304498343;14,61209045;32,22854347;USD million
01/07/99;ZWE;Zimbabwe;-0,149453915;5,521216127;21,11729309;2,39726038;8,14523734;20,74107835;USD million
01/08/99;ZWE;Zimbabwe;13,87474155;9,083902528;29,09224341;3,49535751;2,35912959;53,18711541;USD million
01/09/99;ZWE;Zimbabwe;7,151590344;8,606628461;46,82397219;4,173752742;2,833883153;63,92206059;USD million
01/10/99;ZWE;Zimbabwe;9,74376717;3,765831349;32,0252913;2,882008443;1,920741484;46,49615678;USD million
01/11/99;ZWE;Zimbabwe;8,123275825;9,941851549;31,09073531;1,746712977;8,214627502;42,68794816;USD million
01/12/99;ZWE;Zimbabwe;-0,319969284;-0,409813845;12,57402757;0,22405075;0,921184089;11,14711111;USD million
01/01/00;ZWE;Zimbabwe;8,722104985;0,553333331;10,72923155;4,862617977;2,210377474;22,65691036;USD million
01/02/00;ZWE;Zimbabwe;8,983193242;11,27577534;32,51125553;4,695572568;4,814014262;52,65178242;USD million
01/03/00;ZWE;Zimbabwe;13,41584517;11,37837887;20,42102514;4,914040698;7,198709742;42,93058014;USD million
01/04/00;ZWE;Zimbabwe;11,47355954;-0,797542553;27,3184475;2,103686718;4,696818398;35,40133281;USD million
01/05/00;ZWE;Zimbabwe;4,819747779;-0,985932622;36,33306321;3,568496537;-1,763275175;45,49865008;USD million
01/06/00;ZWE;Zimbabwe;10,65070823;5,002823959;51,85790659;-1,825486385;3,626212701;62,05973969;USD million
01/07/00;ZWE;Zimbabwe;3,220511063;13,08751176;27,37089465;-0,046256943;10,99844952;32,634211;USD million
01/08/00;ZWE;Zimbabwe;1,991559977;8,351327632;20,17274288;5,620607096;5,541879534;30,59435805;USD million
01/09/00;ZWE;Zimbabwe;6,883120699;9,143635673;29,95042257;0,119055144;8,545554966;37,55067912;USD million
01/10/00;ZWE;Zimbabwe;1,657049661;0,476277283;18,54447803;4,732503198;7,368806286;18,04150189;USD million
01/11/00;ZWE;Zimbabwe;-4,474340812;8,566536156;13,22214116;-1,796657998;7,114252201;8,403426301;USD million
01/12/00;ZWE;Zimbabwe;-6,182410709;8,105075346;27,8382614;8,171059249;7,373522758;30,55846253;USD million
01/01/01;ZWE;Zimbabwe;12,99656744;-4,441158721;26,75338303;2,948039245;4,550210502;33,70662048;USD million
01/02/01;ZWE;Zimbabwe;8,374858672;-0,968445724;25,86317179;8,394014841;2,343939859;39,31965972;USD million
01/03/01;ZWE;Zimbabwe;9,120032306;1,409069673;12,6366313;0,928076875;11,6526878;12,44112236;USD million
01/04/01;ZWE;Zimbabwe;5,302239185;11,30885226;28,52240812;2,826630479;7,647449022;40,31268102;USD million
01/05/01;ZWE;Zimbabwe;4,77251314;4,10088955;22,16086643;3,839262042;5,948435098;28,92509607;USD million
01/06/01;ZWE;Zimbabwe;8,350040434;4,614899882;35,54317396;5,458906222;1,140984999;52,8260355;USD million
01/07/01;ZWE;Zimbabwe;8,611673702;8,674643914;21,0273736;8,011359969;3,596410742;42,72864044;USD million
01/08/01;ZWE;Zimbabwe;6,406060397;7,849274549;31,37239161;2,013380968;2,182947527;45,45816;USD million
01/09/01;ZWE;Zimbabwe;7,143977505;1,623000433;25,88714377;8,084516458;7,499778375;35,23885979;USD million
01/10/01;ZWE;Zimbabwe;4,616359654;9,226093234;23,82763473;4,289177176;6,37360884;35,58565596;USD million
01/11/01;ZWE;Zimbabwe;-6,245421481;2,289091794;18,73468511;9,717571567;12,49364635;12,00228064;USD million
01/12/01;ZWE;Zimbabwe;12,21873508;0,78374415;23,87341485;-0,149925996;0,547218539;36,17874954;USD million
01/01/02;ZWE;Zimbabwe;0,931330738;7,060689536;23,15026295;0,670932078;3,594831402;28,2183839;USD million
01/02/02;ZWE;Zimbabwe;-4,76869368;2,507609384;32,61630032;6,063427925;7,349322943;29,069321;USD million
01/03/02;ZWE;Zimbabwe;5,659446125;2,09031536;22,96133066;0,022512797;4,488246965;26,24535798;USD million
01/04/02;ZWE;Zimbabwe;-2,118095087;1,890231278;20,89868311;0,523363546;3,913630236;17,28055261;USD million
01/05/02;ZWE;Zimbabwe;-2,892919882;-1,839892483;17,92469184;7,094129843;8,058525542;12,22748377;USD million
01/06/02;ZWE;Zimbabwe;5,383894772;-7,026679039;30,59348624;3,532360097;-0,970289487;33,45335156;USD million
01/07/02;ZWE;Zimbabwe;-0,851652434;-0,22297939;23,47785517;-0,884162052;5,984009517;15,53505178;USD million
01/08/02;ZWE;Zimbabwe;8,793928491;14,32238303;31,60447723;2,068042705;6,901017057;49,8878144;USD million
01/09/02;ZWE;Zimbabwe;-0,4893825;-3,676338492;27,39834582;4,994366527;1,306959245;26,92003211;USD million
01/10/02;ZWE;Zimbabwe;1,618789035;-1,507793066;20,06935541;-2,841933921;0,605752463;16,73266499;USD million
01/11/02;ZWE;Zimbabwe;12,04580987;14,75356419;36,24624248;4,447980509;5,647576661;61,84602038;USD million
01/12/02;ZWE;Zimbabwe;4,43144582;0,814417436;52,46151379;-0,916433633;6,297284927;50,49365848;USD million
01/01/03;ZWE;Zimbabwe;10,79446525;-3,913396375;44,30655922;9,222575473;6,075202346;54,33500123;USD million
01/02/03;ZWE;Zimbabwe;-7,180117017;0,219935406;17,95774682;-2,102105337;6,267198258;2,628261618;USD million
01/03/03;ZWE;Zimbabwe;-1,367697109;5,880092403;9,214806119;7,740294363;2,127497159;19,33999862;USD million
01/04/03;ZWE;Zimbabwe;-1,631599477;6,183673985;38,67714855;7,702155868;2,300054923;48,631324;USD million
01/05/03;ZWE;Zimbabwe;-0,944225102;2,968196686;32,88762094;4,339948298;2,520958941;36,73058188;USD million
01/06/03;ZWE;Zimbabwe;-1,024788191;6,761837761;16,74490993;9,381343047;13,44508824;18,41821431;USD million
01/07/03;ZWE;Zimbabwe;8,289774412;1,614696261;29,2777864;-0,117073188;7,117363048;31,94782084;USD million
01/08/03;ZWE;Zimbabwe;6,644897781;3,661019948;20,08789671;6,596845247;2,704227599;34,28643209;USD million
01/09/03;ZWE;Zimbabwe;7,420182807;3,307047114;25,36270069;-3,242704876;6,511915332;26,3353104;USD million
01/10/03;ZWE;Zimbabwe;3,783674304;-3,423318363;23,95131135;0,769797851;7,7811552;17,30030994;USD million
01/11/03;ZWE;Zimbabwe;6,991056269;0,639480136;30,31600107;-1,873146516;8,32093435;27,75245661;USD million
01/12/03;ZWE;Zimbabwe;2,025230047;4,410604634;24,71326088;3,796671348;3,485624243;31,46014266;USD million
01/01/04;ZWE;Zimbabwe;5,08269919;7,41001643;21,7689638;6,18216752;4,233121568;36,21072538;USD million
01/02/04;ZWE;Zimbabwe;3,020299279;4,868734258;24,25467203;1,842638811;10,65818372;23,32816066;USD million
01/03/04;ZWE;Zimbabwe;0,601963767;9,315104697;26,43032097;-4,573430307;0,164588958;31,60937017;USD million
01/04/04;ZWE;Zimbabwe;-1,078134705;4,535179168;31,24736031;2,035110491;7,884914796;28,85460047;USD million
01/05/04;ZWE;Zimbabwe;6,632966049;3,307207831;32,60884291;0,944931436;6,950124456;36,54382377;USD million
01/06/04;ZWE;Zimbabwe;0,208296445;3,060053629;37,96028712;11,58785599;7,794527063;45,02196613;USD million
01/07/04;ZWE;Zimbabwe;12,04668691;0,811602051;10,24233692;9,278512937;3,415261852;28,96387697;USD million
01/08/04;ZWE;Zimbabwe;2,149690068;-2,593134636;26,24759845;8,202431222;5,028747762;28,97783734;USD million
01/09/04;ZWE;Zimbabwe;16,0963473;-0,063893253;22,00463397;5,12307577;2,046556936;41,11360685;USD million
01/10/04;ZWE;Zimbabwe;6,830493624;13,01787489;14,30804239;2,99401808;4,954690356;32,19573863;USD million
01/11/04;ZWE;Zimbabwe;7,315177677;4,299203634;30,53773584;-2,4448957;6,274897616;33,43232383;USD million
01/12/04;ZWE;Zimbabwe;2,563034225;2,808774333;44,75367009;0,697971928;6,567216244;44,25623433;USD million
01/01/05;ZWE;Zimbabwe;7,003454338;8,029005243;21,65926201;4,486654994;5,948906144;35,22947044;USD million
01/02/05;ZWE;Zimbabwe;5,85563239;3,784931212;23,09016742;-0,26128693;3,603578931;28,86586516;USD million
01/03/05;ZWE;Zimbabwe;1,384963335;4,616019737;22,08603827;-0,505547689;8,940480226;18,64099342;USD million
01/04/05;ZWE;Zimbabwe;15,92041773;-0,609989921;24,68362077;2,120866826;8,845331568;33,26958384;USD million
01/05/05;ZWE;Zimbabwe;9,569868981;-0,628432159;26,34635052;-4,006608589;3,622963662;27,6582151;USD million
01/06/05;ZWE;Zimbabwe;-1,202254393;3,358703082;37,06448757;-4,848044365;9,663598023;24,70929387;USD million
01/07/05;ZWE;Zimbabwe;0,063564836;8,713043733;26,27544801;-2,688522423;-0,955736827;33,31927099;USD million
01/08/05;ZWE;Zimbabwe;8,633675647;0,212731714;30,76737908;6,267700645;5,202659928;40,67882715;USD million
01/09/05;ZWE;Zimbabwe;2,598154869;-3,123489316;37,88813854;7,912381155;2,807952489;42,46723276;USD million
01/10/05;ZWE;Zimbabwe;2,435646937;4,562739163;19,19606207;1,772015975;2,946532653;25,01993149;USD million
01/11/05;ZWE;Zimbabwe;3,361024173;-2,273025211;23,26892176;3,592756919;2,988365806;24,96131183;USD million
01/12/05;ZWE;Zimbabwe;7,496434245;7,021734472;24,20824642;-3,760752576;6,77692531;28,18873725;USD million
01/01/06;ZWE;Zimbabwe;3,68860779;8,214912084;23,07231109;-2,710301529;11,18325418;21,08227525;USD million
01/02/06;ZWE;Zimbabwe;6,000783358;1,166050279;74,89273522;6,806442447;9,426506354;79,43950495;USD million
01/03/06;ZWE;Zimbabwe;11,15690667;2,821814034;25,80244699;5,258481032;18,01040968;27,02923905;USD million
01/04/06;ZWE;Zimbabwe;1,234049526;-7,632813804;25,51739211;11,68820817;9,463144751;21,34369125;USD million
01/05/06;ZWE;Zimbabwe;6,342062977;12,71907499;42,54105327;0,834539092;1,026943393;61,40978694;USD million
01/06/06;ZWE;Zimbabwe;7,000250949;4,902145334;35,18308847;5,490845092;9,264699205;43,31163064;USD million
01/07/06;ZWE;Zimbabwe;8,337085313;3,281227922;35,63436743;9,069381242;12,52055707;43,80150483;USD million
01/08/06;ZWE;Zimbabwe;7,657026404;2,579408355;20,54913389;-1,144721435;5,47798922;24,16285799;USD million
01/09/06;ZWE;Zimbabwe;7,32413982;0,562057606;25,18767735;4,732833569;8,971936774;28,83477157;USD million
01/10/06;ZWE;Zimbabwe;8,523271822;7,375034624;25,34463643;-1,415292585;3,322878643;36,50477164;USD million
01/11/06;ZWE;Zimbabwe;2,972040439;3,99109688;23,42563341;0,075576044;7,333429973;23,1309168;USD million
01/12/06;ZWE;Zimbabwe;10,06512784;3,628282009;26,94410181;5,284662554;2,531255376;43,39091883;USD million
01/01/07;ZWE;Zimbabwe;11,56603893;10,47539984;32,4722777;0,976708846;5,325577181;50,16484814;USD million
01/02/07;ZWE;Zimbabwe;11,7593917;-6,529498581;18,14505026;0,626231855;10,47593875;13,52523649;USD million
01/03/07;ZWE;Zimbabwe;8,15804888;8,663645207;36,00860743;0,239123454;7,400193749;45,66923122;USD million
01/04/07;ZWE;Zimbabwe;7,551695274;5,00496526;29,57759494;-1,272197456;8,271980133;32,59007789;USD million
01/05/07;ZWE;Zimbabwe;-0,894864752;5,14224804;24,79905568;9,956052769;5,451886824;33,55060491;USD million
01/06/07;ZWE;Zimbabwe;2,112872762;8,374847531;14,10609593;8,417666342;9,56838078;23,44310178;USD million
01/07/07;ZWE;Zimbabwe;6,205781298;4,977894311;20,39959647;1,600695912;4,510631261;28,67333673;USD million
01/08/07;ZWE;Zimbabwe;3,759548821;-0,856035952;25,38120229;8,620832075;13,5907845;23,31476273;USD million
01/09/07;ZWE;Zimbabwe;7,305905246;4,174412962;41,3479501;-4,325631045;7,228052498;41,27458477;USD million
01/10/07;ZWE;Zimbabwe;3,604007297;13,9986916;22,82227539;1,210256966;8,398179292;33,23705196;USD million
01/11/07;ZWE;Zimbabwe;6,068390765;9,638899323;13,99847445;2,571256014;9,621353292;22,65566726;USD million
01/12/07;ZWE;Zimbabwe;4,659710953;1,485674778;24,41832174;5,42408888;7,179707698;28,80808865;USD million
01/01/08;ZWE;Zimbabwe;6,360626909;0,286716202;41,42227201;4,901354527;7,243276971;45,72769268;USD million
01/02/08;ZWE;Zimbabwe;-3,293589364;7,743905677;20,17773896;-1,014970067;8,966902289;14,64618291;USD million
01/03/08;ZWE;Zimbabwe;-2,39845984;-2,059237351;17,0595262;-3,914367906;9,649661366;-0,962200263;USD million
01/04/08;ZWE;Zimbabwe;3,633281803;9,453586726;34,75729031;3,747671156;6,407463485;45,18436651;USD million
01/05/08;ZWE;Zimbabwe;11,03832865;-0,558311612;22,5106873;5,959187752;4,952608747;33,99728334;USD million
01/06/08;ZWE;Zimbabwe;2,353327443;3,271586805;37,64781329;-2,218611213;5,351462458;35,70265386;USD million
01/07/08;ZWE;Zimbabwe;4,884826888;7,55501331;23,87325333;6,376811512;4,246493166;38,44341188;USD million
01/08/08;ZWE;Zimbabwe;4,152181081;7,36320615;19,8673384;6,205807413;6,16305973;31,42547332;USD million
01/09/08;ZWE;Zimbabwe;3,364169724;-0,608101161;33,84099013;-3,769932511;9,943670625;22,88345556;USD million
01/10/08;ZWE;Zimbabwe;9,61265057;2,837127149;22,9750987;4,457923495;8,974937897;30,90786202;USD million
01/11/08;ZWE;Zimbabwe;7,538088467;-1,202444332;22,86263214;2,06148214;0,380394564;30,87936385;USD million
01/12/08;ZWE;Zimbabwe;6,924754219;5,786378804;28,02015006;-0,667118697;3,526984494;36,53717989;USD million
01/01/09;ZWE;Zimbabwe;11,51532059;3,498519316;30,03596119;2,052789996;11,60184006;35,50075103;USD million
01/02/09;ZWE;Zimbabwe;10,23184034;7,452374331;17,93798415;4,187983913;9,768695197;30,04148754;USD million
01/03/09;ZWE;Zimbabwe;16,05857447;9,991242531;25,35702356;7,906546912;11,58031031;47,73307717;USD million
01/04/09;ZWE;Zimbabwe;-0,441455537;5,664494385;39,59394028;-0,625338046;6,642461335;37,54917975;USD million
01/05/09;ZWE;Zimbabwe;12,99970659;1,002343724;30,76912496;0,749203463;8,876602865;36,64377588;USD million
01/06/09;ZWE;Zimbabwe;-4,472308739;2,953324624;24,1768349;-1,261738219;2,004111379;19,39200119;USD million
01/07/09;ZWE;Zimbabwe;13,79461179;-2,975178698;20,25443518;2,009906584;7,711546594;25,37222827;USD million
01/08/09;ZWE;Zimbabwe;0,81595218;10,70764427;21,74433917;2,437425467;-0,009921999;35,71528309;USD million
01/09/09;ZWE;Zimbabwe;-1,637031043;12,88201851;23,16208161;0,311643586;11,87834454;22,84036812;USD million
01/10/09;ZWE;Zimbabwe;-0,315799381;13,92936702;22,58149859;0,825469577;8,128408305;28,89212751;USD million
01/11/09;ZWE;Zimbabwe;-0,797052248;2,054407589;36,11610924;2,116656951;15,80773182;23,68238971;USD million
01/12/09;ZWE;Zimbabwe;4,799949138;-3,961209258;15,90547079;2,33251312;3,209203509;15,86752028;USD million
01/01/10;ZWE;Zimbabwe;3,491181239;1,341972839;21,50709388;-1,568997296;8,007402318;16,76384834;USD million
01/02/10;ZWE;Zimbabwe;6,931665577;1,325515818;28,36720912;7,73910001;1,8335328;42,52995772;USD million
01/03/10;ZWE;Zimbabwe;3,141070564;10,10058616;15,27590665;-1,65628687;4,230251517;22,631025;USD million
01/04/10;ZWE;Zimbabwe;-2,6822647;11,83382118;27,65200664;6,272052818;11,60170484;31,47391109;USD million
01/05/10;ZWE;Zimbabwe;5,644758172;4,312763225;18,05158354;-2,456055463;6,564037443;18,98901203;USD million
01/06/10;ZWE;Zimbabwe;-5,536586867;20,22339736;34,78675043;5,35970641;4,473422308;50,35984503;USD million
01/07/10;ZWE;Zimbabwe;2,350543151;-12,28390246;14,48478345;-0,44364121;9,811775482;-5,703992551;USD million
01/08/10;ZWE;Zimbabwe;9,83179145;7,03510544;18,63358879;-3,869306751;8,396114231;23,2350647;USD million
01/09/10;ZWE;Zimbabwe;0,704343711;5,68860236;13,20557343;1,997122058;9,104380647;12,49126091;USD million
01/10/10;ZWE;Zimbabwe;11,1637659;-1,104438741;22,73319033;6,955688088;3,519487121;36,22871846;USD million
01/11/10;ZWE;Zimbabwe;14,20766337;-0,395836143;29,40702784;2,288462991;3,228956129;42,27836193;USD million
01/12/10;ZWE;Zimbabwe;-3,036599054;0,866730774;32,69652853;0,843896771;10,80176667;20,56879036;USD million
01/01/11;ZWE;Zimbabwe;2,541468052;3,991349009;13,62656721;-0,411521772;0,028571205;19,71929129;USD million
01/02/11;ZWE;Zimbabwe;8,620723512;1,069689239;48,66572545;-5,135054658;2,428547009;50,79253654;USD million
01/03/11;ZWE;Zimbabwe;10,50129788;1,092594414;27,92367954;4,901087072;4,721503261;39,69715564;USD million
01/04/11;ZWE;Zimbabwe;5,940903337;6,129241186;23,62264868;11,54438703;10,27535012;36,96183011;USD million
01/05/11;ZWE;Zimbabwe;6,849905288;6,387173603;28,36287055;3,803388115;7,877244569;37,52609299;USD million
01/06/11;ZWE;Zimbabwe;4,954423022;1,749073288;26,27945016;-3,273176012;-0,277301244;29,98707171;USD million
01/07/11;ZWE;Zimbabwe;10,69574142;4,344077847;26,82113237;4,711875029;8,686431449;37,88639521;USD million
01/08/11;ZWE;Zimbabwe;2,386314788;-4,156901096;19,87455004;2,016636923;7,86632587;12,25427478;USD million
01/09/11;ZWE;Zimbabwe;6,276695242;9,059823999;19,64968753;1,256564037;3,326818481;32,91595233;USD million
01/10/11;ZWE;Zimbabwe;4,882233271;12,15366646;17,02508822;-4,636695162;18,15875304;11,26553975;USD million
01/11/11;ZWE;Zimbabwe;10,96633265;2,750718847;23,80191255;1,456341258;5,140719977;33,83458533;USD million
01/12/11;ZWE;Zimbabwe;6,735476611;7,017707865;28,68714435;4,444465724;9,556455795;37,32833875;USD million
01/01/12;ZWE;Zimbabwe;3,58448089;5,510814773;18,007492;-1,396456652;1,549393699;24,15693731;USD million
01/02/12;ZWE;Zimbabwe;15,58523004;0,634797282;19,0585294;-2,038833358;5,594703365;27,64502;USD million
01/03/12;ZWE;Zimbabwe;11,80078126;6,993797397;28,87913927;-1,731220942;5,324594905;40,61790209;USD million
01/04/12;ZWE;Zimbabwe;6,643846391;-1,503929341;15,58091499;-1,415989836;7,964440373;11,34040183;USD million
01/05/12;ZWE;Zimbabwe;3,027530257;-0,80595116;38,21411572;-0,470440366;3,568405638;36,39684881;USD million
01/06/12;ZWE;Zimbabwe;2,719977048;5,48688092;25,67631245;2,176054295;2,996879832;33,06234488;USD million
01/07/12;ZWE;Zimbabwe;5,635957458;15,57977084;23,82173292;0,376368867;6,863321979;38,55050811;USD million
01/08/12;ZWE;Zimbabwe;3,938197799;10,1696471;14,41568445;4,194608761;10,75066955;21,96746856;USD million
01/09/12;ZWE;Zimbabwe;3,976159701;8,360019951;14,55747077;8,630169739;1,39658987;34,12723029;USD million
01/10/12;ZWE;Zimbabwe;-1,345266817;5,869068402;27,17230287;3,724973286;6,930918234;28,49015951;USD million
01/11/12;ZWE;Zimbabwe;-2,758040951;15,71031237;28,47576889;3,980503253;5,658364571;39,750179;USD million
01/12/12;ZWE;Zimbabwe;4,558636168;-7,245015665;33,46841325;1,825530779;1,396751124;31,2108134;USD million
01/01/13;ZWE;Zimbabwe;10,82034612;-3,400347848;23,3806239;1,642988706;8,125902481;24,31770839;USD million
01/02/13;ZWE;Zimbabwe;7,619443049;6,614710586;21,88180262;-3,736590062;7,775175553;24,60419064;USD million
01/03/13;ZWE;Zimbabwe;6,4968146;7,51938633;17,0386288;5,360777762;11,37190108;25,04370642;USD million
01/04/13;ZWE;Zimbabwe;6,122376739;8,913681227;21,14205505;3,435023533;4,836685334;34,77645122;USD million
01/05/13;ZWE;Zimbabwe;4,905765655;7,696895939;23,30276394;3,993254826;10,4994422;29,39923815;USD million
01/06/13;ZWE;Zimbabwe;5,012683975;7,61208225;15,88503155;3,280108129;1,56497338;30,22493252;USD million
01/07/13;ZWE;Zimbabwe;6,541649913;11,96623754;26,52216614;1,275280623;6,96770482;39,3376294;USD million
01/08/13;ZWE;Zimbabwe;6,941530869;-0,320230008;28,43702092;5,75897673;5,265334889;35,55196363;USD million
01/09/13;ZWE;Zimbabwe;2,718734998;-3,229682022;15,04747727;10,58639441;7,323274953;17,79964969;USD million
01/10/13;ZWE;Zimbabwe;12,55037303;-4,323620225;34,11225729;1,604820012;1,949252982;41,99457712;USD million
01/11/13;ZWE;Zimbabwe;15,30326442;4,322598938;12,2310673;2,224137571;3,214243154;30,86682507;USD million
01/12/13;ZWE;Zimbabwe;3,219732936;4,580169922;15,80793442;8,277720408;7,472606621;24,41295107;USD million
01/01/14;ZWE;Zimbabwe;-1,326854921;-1,531341917;22,00367802;-4,876606305;4,130912742;10,13796214;USD million
01/02/14;ZWE;Zimbabwe;14,51552458;3,789649333;45,47760695;4,378949797;3,461291064;64,7004396;USD million
01/03/14;ZWE;Zimbabwe;6,061979668;7,289153364;31,66921601;-7,333531202;11,54851834;26,1382995;USD million
01/04/14;ZWE;Zimbabwe;-5,656130575;8,367476602;27,91402868;1,991159572;12,11697561;20,49955867;USD million
01/05/14;ZWE;Zimbabwe;7,250072941;-2,554338118;36,84112163;-4,121891113;5,708978944;31,7059864;USD million
01/06/14;ZWE;Zimbabwe;-0,001028457;5,459917853;24,83600176;-0,27231716;2,096953334;27,92562066;USD million
01/07/14;ZWE;Zimbabwe;5,212232175;3,771783991;33,25546318;-1,208354211;13,67838262;27,35274252;USD million
01/08/14;ZWE;Zimbabwe;2,976496978;10,15809751;34,27779658;7,781617127;2,086542541;53,10746565;USD million
01/09/14;ZWE;Zimbabwe;13,11159538;-0,122737109;28,50500775;1,818449089;7,355704031;35,95661108;USD million
01/10/14;ZWE;Zimbabwe;6,789947275;-0,855904222;17,33515073;3,611987601;6,614694779;20,26648661;USD million
01/11/14;ZWE;Zimbabwe;2,882524495;2,977866668;29,94568717;2,363823496;3,96611155;34,20379028;USD million
01/12/14;ZWE;Zimbabwe;7,676026289;8,58099589;14,93334616;-0,369002486;11,07629415;19,7450717;USD million
01/01/15;ZWE;Zimbabwe;-2,786288429;6,88712996;13,7674602;8,549484957;4,219530793;22,19825589;USD million
01/02/15;ZWE;Zimbabwe;10,24839819;5,28365486;24,09334862;1,091513335;4,068075787;36,64883921;USD million
01/03/15;ZWE;Zimbabwe;0,014466999;14,32995125;33,97345117;3,14190915;11,08643989;40,37333868;USD million
01/04/15;ZWE;Zimbabwe;6,992603014;7,050589801;27,32323014;0,590391158;5,474255114;36,482559;USD million
01/05/15;ZWE;Zimbabwe;1,420922668;2,145040416;16,02155209;-1,031876994;7,764878487;10,79075969;USD million
01/06/15;ZWE;Zimbabwe;-1,461266324;8,071628392;29,29274841;9,320476297;2,816840826;42,40674595;USD million
01/07/15;ZWE;Zimbabwe;9,279095849;-4,305609485;36,97585844;1,884067371;3,448397081;40,38501509;USD million
01/08/15;ZWE;Zimbabwe;8,718998984;10,76932546;26,36522367;4,48072304;5,393958123;44,94031303;USD million
01/09/15;ZWE;Zimbabwe;2,775757733;-1,683798908;19,24006499;8,357070516;6,842007656;21,84708668;USD million
01/10/15;ZWE;Zimbabwe;6,303625242;2,448400829;19,09522604;5,039449661;0,774410876;32,1122909;USD million
01/11/15;ZWE;Zimbabwe;-0,829502385;1,606847394;18,42056959;7,482585683;7,110000083;19,5705002;USD million
01/12/15;ZWE;Zimbabwe;6,665848214;5,909847883;23,88151106;-0,827437094;5,741609825;29,88816023;USD million
01/01/16;ZWE;Zimbabwe;9,305297586;0,763660988;35,25849006;0,429421443;10,35479331;35,40207676;USD million
01/02/16;ZWE;Zimbabwe;-2,404840253;3,972111143;21,52056866;2,607106676;2,946283479;22,74866275;USD million
01/03/16;ZWE;Zimbabwe;6,368969653;6,74602211;19,90089939;0,750968109;7,75606728;26,01079198;USD million
01/04/16;ZWE;Zimbabwe;2,488383643;3,906504613;14,48695718;1,340338341;8,315680026;13,90650375;USD million
01/05/16;ZWE;Zimbabwe;5,193156115;-3,285486169;33,19064546;-5,650454243;15,4297253;14,01813586;USD million
01/06/16;ZWE;Zimbabwe;-1,477039629;8,779748228;27,26931128;5,891718411;1,983442806;38,48029549;USD million
01/07/16;ZWE;Zimbabwe;-3,00395838;8,916546957;15,70238807;-1,504959391;5,267579332;14,84243792;USD million
01/08/16;ZWE;Zimbabwe;6,354586758;6,892554868;15,58348353;-5,37300638;6,310421749;17,14719702;USD million
01/09/16;ZWE;Zimbabwe;6,463515378;-2,444796606;23,76749238;5,442648238;5,832006545;27,39685285;USD million
01/10/16;ZWE;Zimbabwe;13,32573304;3,001140082;33,39622964;-0,330466117;1,873252893;47,51938375;USD million
01/11/16;ZWE;Zimbabwe;9,901796152;3,82090454;34,568006;-4,102194344;2,681337263;41,50717508;USD million
01/12/16;ZWE;Zimbabwe;8,743353116;6,739460189;20,54366739;4,232749081;-2,096634091;42,35586387;USD million
01/01/17;ZWE;Zimbabwe;-4,657953431;10,59864045;21,67131381;5,577441723;17,74393551;15,44550703;USD million
01/02/17;ZWE;Zimbabwe;-1,797689335;-0,204086175;19,87313395;6,301614973;4,299501681;19,87347173;USD million
01/03/17;ZWE;Zimbabwe;-4,164696447;-5,793344326;53,50100438;10,51920108;9,093573954;44,96859073;USD million
01/04/17;ZWE;Zimbabwe;5,570344428;5,048771672;26,68791543;11,18509326;-2,10547036;50,59759515;USD million
01/05/17;ZWE;Zimbabwe;0,731460815;7,480168165;53,85052586;-3,455782014;2,11425201;56,49212082;USD million
01/06/17;ZWE;Zimbabwe;11,94706092;0,3438265;19,35257566;2,234944593;5,50319381;28,37521386;USD million
01/07/17;ZWE;Zimbabwe;6,70498362;6,025010042;36,74385407;-3,829095959;5,381180191;40,26357158;USD million
01/08/17;ZWE;Zimbabwe;6,652299139;0,566262993;24,23527684;4,857638436;5,553618231;30,75785918;USD million
01/09/17;ZWE;Zimbabwe;7,376257154;2,144245378;13,95897256;10,81189487;13,74895345;20,54241651;USD million
01/10/17;ZWE;Zimbabwe;6,623274067;4,175888648;40,67356673;4,247858341;-1,880614201;57,60120198;USD million
01/11/17;ZWE;Zimbabwe;6,476956397;-0,30724103;25,31682121;3,07542687;-0,22481022;34,78677367;USD million
01/12/17;ZWE;Zimbabwe;5,001333391;1,238517092;17,24792259;-1,660298896;10,50910497;11,31836921;USD million
01/01/18;ZWE;Zimbabwe;5,98473235;9,96615838;38,1028277;4,99407856;8,092559378;50,95523761;USD million
01/02/18;ZWE;Zimbabwe;7,658419615;2,649525469;35,29326891;7,489339747;7,566539853;45,52401389;USD million
01/03/18;ZWE;Zimbabwe;7,067622598;0,381658698;27,93972793;-7,944551954;6,192537636;21,25191963;USD million
01/04/18;ZWE;Zimbabwe;4,843874248;3,997257503;17,05884237;9,176854065;3,521030388;31,55579779;USD million
01/05/18;ZWE;Zimbabwe;1,246903527;8,202206485;19,71777121;-0,615117649;12,52599294;16,02577063;USD million
01/06/18;ZWE;Zimbabwe;8,608421385;4,801059182;23,90289921;3,573213183;5,104201635;35,78139132;USD million
01/07/18;ZWE;Zimbabwe;11,77336362;8,519955223;28,8770704;3,816544688;8,275644272;44,71128966;USD million
01/08/18;ZWE;Zimbabwe;7,329037746;3,223052173;29,68406076;2,241988506;9,444121497;33,03401769;USD million
01/09/18;ZWE;Zimbabwe;7,12830191;3,018251933;48,24502755;1,31263617;9,71970898;49,98450858;USD million
01/10/18;ZWE;Zimbabwe;2,527858468;6,230853806;17,52945051;-0,884990862;7,859913869;17,54325805;USD million
01/11/18;ZWE;Zimbabwe;8,38722418;-1,982154565;18,20119198;12,42909436;12,10226261;24,93309334;USD million
01/12/18;ZWE;Zimbabwe;-0,783383967;-0,699502067;30,51684773;-0,535814175;9,307728731;19,19041878;USD million
01/01/19;ZWE;Zimbabwe;7,006956586;2,121881574;40,9981825;3,847625825;3,56596799;50,40867849;USD million
01/02/19;ZWE;Zimbabwe;1,354767353;6,621256373;32,4548295;3,06900413;13,14527217;30,35458519;USD million
01/03/19;ZWE;Zimbabwe;-1,359228569;-0,710975823;23,69899031;2,996015912;7,357013128;17,26778871;USD million
01/04/19;ZWE;Zimbabwe;6,697610186;9,653042772;20,35676178;3,75629899;2,392449166;38,07126456;USD million
01/05/19;ZWE;Zimbabwe;0,292905931;-0,060546305;14,7788769;1,721178428;5,334467366;11,39794759;USD million
01/06/19;ZWE;Zimbabwe;-1,813555385;-5,083118054;36,86042632;0,459389141;1,006845988;29,41629603;USD million
01/07/19;ZWE;Zimbabwe;9,939559947;7,492868676;27,57759596;2,775035533;9,665981829;38,11907829;USD million
01/08/19;ZWE;Zimbabwe;-0,934005646;-1,013278566;20,33885725;9,734973535;4,491606401;23,63494017;USD million
01/09/19;ZWE;Zimbabwe;3,503552845;3,475699657;18,0985274;-4,539591749;6,736450584;13,80173757;USD million
01/10/19;ZWE;Zimbabwe;5,786083035;8,793788572;34,05937517;-1,551206175;3,385597561;43,70244304;USD million
01/11/19;ZWE;Zimbabwe;-1,046285106;5,820687926;16,93438088;-1,887860084;5,776102776;14,04482084;USD million
01/12/19;ZWE;Zimbabwe;2,136824242;0,1929;28,82546151;-1,144802952;7,980444994;22,0299378;USD million
01/01/20;ZWE;Zimbabwe;2,792605472;3,092276495;39,84706605;4,115257532;5,079788583;44,76741697;USD million
01/02/20;ZWE;Zimbabwe;-1,857775537;6,538799282;36,44248455;6,093056566;8,884287673;38,33227718;USD million
01/03/20;ZWE;Zimbabwe;5,05036146;6,258819643;21,86314666;1,416503089;10,96231378;23,62651706;USD million
01/04/20;ZWE;Zimbabwe;8,419401378;-15,26860236;20,13129656;6,941394888;5,497087688;14,72640278;USD million
01/05/20;ZWE;Zimbabwe;2,441363314;1,618829366;30,94573056;8,824592698;7,914123893;35,91639204;USD million
01/06/20;ZWE;Zimbabwe;10,47404104;-11,41580897;12,92167735;0,108935956;5,466360676;6,622484703;USD million
01/07/20;ZWE;Zimbabwe;-0,748733135;4,846434451;24,7769196;1,583993373;0,234559797;30,22405449;USD million
01/08/20;ZWE;Zimbabwe;3,897265787;7,684117813;29,07694386;8,855257543;9,942402229;39,57118277;USD million
01/09/20;ZWE;Zimbabwe;3,834513233;9,6318724;20,97587735;-3,717683431;2,983315883;27,74126367;USD million
01/10/20;ZWE;Zimbabwe;1,525320199;11,11813623;15,27677323;-1,804768081;4,377585164;21,73787641;USD million
01/11/20;ZWE;Zimbabwe;6,493144755;6,200816026;21,28309877;7,173159882;4,900259841;36,24995959;USD million
01/12/20;ZWE;Zimbabwe;-1,387377469;4,451344139;27,20380903;7,709469139;4,010447708;33,96679713;USD million
01/01/21;ZWE;Zimbabwe;7,76493051;0,291700821;30,10155879;2,504986471;12,59537902;28,06779757;USD million
01/02/21;ZWE;Zimbabwe;3,154695937;3,617630355;21,56513289;1,451773553;9,572722959;20,21650977;USD million
01/03/21;ZWE;Zimbabwe;12,59221065;1,869455912;43,30664104;4,776350988;7,960355192;54,58430339;USD million
01/04/21;ZWE;Zimbabwe;9,008907845;-3,924068057;35,01483578;2,236540751;0,490282121;41,84593419;USD million
01/05/21;ZWE;Zimbabwe;2,761240492;2,059498534;16,6481952;4,305247765;1,344557019;24,42962497;USD million
01/06/21;ZWE;Zimbabwe;3,902515526;1,328775735;29,20975714;0,546120298;3,814980427;31,17218827;USD million
01/07/21;ZWE;Zimbabwe;13,4910537;2,324333694;29,64729322;-1,031576153;8,573812586;35,85729187;USD million
01/08/21;ZWE;Zimbabwe;4,531140318;6,774896939;31,90671029;7,103314157;6,942560725;43,37350098;USD million
01/09/21;ZWE;Zimbabwe;3,896487301;-6,999320368;20,04809524;-7,716034262;5,104799827;4,124428083;USD million
01/10/21;ZWE;Zimbabwe;3,412070424;4,637333327;35,32089863;5,925490668;9,986077937;39,30971511;USD million
01/11/21;ZWE;Zimbabwe;14,82368146;1,292556511;27,66203438;3,266576034;5,8429298;41,20191859;USD million
01/12/21;ZWE;Zimbabwe;10,9394407;2,477855643;27,42626036;3,181494228;8,675880079;35,34917085;USD million
01/01/22;ZWE;Zimbabwe;-0,097597753;-1,955078062;17,95405746;1,992224538;8,229589004;9,664017182;USD million
01/02/22;ZWE;Zimbabwe;3,787994577;11,1508159;15,01739768;2,704595211;4,406427895;28,25437547;USD million
01/03/22;ZWE;Zimbabwe;0,291754246;6,542291904;32,44389017;5,46063508;4,802567903;39,9360035;USD million
01/04/22;ZWE;Zimbabwe;6,015998776;-3,863401828;27,31770759;0,85087262;7,831757616;22,48941954;USD million
01/05/22;ZWE;Zimbabwe;9,496050482;5,449066482;44,35882616;4,037280908;11,45174955;51,88947448;USD million
01/06/22;ZWE;Zimbabwe;1,248625461;5,059469925;18,42373586;5,672641957;3,898827013;26,50564619;USD million
01/07/22;ZWE;Zimbabwe;13,9293728;3,933583499;38,8330697;-3,729921034;7,776686088;45,18941887;USD million
01/08/22;ZWE;Zimbabwe;2,661765228;1,106235421;23,77533912;7,789446525;12,66657714;22,66620915;USD million
01/09/22;ZWE;Zimbabwe;6,871601556;3,344723129;45,39979119;3,072373126;4,867943354;53,82054564;USD million
01/10/22;ZWE;Zimbabwe;2,903957892;2,393259231;27,81176162;7,570753594;5,757500408;34,92223193;USD million
01/11/22;ZWE;Zimbabwe;8,277041811;2,560667501;42,09386722;5,274221357;7,538199456;50,66759843;USD million
01/12/22;ZWE;Zimbabwe;12,71207111;-1,814185967;19,7134486;7,362611053;4,715176977;33,25876781;USD million
01/01/23;ZWE;Zimbabwe;6,315763944;3,358624924;20,58019001;11,590368;6,994562734;34,85038414;USD million
01/02/23;ZWE;Zimbabwe;4,211034912;-1,115983257;13,17850695;-0,931051993;2,008448907;13,3340577;USD million
01/03/23;ZWE;Zimbabwe;5,571792991;3,812546733;30,98400843;1,237165898;3,700619494;37,90489456;USD million
01/04/23;ZWE;Zimbabwe;8,469661997;2,412436408;32,67104405;-1,94169596;7,417072881;34,19437361;USD million
01/05/23;ZWE;Zimbabwe;1,5625204;19,45607484;20,73072998;-2,380382599;15,25325095;24,11569168;USD million
01/06/23;ZWE;Zimbabwe;5,691296862;-1,491212845;22,77243911;9,5542511;3,016521974;33,51025225;USD million
01/07/23;ZWE;Zimbabwe;13,19393728;7,42117319;19,49062197;10,19401182;0,437899629;49,86184463;USD million
01/08/23;ZWE;Zimbabwe;8,29338826;4,26411407;33,77719309;-1,564813042;9,2797528;35,49012958;USD million
01/09/23;ZWE;Zimbabwe;9,853932866;-6,407148753;21,46061625;-2,198990799;-1,956754183;24,66516375;USD million
01/10/23;ZWE;Zimbabwe;2,319653445;8,902076781;36,55839557;-4,001598152;5,533116458;38,24541119;USD million
01/11/23;ZWE;Zimbabwe;6,19293557;6,744479067;27,51375047;-5,384037583;2,385718254;32,68140927;USD million
01/12/23;ZWE;Zimbabwe;1,859498207;0,408271891;29,45568875;7,423919166;5,242080772;33,90529724;USD million
01/01/24;ZWE;Zimbabwe;2,991474202;-7,376512203;13,61433197;12,3896559;9,694005412;11,92494446;USD million
01/02/24;ZWE;Zimbabwe;12,27081844;14,08647041;22,28358476;7,741351097;4,478303279;51,90392143;USD million
01/03/24;ZWE;Zimbabwe;0,753186399;-6,07154068;29,72065154;6,752827713;6,146511663;25,00861331;USD million
01/04/24;ZWE;Zimbabwe;6,204296869;3,541051526;46,85433588;1,26369113;4,601855917;53,26151948;USD million
01/05/24;ZWE;Zimbabwe;12,5039309;5,191574373;27,73185702;3,563873246;6,640215214;42,35102032;USD million
01/06/24;ZWE;Zimbabwe;6,59986005;-0,309283031;22,92181427;8,567038266;8,966110296;28,81331926;USD million
01/07/24;ZWE;Zimbabwe;-0,809596445;7,915806745;33,02176496;4,246024767;4,423463838;39,95053619;USD million
01/08/24;ZWE;Zimbabwe;4,426982745;7,7907282;32,33289193;-1,44826218;11,01624907;32,08609162;USD million
01/09/24;ZWE;Zimbabwe;-0,316025484;3,739950468;40,7041951;7,48743881;2,381605722;49,23395317;USD million
01/10/24;ZWE;Zimbabwe;5,198565702;1,395332319;17,95177194;7,071768831;5,043559636;26,57387916;USD million
01/11/24;ZWE;Zimbabwe;7,880840062;4,320666817;27,38725354;9,69303575;6,116380658;43,16541551;USD million
01/12/24;ZWE;Zimbabwe;10,68647335;4,323693829;22,84528005;1,170855683;11,23391855;27,79238436;USD million
01/01/25;ZWE;Zimbabwe;12,14390561;2,751270063;23,06805864;3,49893734;5,01758198;36,44458968;USD million
01/02/25;ZWE;Zimbabwe;4,918619596;1,772929332;28,22296167;3,207303383;8,987997056;29,13381693;USD million
01/03/25;ZWE;Zimbabwe;-3,467477168;10,75186484;17,48291012;10,80231373;7,958073218;27,6115383;USD million
01/04/25;ZWE;Zimbabwe;-5,987731742;7,408070007;25,67755557;2,800892905;5,767467955;24,13131878;USD million
01/05/25;ZWE;Zimbabwe;-6,333747998;12,30110517;20,00178405;2,627958297;4,935898087;23,66120144;USD million
01/06/25;ZWE;Zimbabwe;10,0111021;4,546970499;21,01087137;5,664384028;1,877954678;39,35537331;USD million
01/07/25;ZWE;Zimbabwe;3,892396839;11,57350261;27,14960622;10,76422905;5,491572187;47,88816254;USD million
01/08/25;ZWE;Zimbabwe;-5,103740471;0,384659205;27,5131199;-3,507393551;8,611431725;10,67521336;USD million
01/09/25;ZWE;Zimbabwe;13,41319035;4,652326052;18,46497189;-0,167430214;7,644026352;28,71903172;USD million
01/10/25;ZWE;Zimbabwe;3,042998241;2,395963517;19,11077555;2,489354583;9,385132211;17,65395968;USD million
01/11/25;ZWE;Zimbabwe;3,431663314;-7,082908428;10,17020302;7,597315583;6,367310567;7,748962922;USD million
01/12/25;ZWE;Zimbabwe;8,031645054;6,295948508;27,92998578;1,468256237;5,599723595;38,12611199;USD million
01/01/26;ZWE;Zimbabwe;8,230198263;1,37299611;12,35766211;10,34470968;7,81700886;24,4885573;USD million
01/02/26;ZWE;Zimbabwe;16,55127019;-1,403613017;21,660745;4,996026364;3,142778638;38,66164989;USD million
01/03/26;ZWE;Zimbabwe;5,061222147;1,954497269;28,31941539;1,398673758;11,68870726;25,04510131;USD million
01/04/26;ZWE;Zimbabwe;6,211722007;2,734344601;33,65171268;4,775955595;11,75053762;35,62319727;USD million
01/05/26;ZWE;Zimbabwe;7,075755189;6,854551637;11,09703022;2,777400868;5,965153781;21,83958413;USD million
01/06/26;ZWE;Zimbabwe;9,174402181;7,462713618;13,88617373;3,138369707;1,617976965;32,04368227;USD million
01/07/26;ZWE;Zimbabwe;3,01384946;10,38448752;25,61874041;3,293058856;1,46415122;40,84598503;USD million
01/08/26;ZWE;Zimbabwe;-0,808878096;8,868321843;12,8013858;8,418955883;12,72664949;16,55313594;USD million
01/09/26;ZWE;Zimbabwe;-0,047500313;1,040759104;12,72503653;0,64169139;9,688869103;4,671117603;USD million