date;iso3;country;equity_inflows;equity_outflows;debt_security_inflows;debt_security_outflows;net_portfolio;unit
01/01/80;ZWE;Zimbabwe;32,85040946;17,76024016;17,50907757;19,12987501;13,46937186;USD million
01/02/80;ZWE;Zimbabwe;7,2333193;16,84410799;25,26922611;12,05142192;3,607015498;USD million
01/03/80;ZWE;Zimbabwe;71,42637725;15,31687952;7,453193607;9,16455439;54,39813694;USD million
01/04/80;ZWE;Zimbabwe;21,64340579;9,580627926;15,30157651;5,586456947;21,77789742;USD million
01/05/80;ZWE;Zimbabwe;16,25465055;6,62285819;7,489590392;3,950826039;13,17055671;USD million
01/06/80;ZWE;Zimbabwe;9,841812344;20,20573936;19,41965014;9,997327559;-0,941604439;USD million
01/07/80;ZWE;Zimbabwe;23,24543076;23,1022262;6,352588841;4,538765079;1,957028322;USD million
01/08/80;ZWE;Zimbabwe;7,867914145;7,971747166;5,307398323;18,91720259;-13,71363729;USD million
01/09/80;ZWE;Zimbabwe;9,576518565;5,485434129;15,64177403;7,857596644;11,87526183;USD million
01/10/80;ZWE;Zimbabwe;15,40880171;13,50197905;21,91319704;8,600075216;15,21994449;USD million
01/11/80;ZWE;Zimbabwe;10,05428872;15,26340834;14,21145893;9,308521283;-0,30618197;USD million
01/12/80;ZWE;Zimbabwe;19,14003301;14,85355235;7,937953468;3,134050447;9,090383683;USD million
01/01/81;ZWE;Zimbabwe;10,34459897;26,46151431;31,75545986;7,175109567;8,463434954;USD million
01/02/81;ZWE;Zimbabwe;7,247634966;13,658141;18,15326124;5,892885469;5,84986974;USD million
01/03/81;ZWE;Zimbabwe;10,0521719;10,1839946;10,99242409;7,679479242;3,181122145;USD million
01/04/81;ZWE;Zimbabwe;10,85194141;13,74159721;26,29527063;6,529574954;16,87603987;USD million
01/05/81;ZWE;Zimbabwe;26,04551481;6,554383419;10,16193542;4,831295196;24,82177161;USD million
01/06/81;ZWE;Zimbabwe;50,57394084;7,351162393;23,71980466;4,422312015;62,52027109;USD million
01/07/81;ZWE;Zimbabwe;46,00237887;11,55793647;16,63585768;9,164539386;41,91576069;USD million
01/08/81;ZWE;Zimbabwe;20,15980207;7,063600416;13,94568688;6,260292437;20,7815961;USD million
01/09/81;ZWE;Zimbabwe;19,16473174;18,50223123;13,464544;4,828862719;9,298181796;USD million
01/10/81;ZWE;Zimbabwe;25,04680812;13,5331312;13,26751706;13,25795755;11,52323644;USD million
01/11/81;ZWE;Zimbabwe;16,40402486;16,81413122;33,92725954;12,44661366;21,07053952;USD million
01/12/81;ZWE;Zimbabwe;18,26670837;5,287667907;9,993545954;7,389010039;15,58357637;USD million
01/01/82;ZWE;Zimbabwe;9,737542486;18,38222302;7,248763939;7,911255154;-9,307171748;USD million
01/02/82;ZWE;Zimbabwe;13,70206946;6,553344487;8,68421772;13,29443187;2,538510822;USD million
01/03/82;ZWE;Zimbabwe;4,330862718;17,12972738;11,39410214;7,626460098;-9,031222626;USD million
01/04/82;ZWE;Zimbabwe;16,23292969;4,038898564;7,119818187;8,147280765;11,16656855;USD million
01/05/82;ZWE;Zimbabwe;10,65651694;10,19232088;24,01637697;9,550915587;14,92965744;USD million
01/06/82;ZWE;Zimbabwe;8,030018898;8,117071532;20,40310824;8,955771953;11,36028365;USD million
01/07/82;ZWE;Zimbabwe;21,61120562;9,134702384;8,897897678;6,263232009;15,11116891;USD million
01/08/82;ZWE;Zimbabwe;9,34997976;9,864105447;12,2213295;7,196968888;4,51023492;USD million
01/09/82;ZWE;Zimbabwe;6,343440155;14,53461495;8,642369232;10,19010619;-9,73891175;USD million
01/10/82;ZWE;Zimbabwe;14,36630824;17,46471368;7,159718653;7,420507953;-3,359194748;USD million
01/11/82;ZWE;Zimbabwe;15,06064026;9,774607514;8,97929255;17,02337405;-2,758048746;USD million
01/12/82;ZWE;Zimbabwe;11,53713275;7,646044895;6,661256026;15,82540258;-5,273058698;USD million
01/01/83;ZWE;Zimbabwe;18,66949426;6,74064608;4,014379931;12,98619395;2,957034163;USD million
01/02/83;ZWE;Zimbabwe;14,80473709;11,58669264;11,32999221;11,71320435;2,834832305;USD million
01/03/83;ZWE;Zimbabwe;11,96065895;10,83999828;13,1629879;8,041881331;6,241767241;USD million
01/04/83;ZWE;Zimbabwe;15,74489293;9,600426641;10,57241896;7,327719883;9,389165372;USD million
01/05/83;ZWE;Zimbabwe;21,23628246;13,01517741;5,152436442;4,842635515;8,530905976;USD million
01/06/83;ZWE;Zimbabwe;9,385080514;6,046368486;16,16913331;3,532794039;15,9750513;USD million
01/07/83;ZWE;Zimbabwe;8,523290361;5,08858808;10,41043534;21,40296561;-7,557827987;USD million
01/08/83;ZWE;Zimbabwe;6,23810716;11,97672683;10,07190187;3,31127495;1,022007254;USD million
01/09/83;ZWE;Zimbabwe;10,5689155;11,10859623;13,72891638;10,07049255;3,118743095;USD million
01/10/83;ZWE;Zimbabwe;10,05927584;8,909015325;6,734630468;8,717454334;-0,832563355;USD million
01/11/83;ZWE;Zimbabwe;18,56934766;12,163455;9,353435782;14,09765993;1,661668518;USD million
01/12/83;ZWE;Zimbabwe;15,10087157;10,73640504;15,63736804;11,15855039;8,843284181;USD million
01/01/84;ZWE;Zimbabwe;6,867190242;12,09117931;10,35049992;11,65944207;-6,532931221;USD million
01/02/84;ZWE;Zimbabwe;43,84063188;7,842886044;16,75672876;9,206041892;43,54843271;USD million
01/03/84;ZWE;Zimbabwe;14,36078424;13,06095402;10,38676199;10,01010512;1,67648708;USD million
01/04/84;ZWE;Zimbabwe;10,53816771;5,298768231;17,80993927;11,2088974;11,84044135;USD million
01/05/84;ZWE;Zimbabwe;14,2410657;5,382963013;9,981591049;14,04796568;4,791728054;USD million
01/06/84;ZWE;Zimbabwe;26,04807958;16,42514002;12,85447411;5,576598314;16,90081535;USD million
01/07/84;ZWE;Zimbabwe;9,240901108;11,54983871;16,00422391;10,87773009;2,817556221;USD million
01/08/84;ZWE;Zimbabwe;12,13970743;6,560703515;13,66194601;6,478683527;12,7622664;USD million
01/09/84;ZWE;Zimbabwe;31,3437427;9,968374461;19,2463147;10,30108809;30,32059485;USD million
01/10/84;ZWE;Zimbabwe;16,3167632;6,235031499;12,17421312;24,02777392;-1,771829095;USD million
01/11/84;ZWE;Zimbabwe;11,40678888;8,013050953;4,549785937;4,022351866;3,921172003;USD million
01/12/84;ZWE;Zimbabwe;8,884421387;7,893866019;7,968743522;11,02378036;-2,064481475;USD million
01/01/85;ZWE;Zimbabwe;36,89688227;14,51684615;5,684018627;12,2860709;15,77798385;USD million
01/02/85;ZWE;Zimbabwe;9,1085264;9,157812828;7,330433973;18,06493127;-10,78378373;USD million
01/03/85;ZWE;Zimbabwe;21,54660491;10,39478514;5,951134641;5,342017004;11,76093741;USD million
01/04/85;ZWE;Zimbabwe;5,691363677;20,57801255;12,12081856;10,21703684;-12,98286715;USD million
01/05/85;ZWE;Zimbabwe;10,70451694;12,95857557;5,67767745;8,408227189;-4,984608365;USD million
01/06/85;ZWE;Zimbabwe;17,03305701;15,0691862;10,25066684;5,656701275;6,557836375;USD million
01/07/85;ZWE;Zimbabwe;18,74887007;24,84382101;8,437514735;7,254640397;-4,912076606;USD million
01/08/85;ZWE;Zimbabwe;30,3536811;23,43514638;5,951235498;4,472201207;8,397569015;USD million
01/09/85;ZWE;Zimbabwe;16,77281743;16,89799935;7,417701017;11,14250233;-3,849983232;USD million
01/10/85;ZWE;Zimbabwe;7,360171682;12,88980278;5,504922538;7,814534938;-7,839243499;USD million
01/11/85;ZWE;Zimbabwe;10,68497798;7,9224199;16,53095723;4,315345367;14,97816994;USD million
01/12/85;ZWE;Zimbabwe;12,66726194;32,3627878;7,122648363;13,04209231;-25,61496981;USD million
01/01/86;ZWE;Zimbabwe;7,517052818;12,80871599;7,205777344;8,564015295;-6,649901123;USD million
01/02/86;ZWE;Zimbabwe;18,89899065;14,46884167;13,01687874;10,23833037;7,208697358;USD million
01/03/86;ZWE;Zimbabwe;17,73971898;18,37776717;33,68529021;7,136391654;25,91085037;USD million
01/04/86;ZWE;Zimbabwe;32,73098876;24,10413103;5,667568434;16,78953415;-2,495107989;USD million
01/05/86;ZWE;Zimbabwe;29,02807568;7,436644653;9,345887598;19,93205327;11,00526536;USD million
01/06/86;ZWE;Zimbabwe;43,8699426;9,648283902;23,95341596;6,569209129;51,60586553;USD million
01/07/86;ZWE;Zimbabwe;14,25260641;13,79025935;7,951950982;7,968604981;0,445693053;USD million
01/08/86;ZWE;Zimbabwe;28,00192992;8,682596246;3,035321008;8,687048624;13,66760606;USD million
01/09/86;ZWE;Zimbabwe;11,66948836;15,49373568;10,16079825;10,27975423;-3,943203303;USD million
01/10/86;ZWE;Zimbabwe;16,62772631;5,568839017;6,418638567;19,54061454;-2,063088682;USD million
01/11/86;ZWE;Zimbabwe;17,17948728;17,81962043;12,98034078;13,43190983;-1,091702204;USD million
01/12/86;ZWE;Zimbabwe;7,710654026;23,93030752;4,841704532;5,334778098;-16,71272706;USD million
01/01/87;ZWE;Zimbabwe;9,006510744;14,87482082;15,11228322;8,770776607;0,473196534;USD million
01/02/87;ZWE;Zimbabwe;11,64164273;11,11479718;20,27528014;8,802078629;12,00004707;USD million
01/03/87;ZWE;Zimbabwe;15,28375122;16,39938567;20,98060696;9,466699179;10,39827334;USD million
01/04/87;ZWE;Zimbabwe;15,11269461;27,06995465;15,49640224;5,67894686;-2,139804658;USD million
01/05/87;ZWE;Zimbabwe;22,78358747;4,807681498;19,68035069;7,955758709;29,70049795;USD million
01/06/87;ZWE;Zimbabwe;18,44957431;5,579153186;17,0277622;16,30117706;13,59700626;USD million
01/07/87;ZWE;Zimbabwe;12,04283479;5,780297635;9,329028347;8,777070549;6,814494958;USD million
01/08/87;ZWE;Zimbabwe;25,3181059;7,241821125;14,39927749;8,519882893;23,95567938;USD million
01/09/87;ZWE;Zimbabwe;16,80113027;7,369796681;16,67054887;3,89694954;22,20493292;USD million
01/10/87;ZWE;Zimbabwe;43,76024166;9,799352703;15,30214826;3,913572715;45,34946449;USD million
01/11/87;ZWE;Zimbabwe;16,566626;11,78283322;25,15363858;15,25133203;14,68609933;USD million
01/12/87;ZWE;Zimbabwe;22,0259751;18,88392835;5,730793905;13,1378037;-4,264963042;USD million
01/01/88;ZWE;Zimbabwe;27,78526793;18,13511569;10,47545423;11,06210189;9,063504583;USD million
01/02/88;ZWE;Zimbabwe;41,18178732;9,87903365;9,155970285;7,350575976;33,10814798;USD million
01/03/88;ZWE;Zimbabwe;21,00739533;15,96691262;11,67784476;2,237299016;14,48102846;USD million
01/04/88;ZWE;Zimbabwe;19,03261599;6,179186331;13,53976743;13,38055317;13,01264392;USD million
01/05/88;ZWE;Zimbabwe;8,146858001;4,119296352;9,814359958;6,359994815;7,481926792;USD million
01/06/88;ZWE;Zimbabwe;8,069854925;16,25330483;10,60394388;6,365159346;-3,944665371;USD million
01/07/88;ZWE;Zimbabwe;13,76772004;9,347202546;4,582168033;4,645060119;4,357625404;USD million
01/08/88;ZWE;Zimbabwe;25,79506698;11,78540054;5,259815608;9,057571829;10,21191022;USD million
01/09/88;ZWE;Zimbabwe;10,16666775;11,07887816;7,45205439;7,646114994;-1,10627101;USD million
01/10/88;ZWE;Zimbabwe;18,68986326;11,01629812;17,07561012;5,786183363;18,9629919;USD million
01/11/88;ZWE;Zimbabwe;5,168218965;14,56842101;10,41015027;9,104367207;-8,094418987;USD million
01/12/88;ZWE;Zimbabwe;22,74490758;9,276544086;11,31180541;3,389487001;21,39068191;USD million
01/01/89;ZWE;Zimbabwe;20,52321087;18,572354;18,8723026;7,580442097;13,24271737;USD million
01/02/89;ZWE;Zimbabwe;21,48537087;7,58369256;16,65060028;12,69831165;17,85396694;USD million
01/03/89;ZWE;Zimbabwe;14,16861927;7,484533137;8,24342205;14,87582837;0,051679812;USD million
01/04/89;ZWE;Zimbabwe;17,52332656;9,986268352;14,49361742;13,85042016;8,18025547;USD million
01/05/89;ZWE;Zimbabwe;20,002676;16,51952706;13,59050337;24,25406322;-7,180410909;USD million
01/06/89;ZWE;Zimbabwe;6,911023909;12,18130894;6,45986055;5,954540414;-4,764964895;USD million
01/07/89;ZWE;Zimbabwe;7,204427611;11,66571737;32,11310054;9,518396232;18,13341455;USD million
01/08/89;ZWE;Zimbabwe;29,79502911;14,64639004;13,56166203;5,426905937;23,28339517;USD million
01/09/89;ZWE;Zimbabwe;12,33438581;14,04324348;21,23295649;9,449355194;10,07474362;USD million
01/10/89;ZWE;Zimbabwe;5,254285112;7,059995513;20,28688468;19,54533769;-1,064163407;USD million
01/11/89;ZWE;Zimbabwe;10,07597968;22,27925328;3,029985285;9,947642409;-19,12093072;USD million
01/12/89;ZWE;Zimbabwe;22,75848082;4,476438182;9,700156573;16,73651052;11,24568869;USD million
01/01/90;ZWE;Zimbabwe;28,23507914;12,54767244;12,29867019;3,558294821;24,42778207;USD million
01/02/90;ZWE;Zimbabwe;39,83855094;27,7562205;8,417733653;8,348861151;12,15120294;USD million
01/03/90;ZWE;Zimbabwe;47,61536711;14,52633337;5,551676068;12,53074565;26,10996415;USD million
01/04/90;ZWE;Zimbabwe;4,308729693;6,382918126;16,20004832;8,596243063;5,529616824;USD million
01/05/90;ZWE;Zimbabwe;26,46186181;14,83654958;3,623013682;6,988886177;8,259439732;USD million
01/06/90;ZWE;Zimbabwe;21,72094452;10,15494672;7,145965487;18,15185391;0,560109385;USD million
01/07/90;ZWE;Zimbabwe;14,47310215;4,644260995;12,64379457;6,065689372;16,40694635;USD million
01/08/90;ZWE;Zimbabwe;16,53999826;18,58125493;8,885859765;8,802139379;-1,957536283;USD million
01/09/90;ZWE;Zimbabwe;15,5239708;11,85609984;6,546754075;16,98011708;-6,765492048;USD million
01/10/90;ZWE;Zimbabwe;18,08028961;8,192087623;11,6453014;3,129970403;18,40353299;USD million
01/11/90;ZWE;Zimbabwe;19,61622625;8,74896721;4,584981942;21,73103265;-6,278791666;USD million
01/12/90;ZWE;Zimbabwe;8,224899563;10,73572298;17,22063827;7,162231853;7,547583002;USD million
01/01/91;ZWE;Zimbabwe;12,5482647;19,07252662;7,661941958;2,676293971;-1,538613927;USD million
01/02/91;ZWE;Zimbabwe;15,55990476;8,216973936;7,279962327;4,836579843;9,786313312;USD million
01/03/91;ZWE;Zimbabwe;17,92991473;18,8914032;11,04596699;4,420559218;5,663919307;USD million
01/04/91;ZWE;Zimbabwe;16,45945043;15,54713937;8,557964905;6,204760422;3,265515542;USD million
01/05/91;ZWE;Zimbabwe;24,37707473;15,76149847;6,970938011;8,713770917;6,87274336;USD million
01/06/91;ZWE;Zimbabwe;34,23953584;10,58244844;21,13194879;23,44288547;21,34615071;USD million
01/07/91;ZWE;Zimbabwe;14,23738627;12,8638268;8,305503637;5,546543921;4,13251919;USD million
01/08/91;ZWE;Zimbabwe;13,29556171;9,101012429;16,22046908;25,413638;-4,998619642;USD million
01/09/91;ZWE;Zimbabwe;28,2872337;6,316885332;10,77085041;8,64318451;24,09801426;USD million
01/10/91;ZWE;Zimbabwe;6,827262763;5,328202884;10,4105111;5,754368464;6,15520252;USD million
01/11/91;ZWE;Zimbabwe;17,62232576;12,53560866;5,369213769;3,77926993;6,676660935;USD million
01/12/91;ZWE;Zimbabwe;15,34158415;8,860366366;9,205983166;9,682472053;6,004728894;USD million
01/01/92;ZWE;Zimbabwe;12,65519843;10,45882129;3,860918877;6,49007992;-0,432783906;USD million
01/02/92;ZWE;Zimbabwe;19,04605428;29,68314863;11,66290985;11,12764924;-10,10183373;USD million
01/03/92;ZWE;Zimbabwe;11,36916172;9,103376894;11,7290653;8,030530407;5,964319713;USD million
01/04/92;ZWE;Zimbabwe;22,65093109;14,35695436;8,091090691;21,31014087;-4,925073452;USD million
01/05/92;ZWE;Zimbabwe;15,71809867;45,7371918;17,76888721;11,8951644;-24,14537032;USD million
01/06/92;ZWE;Zimbabwe;31,82823874;20,41010192;7,506157093;9,806952715;9,117341193;USD million
01/07/92;ZWE;Zimbabwe;21,25781011;7,338011161;15,42652066;6,24157806;23,10474155;USD million
01/08/92;ZWE;Zimbabwe;10,42808023;14,57292386;21,62400867;8,72745843;8,751706607;USD million
01/09/92;ZWE;Zimbabwe;15,95422464;7,165031348;7,199328764;7,347963112;8,640558948;USD million
01/10/92;ZWE;Zimbabwe;12,65728228;10,94076965;7,543790463;10,75101886;-1,490715769;USD million
01/11/92;ZWE;Zimbabwe;12,30391072;17,17572998;8,008758209;2,492013459;0,644925492;USD million
01/12/92;ZWE;Zimbabwe;11,66287721;10,74669482;4,124751795;6,327321659;-1,286387475;USD million
01/01/93;ZWE;Zimbabwe;8,840810171;5,228722194;46,92406766;10,46014082;40,07601483;USD million
01/02/93;ZWE;Zimbabwe;8,917710704;11,28295825;10,58323065;5,33200064;2,88598246;USD million
01/03/93;ZWE;Zimbabwe;24,90831489;18,96009356;10,4889022;10,73462934;5,702494183;USD million
01/04/93;ZWE;Zimbabwe;20,14975494;4,425598872;8,499044974;4,79821535;19,42498569;USD million
01/05/93;ZWE;Zimbabwe;8,774376251;12,11579851;11,12227063;5,704625765;2,076222597;USD million
01/06/93;ZWE;Zimbabwe;38,37609744;8,356720615;7,491618363;12,82020287;24,69079232;USD million
01/07/93;ZWE;Zimbabwe;33,49387663;11,40580057;14,66685786;5,895965492;30,85896842;USD million
01/08/93;ZWE;Zimbabwe;9,878242498;17,75926295;10,90415662;5,89044078;-2,867304606;USD million
01/09/93;ZWE;Zimbabwe;11,62177384;23,56469488;6,507111565;5,840926868;-11,27673635;USD million
01/10/93;ZWE;Zimbabwe;15,6769631;19,58968569;12,76419869;8,929208624;-0,077732527;USD million
01/11/93;ZWE;Zimbabwe;6,796552483;14,70909287;4,80834871;11,93365706;-15,03784873;USD million
01/12/93;ZWE;Zimbabwe;17,03758575;10,88956158;9,679385552;7,21736857;8,610041153;USD million
01/01/94;ZWE;Zimbabwe;16,66194783;13,13749397;5,02783995;4,475167491;4,077126323;USD million
01/02/94;ZWE;Zimbabwe;12,3417041;19,69006166;7,972255546;6,771371955;-6,147473972;USD million
01/03/94;ZWE;Zimbabwe;79,8533885;7,909499612;17,82846869;20,39950434;69,37285324;USD million
01/04/94;ZWE;Zimbabwe;9,697845454;9,331565943;10,88716918;13,90961105;-2,656162364;USD million
01/05/94;ZWE;Zimbabwe;19,95873999;13,67999071;6,461887191;6,287056947;6,45357953;USD million
01/06/94;ZWE;Zimbabwe;9,250014245;3,377284639;12,77091142;5,104030482;13,53961055;USD million
01/07/94;ZWE;Zimbabwe;10,14962218;5,821062031;19,58138349;6,295661678;17,61428195;USD million
01/08/94;ZWE;Zimbabwe;19,78268882;21,1337234;8,035338347;15,17714227;-8,492838508;USD million
01/09/94;ZWE;Zimbabwe;27,49772076;7,499062449;14,4679533;13,50824269;20,95836892;USD million
01/10/94;ZWE;Zimbabwe;8,646526764;5,846130551;5,385229993;11,63093043;-3,44530422;USD million
01/11/94;ZWE;Zimbabwe;10,35130669;20,23653447;18,00103458;16,4756592;-8,359852393;USD million
01/12/94;ZWE;Zimbabwe;10,10506786;8,345360764;9,287954176;18,43593661;-7,388275333;USD million
01/01/95;ZWE;Zimbabwe;9,590539792;8,190684022;6,593703663;5,4142562;2,579303233;USD million
01/02/95;ZWE;Zimbabwe;12,9890162;16,33179135;7,127515192;6,573305447;-2,788565414;USD million
01/03/95;ZWE;Zimbabwe;18,65813951;11,21243289;15,90219958;8,150005139;15,19790105;USD million
01/04/95;ZWE;Zimbabwe;12,12379947;21,68044381;5,442884961;15,47921663;-19,59297601;USD million
01/05/95;ZWE;Zimbabwe;16,15247498;7,553481192;12,85249334;18,87818916;2,573297974;USD million
01/06/95;ZWE;Zimbabwe;6,59897036;9,68729768;10,64493763;20,41270323;-12,85609292;USD million
01/07/95;ZWE;Zimbabwe;15,10891748;10,34652087;24,61397387;11,38448157;17,99188891;USD million
01/08/95;ZWE;Zimbabwe;8,047774416;12,15884166;6,201288226;4,278510463;-2,188289478;USD million
01/09/95;ZWE;Zimbabwe;13,54038521;11,39007712;19,89842809;10,29951413;11,74922205;USD million
01/10/95;ZWE;Zimbabwe;4,361948843;13,39345999;19,22437647;3,420340492;6,772524828;USD million
01/11/95;ZWE;Zimbabwe;56,94955646;26,21115704;21,67919165;10,92699397;41,4905971;USD million
01/12/95;ZWE;Zimbabwe;20,43553591;12,01479497;8,567538912;2,584307763;14,40397209;USD million
01/01/96;ZWE;Zimbabwe;11,216884;9,004954046;14,21199985;11,68978107;4,734148738;USD million
01/02/96;ZWE;Zimbabwe;15,32587102;10,53197569;58,11888812;4,6887049;58,22407855;USD million
01/03/96;ZWE;Zimbabwe;11,77671223;12,01802667;10,90431057;7,590882687;3,072113442;USD million
01/04/96;ZWE;Zimbabwe;12,03316497;14,62079401;5,615001921;12,80056067;-9,77318779;USD million
01/05/96;ZWE;Zimbabwe;19,40665999;4,546876592;11,56108908;8,271641;18,14923148;USD million
01/06/96;ZWE;Zimbabwe;21,60476097;10,86445528;25,51348685;6,344926719;29,90886582;USD million
01/07/96;ZWE;Zimbabwe;17,19354094;15,58574108;5,613361285;15,57881561;-8,357654456;USD million
01/08/96;ZWE;Zimbabwe;12,35695595;20,32041625;18,73184924;4,888645984;5,879742968;USD million
01/09/96;ZWE;Zimbabwe;11,74871414;24,52556398;9,733013456;19,09975511;-22,14359149;USD million
01/10/96;ZWE;Zimbabwe;12,47510417;8,764878015;15,01907663;6,227548663;12,50175412;USD million
01/11/96;ZWE;Zimbabwe;19,32464872;20,73374087;4,034467777;6,122492525;-3,497116901;USD million
01/12/96;ZWE;Zimbabwe;19,54526129;20,19641772;4,536314936;10,4658505;-6,580691998;USD million
01/01/97;ZWE;Zimbabwe;11,76374129;12,44121295;7,640894668;14,83687457;-7,873451562;USD million
01/02/97;ZWE;Zimbabwe;15,13544699;5,376377624;13,16664475;17,10269758;5,823016542;USD million
01/03/97;ZWE;Zimbabwe;13,94103271;26,26739907;10,45084921;5,407723037;-7,28324019;USD million
01/04/97;ZWE;Zimbabwe;23,24828238;6,860262819;15,14542527;5,832506153;25,70093869;USD million
01/05/97;ZWE;Zimbabwe;27,09137807;24,03193226;8,51978751;6,754944694;4,824288626;USD million
01/06/97;ZWE;Zimbabwe;14,772678;15,86202963;4,748022667;10,16691169;-6,508240649;USD million
01/07/97;ZWE;Zimbabwe;7,892938132;36,49997253;6,875935819;3,788296064;-25,51939464;USD million
01/08/97;ZWE;Zimbabwe;44,28250267;7,208258656;19,08523902;7,604389336;48,55509369;USD million
01/09/97;ZWE;Zimbabwe;23,94460837;8,162324831;19,60208718;8,120912191;27,26345853;USD million
01/10/97;ZWE;Zimbabwe;25,19966593;34,16300266;9,768063402;6,229112934;-5,424386261;USD million
01/11/97;ZWE;Zimbabwe;24,18303344;11,91471228;5,869248285;11,29604341;6,84152603;USD million
01/12/97;ZWE;Zimbabwe;33,93327682;10,39431759;7,147045586;3,890900011;26,7951048;USD million
01/01/98;ZWE;Zimbabwe;19,14604152;4,270740733;9,850295317;7,262299347;17,46329675;USD million
01/02/98;ZWE;Zimbabwe;17,78809251;8,380117084;5,643055256;15,15346081;-0,102430132;USD million
01/03/98;ZWE;Zimbabwe;8,575335857;16,7397729;13,96836162;8,78916851;-2,985243932;USD million
01/04/98;ZWE;Zimbabwe;11,80922348;16,07878933;4,952113007;10,52465881;-9,842111654;USD million
01/05/98;ZWE;Zimbabwe;18,03597391;8,369285991;8,459669352;10,46588559;7,660471679;USD million
01/06/98;ZWE;Zimbabwe;19,69715165;9,414869399;6,52512957;10,2759302;6,531481621;USD million
01/07/98;ZWE;Zimbabwe;16,18064424;12,98379387;10,91448214;8,070296715;6,041035797;USD million
01/08/98;ZWE;Zimbabwe;6,606663373;8,061121041;5,625839147;24,53716635;-20,36578487;USD million
01/09/98;ZWE;Zimbabwe;6,8869289;6,797541987;6,256032594;7,774023268;-1,428603762;USD million
01/10/98;ZWE;Zimbabwe;24,50757663;11,96463323;12,17453584;5,991668671;18,72581057;USD million
01/11/98;ZWE;Zimbabwe;10,75621625;10,33645896;24,41898859;12,30466979;12,53407609;USD million
01/12/98;ZWE;Zimbabwe;21,94698514;23,85683307;12,55615118;10,45077994;0,195523306;USD million
01/01/99;ZWE;Zimbabwe;12,00804676;25,67396493;5,5700336;6,299809157;-14,39569374;USD million
01/02/99;ZWE;Zimbabwe;19,80987313;5,840881316;17,92410818;8,428590677;23,46450932;USD million
01/03/99;ZWE;Zimbabwe;20,8699501;11,67886217;8,476276887;10,50959941;7,157765402;USD million
01/04/99;ZWE;Zimbabwe;10,72114333;11,55354971;11,1062014;6,094237253;4,179557776;USD million
01/05/99;ZWE;Zimbabwe;19,12232843;10,7863933;11,73705077;10,6423482;9,430637688;USD million
01/06/99;ZWE;Zimbabwe;31,03992967;9,786550762;24,15860573;7,127222322;38,28476231;USD million
01/07/99;ZWE;Zimbabwe;20,31055085;18,74426409;10,74562445;32,585535;-20,27362379;USD million
01/08/99;ZWE;Zimbabwe;10,24943464;11,69450763;5,012219661;12,55089271;-8,98374604;USD million
01/09/99;ZWE;Zimbabwe;12,91555975;14,9497955;8,244969545;14,95169161;-8,740957811;USD million
01/10/99;ZWE;Zimbabwe;43,04081828;5,109315509;6,768487634;28,58591066;16,11407974;USD million
01/11/99;ZWE;Zimbabwe;24,7302403;17,53740059;12,65368861;8,01054995;11,83597838;USD million
01/12/99;ZWE;Zimbabwe;36,53652765;14,07206116;9,043214019;11,93070397;19,57697653;USD million
01/01/00;ZWE;Zimbabwe;15,46288057;12,42650976;7,689028962;4,970851116;5,75454865;USD million
01/02/00;ZWE;Zimbabwe;5,634621458;11,99546876;4,52549281;6,349917676;-8,185272168;USD million
01/03/00;ZWE;Zimbabwe;17,41579319;25,54272468;10,11472927;7,004373258;-5,016575478;USD million
01/04/00;ZWE;Zimbabwe;17,93029876;7,591894587;20,57226413;3,858018349;27,05264995;USD million
01/05/00;ZWE;Zimbabwe;16,097924;14,8830967;32,33152328;14,79423466;18,75211593;USD million
01/06/00;ZWE;Zimbabwe;30,95101247;28,98623745;5,768912672;7,896621942;-0,162934251;USD million
01/07/00;ZWE;Zimbabwe;9,389566641;18,99895387;4,607480572;5,743375198;-10,74528186;USD million
01/08/00;ZWE;Zimbabwe;34,30647443;8,99663065;5,502428731;7,245998133;23,56627438;USD million
01/09/00;ZWE;Zimbabwe;10,78293438;13,80091399;5,107800337;6,651536625;-4,561715905;USD million
01/10/00;ZWE;Zimbabwe;9,975263698;9,599374008;7,121060285;9,458452123;-1,961502148;USD million
01/11/00;ZWE;Zimbabwe;19,5925896;28,31596274;9,414859682;7,221490869;-6,530004332;USD million
01/12/00;ZWE;Zimbabwe;13,2054183;7,178845982;8,466367615;4,689808134;9,803131794;USD million
01/01/01;ZWE;Zimbabwe;10,65523233;7,659886411;16,20842657;10,4904519;8,713320588;USD million
01/02/01;ZWE;Zimbabwe;17,04113531;8,606791151;23,50359799;6,5326533;25,40528885;USD million
01/03/01;ZWE;Zimbabwe;12,69789086;14,60859297;6,399629986;10,68989759;-6,200969723;USD million
01/04/01;ZWE;Zimbabwe;7,72728808;19,27219525;13,90707102;11,593888;-9,231724146;USD million
01/05/01;ZWE;Zimbabwe;7,06211668;15,76797433;17,5677614;3,406858744;5,45504501;USD million
01/06/01;ZWE;Zimbabwe;16,70066869;8,75490941;8,217845856;7,716104314;8,447500819;USD million
01/07/01;ZWE;Zimbabwe;25,28300993;10,56767364;12,54087754;38,98160387;-11,72539004;USD million
01/08/01;ZWE;Zimbabwe;31,01317996;11,90009849;16,50604159;10,88775003;24,73137303;USD million
01/09/01;ZWE;Zimbabwe;14,36560972;6,350516222;18,7612716;4,217517476;22,55884762;USD million
01/10/01;ZWE;Zimbabwe;20,55648265;11,34853666;3,944372323;6,779653238;6,372665074;USD million
01/11/01;ZWE;Zimbabwe;21,50884291;29,02010036;3,747840604;9,133061114;-12,89647795;USD million
01/12/01;ZWE;Zimbabwe;20,46303717;19,01892566;2,306215828;8,876100513;-5,12577318;USD million
01/01/02;ZWE;Zimbabwe;13,81620309;13,87657227;11,92980778;4,293689354;7,575749254;USD million
01/02/02;ZWE;Zimbabwe;8,484619389;7,586136381;10,21167433;13,77380986;-2,663652528;USD million
01/03/02;ZWE;Zimbabwe;17,84936471;17,85474881;12,91991255;20,96597768;-8,051449234;USD million
01/04/02;ZWE;Zimbabwe;9,700591806;5,568688415;5,648434657;6,075802697;3,704535351;USD million
01/05/02;ZWE;Zimbabwe;21,96478562;10,69886223;7,09494146;4,626437493;13,73442736;USD million
01/06/02;ZWE;Zimbabwe;21,56598805;13,46510562;9,276267077;4,486262474;12,89088704;USD million
01/07/02;ZWE;Zimbabwe;20,71390453;7,734229484;5,036063893;15,7932863;2,222452641;USD million
01/08/02;ZWE;Zimbabwe;14,76141892;4,960741316;13,34243313;6,756547973;16,38656276;USD million
01/09/02;ZWE;Zimbabwe;16,92593114;14,34830156;12,08327431;7,144357011;7,516546886;USD million
01/10/02;ZWE;Zimbabwe;5,921448454;14,84515599;5,367283624;5,685892487;-9,242316399;USD million
01/11/02;ZWE;Zimbabwe;4,784228049;13,5604844;22,08297073;18,74703806;-5,44032368;USD million
01/12/02;ZWE;Zimbabwe;18,66756276;17,82271104;13,23101477;6,808977156;7,26688934;USD million
01/01/03;ZWE;Zimbabwe;16,46755584;27,63017123;17,57670572;14,15560644;-7,741516104;USD million
01/02/03;ZWE;Zimbabwe;9,245425922;13,82771722;2,753833543;4,345865948;-6,174323702;USD million
01/03/03;ZWE;Zimbabwe;9,598260219;16,16405867;18,16411898;3,892188823;7,706131708;USD million
01/04/03;ZWE;Zimbabwe;18,05068064;9,744045681;13,21372408;7,194815553;14,32554348;USD million
01/05/03;ZWE;Zimbabwe;18,07281465;8,606391919;10,4031655;24,11085546;-4,241267233;USD million
01/06/03;ZWE;Zimbabwe;32,37522725;7,703747676;14,2979188;5,39540324;33,57399514;USD million
01/07/03;ZWE;Zimbabwe;17,03434789;10,68078956;3,612234584;16,23089393;-6,265101017;USD million
01/08/03;ZWE;Zimbabwe;25,98174443;15,90253931;31,80865743;10,09202224;31,79584031;USD million
01/09/03;ZWE;Zimbabwe;26,63031287;15,91850707;10,33631245;6,242216137;14,80590212;USD million
01/10/03;ZWE;Zimbabwe;15,1152927;12,00191035;6,455015655;13,06640098;-3,498002975;USD million
01/11/03;ZWE;Zimbabwe;12,28907375;13,10129846;33,60539319;9,142848497;23,65031998;USD million
01/12/03;ZWE;Zimbabwe;15,02538334;15,44924667;5,987113629;7,887620932;-2,324370631;USD million
01/01/04;ZWE;Zimbabwe;32,71166223;7,269924913;5,65600917;13,28297988;17,81476661;USD million
01/02/04;ZWE;Zimbabwe;17,79603804;11,35320504;17,48836587;8,937414722;14,99378414;USD million
01/03/04;ZWE;Zimbabwe;13,29799831;7,723445727;8,612444478;8,05442697;6,132570088;USD million
01/04/04;ZWE;Zimbabwe;8,386363895;20,91202252;8,11679256;11,29792947;-15,70679553;USD million
01/05/04;ZWE;Zimbabwe;12,86255373;21,44686157;12,7602482;4,612789164;-0,436848808;USD million
01/06/04;ZWE;Zimbabwe;12,52417774;13,66232056;2,120509306;6,085517647;-5,103151164;USD million
01/07/04;ZWE;Zimbabwe;15,29922814;36,22617534;11,17960885;5,773734265;-15,52107262;USD million
01/08/04;ZWE;Zimbabwe;9,339774218;5,137848786;10,46364651;14,27034543;0,395226512;USD million
01/09/04;ZWE;Zimbabwe;28,44929331;7,572355341;7,562802801;6,05007469;22,38966608;USD million
01/10/04;ZWE;Zimbabwe;20,39944225;13,92038085;10,4315532;4,471574673;12,43903993;USD million
01/11/04;ZWE;Zimbabwe;13,82796949;10,15508054;7,534295861;5,237542313;5,969642506;USD million
01/12/04;ZWE;Zimbabwe;9,330744748;10,27917997;11,1675718;9,474685567;0,744451015;USD million
01/01/05;ZWE;Zimbabwe;17,69345263;17,54529317;21,77576152;4,884617521;17,03930345;USD million
01/02/05;ZWE;Zimbabwe;9,588377756;4,199159407;6,254312688;5,313854154;6,329676883;USD million
01/03/05;ZWE;Zimbabwe;31,92998495;13,96758783;6,649684386;16,63496183;7,977119674;USD million
01/04/05;ZWE;Zimbabwe;8,111707685;5,736040496;19,70425826;12,95599929;9,12392616;USD million
01/05/05;ZWE;Zimbabwe;7,348187466;7,107239359;8,875427802;13,08346502;-3,967089113;USD million
01/06/05;ZWE;Zimbabwe;8,391409723;14,75799651;9,681988455;7,178590388;-3,863188724;USD million
01/07/05;ZWE;Zimbabwe;18,76545265;22,24342995;5,747261935;6,460484192;-4,19119956;USD million
01/08/05;ZWE;Zimbabwe;28,09337375;33,20241684;8,823969719;6,121053605;-2,40612698;USD million
01/09/05;ZWE;Zimbabwe;29,98795154;16,64805054;3,061959504;10,72664372;5,675216777;USD million
01/10/05;ZWE;Zimbabwe;6,883167103;17,85855423;19,80927384;7,92463794;0,909248766;USD million
01/11/05;ZWE;Zimbabwe;12,1524216;10,36550701;11,07887115;12,63544243;0,23034331;USD million
01/12/05;ZWE;Zimbabwe;9,805303185;3,989214361;5,080875748;13,26844362;-2,371479051;USD million
01/01/06;ZWE;Zimbabwe;10,23108515;25,93916896;8,32640818;12,50779037;-19,88946599;USD million
01/02/06;ZWE;Zimbabwe;9,844728675;6,213514009;14,66238781;16,38385738;1,909745096;USD million
01/03/06;ZWE;Zimbabwe;34,08734956;14,24900651;5,711132496;13,99772953;11,55174601;USD million
01/04/06;ZWE;Zimbabwe;25,18741714;3,416780136;13,92698004;7,665169593;28,03244745;USD million
01/05/06;ZWE;Zimbabwe;8,527375442;10,91497901;10,18792997;9,11094943;-1,310623025;USD million
01/06/06;ZWE;Zimbabwe;33,60852464;16,76042057;6,951745818;4,786391147;19,01345874;USD million
01/07/06;ZWE;Zimbabwe;3,674201813;25,49699488;10,61167108;13,68180837;-24,89293035;USD million
01/08/06;ZWE;Zimbabwe;27,98727954;12,36263651;9,041889881;7,836816397;16,82971652;USD million
01/09/06;ZWE;Zimbabwe;10,43454074;13,46600512;17,39022989;8,265393778;6,093371734;USD million
01/10/06;ZWE;Zimbabwe;19,03189273;11,84389951;10,95921452;3,436429972;14,71077777;USD million
01/11/06;ZWE;Zimbabwe;13,33128485;16,35811181;4,503631017;8,200759069;-6,723955012;USD million
01/12/06;ZWE;Zimbabwe;17,69557254;19,57591699;6,422722716;12,3419014;-7,799523144;USD million
01/01/07;ZWE;Zimbabwe;10,63347418;20,84744756;22,45390634;6,198194257;6,041738703;USD million
01/02/07;ZWE;Zimbabwe;15,17333275;7,041778538;8,015001994;12,80872464;3,337831557;USD million
01/03/07;ZWE;Zimbabwe;19,39922099;11,30262151;11,07651067;5,588182763;13,58492739;USD million
01/04/07;ZWE;Zimbabwe;44,10041779;14,42157461;8,694101521;4,451036678;33,92190802;USD million
01/05/07;ZWE;Zimbabwe;31,85226108;5,633266218;7,031627155;4,484088215;28,76653381;USD million
01/06/07;ZWE;Zimbabwe;32,66410424;9,138812176;6,57696704;9,199615384;20,90264372;USD million
01/07/07;ZWE;Zimbabwe;14,03022759;19,10871375;10,9868907;13,81500792;-7,906603378;USD million
01/08/07;ZWE;Zimbabwe;11,23884315;6,617026214;14,31582729;9,128993752;9,808650482;USD million
01/09/07;ZWE;Zimbabwe;15,78171452;7,166728443;18,03168574;21,25884878;5,387823036;USD million
01/10/07;ZWE;Zimbabwe;7,110765381;14,01951208;2,025027686;4,221239373;-9,104958382;USD million
01/11/07;ZWE;Zimbabwe;10,71160779;19,65961782;12,4149973;6,662684749;-3,19569747;USD million
01/12/07;ZWE;Zimbabwe;14,62931992;15,38324282;6,902538167;10,0953556;-3,946740334;USD million
01/01/08;ZWE;Zimbabwe;5,276418018;12,2120615;9,318304267;8,447057665;-6,064396879;USD million
01/02/08;ZWE;Zimbabwe;12,17244835;9,028536138;16,96312642;15,97091445;4,136124183;USD million
01/03/08;ZWE;Zimbabwe;25,47290512;5,295238931;19,56236192;10,87187733;28,86815078;USD million
01/04/08;ZWE;Zimbabwe;21,04560046;2,646881157;9,500252275;16,81636121;11,08261036;USD million
01/05/08;ZWE;Zimbabwe;12,04135755;6,519926952;12,07423785;6,363577525;11,23209092;USD million
01/06/08;ZWE;Zimbabwe;18,92173851;7,352383562;20,1751149;16,19137452;15,55309532;USD million
01/07/08;ZWE;Zimbabwe;6,533626826;32,90131531;9,786831881;12,50200803;-29,08286463;USD million
01/08/08;ZWE;Zimbabwe;17,74707197;7,582943433;4,561321725;9,120115487;5,605334778;USD million
01/09/08;ZWE;Zimbabwe;7,511132418;5,602555848;8,62233359;19,03479223;-8,503882066;USD million
01/10/08;ZWE;Zimbabwe;6,566420133;6,62997656;6,5494269;3,627276335;2,858594137;USD million
01/11/08;ZWE;Zimbabwe;9,936350527;6,606725569;6,993012081;3,007507739;7,3151293;USD million
01/12/08;ZWE;Zimbabwe;7,411794314;32,40729703;7,125996447;3,398232291;-21,26773856;USD million
01/01/09;ZWE;Zimbabwe;11,93621821;9,027911129;10,1470767;8,297379632;4,75800415;USD million
01/02/09;ZWE;Zimbabwe;19,73203769;6,599447523;10,11674524;4,096404592;19,15293081;USD million
01/03/09;ZWE;Zimbabwe;27,22074265;5,441524761;10,98542138;6,16627623;26,59836304;USD million
01/04/09;ZWE;Zimbabwe;15,48901351;26,04305221;7,344634392;12,99312059;-16,2025249;USD million
01/05/09;ZWE;Zimbabwe;9,695426208;8,399153559;9,094488854;15,9292063;-5,538444799;USD million
01/06/09;ZWE;Zimbabwe;11,67616617;9,439556714;15,16056957;7,536037396;9,861141639;USD million
01/07/09;ZWE;Zimbabwe;14,56990252;24,68576204;11,21358982;11,2226904;-10,12496011;USD million
01/08/09;ZWE;Zimbabwe;6,377492585;13,6237626;3,890787278;6,692036829;-10,04751956;USD million
01/09/09;ZWE;Zimbabwe;13,8495024;10,76343589;5,910983922;9,598485863;-0,601435432;USD million
01/10/09;ZWE;Zimbabwe;28,06537998;15,80900532;9,756574618;5,388520448;16,62442883;USD million
01/11/09;ZWE;Zimbabwe;20,17895295;11,14683968;6,362093525;7,078694324;8,315512469;USD million
01/12/09;ZWE;Zimbabwe;10,95680348;9,329590696;17,02109478;7,276740331;11,37156724;USD million
01/01/10;ZWE;Zimbabwe;22,18721605;14,15339728;13,58069999;7,47406425;14,14045451;USD million
01/02/10;ZWE;Zimbabwe;12,29630443;9,792590896;10,39697896;29,52631931;-16,62562682;USD million
01/03/10;ZWE;Zimbabwe;8,721109567;13,44619306;3,959397811;4,655536517;-5,421222196;USD million
01/04/10;ZWE;Zimbabwe;9,557785145;23,12004738;7,849237682;9,673731217;-15,38675577;USD million
01/05/10;ZWE;Zimbabwe;6,473183364;35,81014162;11,9624142;23,06900739;-40,44355145;USD million
01/06/10;ZWE;Zimbabwe;5,252702614;6,210508315;16,44583502;20,39203331;-4,904003992;USD million
01/07/10;ZWE;Zimbabwe;25,85486202;5,964276883;12,48208165;7,346506783;25,02616;USD million
01/08/10;ZWE;Zimbabwe;21,76072391;20,35076508;11,55844967;5,354055598;7,614352911;USD million
01/09/10;ZWE;Zimbabwe;17,9351065;14,58572428;4,370345852;11,30806738;-3,588339311;USD million
01/10/10;ZWE;Zimbabwe;5,152092068;11,28120633;28,08907091;11,33721417;10,62274248;USD million
01/11/10;ZWE;Zimbabwe;10,39955906;6,978348728;10,96965445;9,092832104;5,298032679;USD million
01/12/10;ZWE;Zimbabwe;4,677737396;16,16833321;4,604222811;3,854619556;-10,74099256;USD million
01/01/11;ZWE;Zimbabwe;18,9779189;9,921676959;17,84364109;26,36385956;0,536023483;USD million
01/02/11;ZWE;Zimbabwe;14,29007308;14,63058898;16,85874225;5,928849653;10,58937669;USD million
01/03/11;ZWE;Zimbabwe;38,2157953;14,86001231;9,816354495;6,774612196;26,39752529;USD million
01/04/11;ZWE;Zimbabwe;12,93931205;18,10961891;9,406594015;12,34196763;-8,105680472;USD million
01/05/11;ZWE;Zimbabwe;13,63079957;14,28275913;19,44388541;10,70779391;8,084131945;USD million
01/06/11;ZWE;Zimbabwe;23,99362436;7,851623583;23,0787979;5,304428442;33,91637023;USD million
01/07/11;ZWE;Zimbabwe;19,10923246;17,81970741;13,06393261;11,91976918;2,43368849;USD million
01/08/11;ZWE;Zimbabwe;11,68459888;14,9180795;12,79127266;27,32292757;-17,76513553;USD million
01/09/11;ZWE;Zimbabwe;17,15460587;5,51389512;11,18655114;6,703569479;16,12369241;USD million
01/10/11;ZWE;Zimbabwe;26,08151688;22,57213415;11,84817331;8,034481444;7,323074594;USD million
01/11/11;ZWE;Zimbabwe;7,704271198;5,550269139;10,9659612;4,61762976;8,502333497;USD million
01/12/11;ZWE;Zimbabwe;11,1431302;13,54703872;5,941345202;5,893934416;-2,356497735;USD million
01/01/12;ZWE;Zimbabwe;14,7944811;8,763069262;15,11715584;6,39780526;14,75076242;USD million
01/02/12;ZWE;Zimbabwe;27,60790699;5,205393997;8,717215861;3,951091146;27,16863771;USD million
01/03/12;ZWE;Zimbabwe;29,60813363;10,88115694;6,256701297;6,823439442;18,16023855;USD million
01/04/12;ZWE;Zimbabwe;10,41506533;14,13521847;7,362000197;16,00502315;-12,3631761;USD million
01/05/12;ZWE;Zimbabwe;10,02105459;11,67028526;4,963544555;5,901511453;-2,58719757;USD million
01/06/12;ZWE;Zimbabwe;15,44586109;11,30592779;16,45548172;4,549123915;16,0462911;USD million
01/07/12;ZWE;Zimbabwe;19,92961754;13,68666955;5,630751048;9,149361935;2,7243371;USD million
01/08/12;ZWE;Zimbabwe;23,62425625;11,84785965;9,100607287;4,644630808;16,23237308;USD million
01/09/12;ZWE;Zimbabwe;27,77728937;30,30729095;5,905893822;11,15396907;-7,778076831;USD million
01/10/12;ZWE;Zimbabwe;12,30937114;22,71644836;8,978667508;9,31943587;-10,74784558;USD million
01/11/12;ZWE;Zimbabwe;13,2500216;22,83179037;8,110499434;9,803287553;-11,27455689;USD million
01/12/12;ZWE;Zimbabwe;6,273522822;17,32208283;6,168687223;7,908516189;-12,78838898;USD million
01/01/13;ZWE;Zimbabwe;21,01963702;11,90158615;11,77994676;24,66952926;-3,771531637;USD million
01/02/13;ZWE;Zimbabwe;10,94639675;6,859654;13,48293428;10,7217404;6,847936629;USD million
01/03/13;ZWE;Zimbabwe;9,076178093;11,14122954;9,871748596;4,306313556;3,500383595;USD million
01/04/13;ZWE;Zimbabwe;23,53137447;29,88059465;5,588574529;4,912863226;-5,673508876;USD million
01/05/13;ZWE;Zimbabwe;32,08778108;23,53143169;12,51419369;11,72845744;9,342085644;USD million
01/06/13;ZWE;Zimbabwe;11,67504242;20,9557807;8,006093749;13,80663013;-15,08127465;USD million
01/07/13;ZWE;Zimbabwe;8,330884742;9,520983393;14,70163512;7,222960625;6,288575847;USD million
01/08/13;ZWE;Zimbabwe;20,70035191;9,826736494;17,58014507;12,2715544;16,18220608;USD million
01/09/13;ZWE;Zimbabwe;72,89904022;7,27285422;6,983706648;8,604836035;64,00505661;USD million
01/10/13;ZWE;Zimbabwe;14,4493704;13,37528347;25,30392951;11,75288009;14,62513635;USD million
01/11/13;ZWE;Zimbabwe;30,93803221;14,3312278;9,579012175;6,110821097;20,07499549;USD million
01/12/13;ZWE;Zimbabwe;35,92978401;4,009249996;6,480856513;8,699897725;29,7014928;USD million
01/01/14;ZWE;Zimbabwe;52,33597499;21,61447787;20,85595507;9,886328559;41,69112363;USD million
01/02/14;ZWE;Zimbabwe;9,432595654;17,95844885;6,419228799;13,52051648;-15,62714088;USD million
01/03/14;ZWE;Zimbabwe;12,06916282;12,22708439;6,04916706;16,9330227;-11,04177721;USD million
01/04/14;ZWE;Zimbabwe;9,023772053;15,35637014;9,78086096;11,98548205;-8,537219184;USD million
01/05/14;ZWE;Zimbabwe;18,0157651;28,34784763;7,618731647;12,46629314;-15,17964402;USD million
01/06/14;ZWE;Zimbabwe;21,74763934;18,19005987;10,53223399;5,180363155;8,90945031;USD million
01/07/14;ZWE;Zimbabwe;53,01493723;7,006596725;10,48912171;7,802649119;48,6948131;USD million
01/08/14;ZWE;Zimbabwe;24,49958525;8,553984399;11,19484323;11,06994665;16,07049743;USD million
01/09/14;ZWE;Zimbabwe;24,19289715;10,82822397;9,339986114;7,226010116;15,47864917;USD million
01/10/14;ZWE;Zimbabwe;14,72659411;8,225168007;12,41486908;9,228929387;9,687365797;USD million
01/11/14;ZWE;Zimbabwe;13,53649263;14,63403946;14,19474591;17,95222182;-4,855022748;USD million
01/12/14;ZWE;Zimbabwe;15,41493112;8,352658633;17,75872014;11,6222842;13,19870842;USD million
01/01/15;ZWE;Zimbabwe;18,53540727;6,001592195;20,2515172;14,33410895;18,45122332;USD million
01/02/15;ZWE;Zimbabwe;16,1446983;20,67489956;10,79936062;7,463291667;-1,19413231;USD million
01/03/15;ZWE;Zimbabwe;20,83580368;10,69268604;13,62366619;7,275608783;16,49117505;USD million
01/04/15;ZWE;Zimbabwe;8,786777039;9,347522505;8,054015981;7,923668983;-0,430398469;USD million
01/05/15;ZWE;Zimbabwe;26,94051573;8,474762153;11,54661165;13,55610692;16,45625831;USD million
01/06/15;ZWE;Zimbabwe;8,505088425;22,38324269;19,60847535;11,73753601;-6,007214924;USD million
01/07/15;ZWE;Zimbabwe;8,995238653;15,44370905;9,457422282;4,82243856;-1,813486676;USD million
01/08/15;ZWE;Zimbabwe;15,62564714;15,05147732;9,109847825;4,105643651;5,578373995;USD million
01/09/15;ZWE;Zimbabwe;9,248547284;17,35904085;14,28586479;10,60787545;-4,432504224;USD million
01/10/15;ZWE;Zimbabwe;12,72176464;15,35358796;10,81245602;9,537612177;-1,356979471;USD million
01/11/15;ZWE;Zimbabwe;11,50517364;9,547926597;7,467921672;13,9931445;-4,567975783;USD million
01/12/15;ZWE;Zimbabwe;12,31885143;3,579572753;5,088635124;13,37996811;0,44794569;USD million
01/01/16;ZWE;Zimbabwe;15,556455;20,06939031;6,615321324;32,51423636;-30,41185034;USD million
01/02/16;ZWE;Zimbabwe;8,388320526;10,08488256;11,19339305;6,628727208;2,868103816;USD million
01/03/16;ZWE;Zimbabwe;15,24084314;9,419396856;13,45118138;16,41914774;2,853479922;USD million
01/04/16;ZWE;Zimbabwe;18,6702387;19,28938781;3,465008414;5,856233476;-3,01037417;USD million
01/05/16;ZWE;Zimbabwe;8,780382161;21,90018031;8,142239915;4,438782577;-9,41634081;USD million
01/06/16;ZWE;Zimbabwe;17,57027671;6,676270757;5,848919618;7,995939997;8,746985577;USD million
01/07/16;ZWE;Zimbabwe;20,31274301;9,381000259;7,083245083;5,086844557;12,92814327;USD million
01/08/16;ZWE;Zimbabwe;14,75108667;7,028762902;21,35933508;7,389369502;21,69228935;USD million
01/09/16;ZWE;Zimbabwe;20,09637633;14,64210746;19,67417585;16,18375128;8,944693451;USD million
01/10/16;ZWE;Zimbabwe;10,27177691;7,928472122;9,017158714;5,492932707;5,867530794;USD million
01/11/16;ZWE;Zimbabwe;8,530155865;17,25799699;20,32285947;10,14967849;1,445339861;USD million
01/12/16;ZWE;Zimbabwe;17,09354747;21,39394745;21,47270675;5,292894916;11,87941185;USD million
01/01/17;ZWE;Zimbabwe;21,92911694;13,78904408;19,81180699;7,144619623;20,80726023;USD million
01/02/17;ZWE;Zimbabwe;7,934061078;10,88393648;16,81341295;3,48429603;10,37924152;USD million
01/03/17;ZWE;Zimbabwe;27,44318316;3,710032635;5,163597509;17,15688764;11,73986039;USD million
01/04/17;ZWE;Zimbabwe;16,34036897;9,053463145;7,458983765;11,07433089;3,671558697;USD million
01/05/17;ZWE;Zimbabwe;20,27499371;9,878780463;11,51860448;4,702335821;17,21248191;USD million
01/06/17;ZWE;Zimbabwe;42,25881504;14,84249802;15,85185021;15,35878794;27,9093793;USD million
01/07/17;ZWE;Zimbabwe;10,23600993;8,546447506;7,451301353;21,15656264;-12,01569886;USD million
01/08/17;ZWE;Zimbabwe;8,863637658;13,85824576;13,12906868;10,57001989;-2,435559321;USD million
01/09/17;ZWE;Zimbabwe;14,82465511;7,732019968;10,79032078;9,679718969;8,203236952;USD million
01/10/17;ZWE;Zimbabwe;13,81648409;20,09898593;8,047628142;5,096772367;-3,331646059;USD million
01/11/17;ZWE;Zimbabwe;15,26235095;13,14080057;10,22343452;10,0921148;2,252870092;USD million
01/12/17;ZWE;Zimbabwe;7,943280248;15,14213219;17,98349929;9,71591082;1,068736531;USD million
01/01/18;ZWE;Zimbabwe;14,31175644;18,74977097;9,370172397;7,895002509;-2,962844643;USD million
01/02/18;ZWE;Zimbabwe;40,8979369;10,7503864;6,000124067;7,730353712;28,41732086;USD million
01/03/18;ZWE;Zimbabwe;11,61446408;19,81324556;16,3348498;10,55761274;-2,421544423;USD million
01/04/18;ZWE;Zimbabwe;8,338801478;14,82253343;11,03256318;6,184170498;-1,635339273;USD million
01/05/18;ZWE;Zimbabwe;29,74941982;14,63811105;4,550044248;18,90557081;0,755782209;USD million
01/06/18;ZWE;Zimbabwe;21,38400962;13,84083073;6,563789483;15,90032967;-1,793361295;USD million
01/07/18;ZWE;Zimbabwe;23,66111132;11,01833942;3,727567721;10,9650169;5,405322726;USD million
01/08/18;ZWE;Zimbabwe;23,20952735;8,236982949;5,644850097;6,78039755;13,83699695;USD million
01/09/18;ZWE;Zimbabwe;15,12959331;6,08046892;7,465695058;11,06237947;5,452439973;USD million
01/10/18;ZWE;Zimbabwe;25,83678715;15,39265472;6,666149526;4,494595662;12,6156863;USD million
01/11/18;ZWE;Zimbabwe;11,01586079;12,67496;5,024581397;21,05671046;-17,69122828;USD million
01/12/18;ZWE;Zimbabwe;13,33543463;13,44922139;10,80472378;4,881875841;5,809061178;USD million
01/01/19;ZWE;Zimbabwe;12,04233908;6,611092981;5,141889454;10,97017349;-0,397037938;USD million
01/02/19;ZWE;Zimbabwe;12,31285655;7,371528968;13,13011082;5,925966053;12,14547235;USD million
01/03/19;ZWE;Zimbabwe;25,25294353;20,10358137;5,326344571;11,06929238;-0,593585653;USD million
01/04/19;ZWE;Zimbabwe;30,1269413;15,17319086;6,14872913;11,8572108;9,245268766;USD million
01/05/19;ZWE;Zimbabwe;8,588487442;13,2290539;9,226645483;8,569837075;-3,983758048;USD million
01/06/19;ZWE;Zimbabwe;7,25949409;13,5013929;9,383066561;11,7395193;-8,598351552;USD million
01/07/19;ZWE;Zimbabwe;16,0559215;11,74436175;14,88300506;5,356639235;13,83792557;USD million
01/08/19;ZWE;Zimbabwe;16,37603431;13,92861608;8,925949268;6,906874369;4,466493125;USD million
01/09/19;ZWE;Zimbabwe;17,37001603;12,92182422;4,915023406;7,349508084;2,013707129;USD million
01/10/19;ZWE;Zimbabwe;26,52920504;5,931226205;4,142014042;7,733512515;17,00648036;USD million
01/11/19;ZWE;Zimbabwe;29,92603172;10,87255556;7,156681234;8,379130503;17,83102689;USD million
01/12/19;ZWE;Zimbabwe;32,91084081;2,738529447;10,98237384;23,45293226;17,70175295;USD million
01/01/20;ZWE;Zimbabwe;6,076822081;9,145413759;10,28400649;16,94726098;-9,731846167;USD million
01/02/20;ZWE;Zimbabwe;9,107887033;14,13918847;4,287629543;8,610147645;-9,353819535;USD million
01/03/20;ZWE;Zimbabwe;19,04871908;8,082504881;4,008546948;8,271425479;6,703335666;USD million
01/04/20;ZWE;Zimbabwe;10,61416908;17,9937203;5,793631337;12,07480951;-13,66072939;USD million
01/05/20;ZWE;Zimbabwe;29,52903994;10,319551;11,72973178;13,9123244;17,02689632;USD million
01/06/20;ZWE;Zimbabwe;16,43509359;5,754867944;3,119119956;10,00244464;3,796900968;USD million
01/07/20;ZWE;Zimbabwe;10,22540639;10,55243077;7,889948109;4,536202366;3,026721362;USD million
01/08/20;ZWE;Zimbabwe;22,99375774;7,59664646;6,993837144;11,87938496;10,51156347;USD million
01/09/20;ZWE;Zimbabwe;10,28858413;5,215742885;12,06111955;6,914124045;10,21983675;USD million
01/10/20;ZWE;Zimbabwe;18,9920552;6,09619559;8,317133375;15,23568651;5,977306479;USD million
01/11/20;ZWE;Zimbabwe;31,92555662;14,96425205;23,24018849;10,5413345;29,66015856;USD million
01/12/20;ZWE;Zimbabwe;25,12215697;7,953527996;12,81701915;4,603629146;25,38201898;USD million
01/01/21;ZWE;Zimbabwe;13,34331666;6,112009802;4,155057327;5,937906087;5,448458093;USD million
01/02/21;ZWE;Zimbabwe;25,55160147;15,3229968;19,97862183;14,46564115;15,74158535;USD million
01/03/21;ZWE;Zimbabwe;10,84688329;13,18865683;14,31146398;20,15873494;-8,189044505;USD million
01/04/21;ZWE;Zimbabwe;20,03391874;6,581922489;7,801770706;25,00308871;-3,749321756;USD million
01/05/21;ZWE;Zimbabwe;11,78208019;22,2426537;5,942049468;6,912221434;-11,43074547;USD million
01/06/21;ZWE;Zimbabwe;13,96322137;5,108799621;17,58788119;21,51547684;4,926826111;USD million
01/07/21;ZWE;Zimbabwe;24,90665069;26,78973719;4,976089874;13,60740493;-10,51440156;USD million
01/08/21;ZWE;Zimbabwe;16,1662437;15,4382118;6,279382531;7,51947693;-0,512062498;USD million
01/09/21;ZWE;Zimbabwe;7,475676012;19,98206582;8,607219549;10,82989789;-14,72906815;USD million
01/10/21;ZWE;Zimbabwe;12,66686929;25,1363028;16,97306153;11,63804076;-7,134412736;USD million
01/11/21;ZWE;Zimbabwe;16,70410284;9,454570897;7,56059359;16,72237801;-1,912252483;USD million
01/12/21;ZWE;Zimbabwe;8,45014951;8,694680653;7,096219916;13,42715305;-6,575464281;USD million
01/01/22;ZWE;Zimbabwe;15,63995887;6,302187776;15,95088259;11,53945786;13,74919583;USD million
01/02/22;ZWE;Zimbabwe;21,43692592;7,136855831;14,864331;11,21584628;17,9485548;USD million
01/03/22;ZWE;Zimbabwe;11,4896561;15,10971049;19,05115837;8,495344477;6,935759509;USD million
01/04/22;ZWE;Zimbabwe;28,20282818;11,6788073;12,90991421;13,9158637;15,51807138;USD million
01/05/22;ZWE;Zimbabwe;15,39881511;17,69570139;8,720578492;41,43619339;-35,01250118;USD million
01/06/22;ZWE;Zimbabwe;13,70660311;13,84218503;14,05119918;8,216259649;5,699357612;USD million
01/07/22;ZWE;Zimbabwe;15,20177;17,05134824;6,533192602;11,39999029;-6,716375934;USD million
01/08/22;ZWE;Zimbabwe;13,90974589;12,01172129;9,485591729;12,11315303;-0,729536698;USD million
01/09/22;ZWE;Zimbabwe;16,57653091;8,069943165;2,876084364;17,25592014;-5,87324803;USD million
01/10/22;ZWE;Zimbabwe;17,72148585;14,23877944;14,21432653;8,523432776;9,173600159;USD million
01/11/22;ZWE;Zimbabwe;18,51527956;9,491601347;5,227689308;4,350607082;9,900760443;USD million
01/12/22;ZWE;Zimbabwe;9,977669009;32,04292857;7,322190621;6,077761152;-20,82083009;USD million
01/01/23;ZWE;Zimbabwe;7,443741432;11,98857485;9,247794145;9,781513789;-5,07855306;USD million
01/02/23;ZWE;Zimbabwe;21,03359945;7,30616323;7,250668978;7,273007897;13,7050973;USD million
01/03/23;ZWE;Zimbabwe;7,198480889;7,824238937;11,56447192;9,364254454;1,574459416;USD million
01/04/23;ZWE;Zimbabwe;19,1642917;13,34372969;11,85959197;2,877736395;14,80241759;USD million
01/05/23;ZWE;Zimbabwe;5,604968831;15,49345224;9,66303112;7,954441596;-8,179893886;USD million
01/06/23;ZWE;Zimbabwe;20,20818139;17,38583536;9,660370594;13,18634459;-0,703627964;USD million
01/07/23;ZWE;Zimbabwe;17,9279816;6,248310364;47,98621147;6,578678196;53,08720451;USD million
01/08/23;ZWE;Zimbabwe;9,784352114;10,90759951;9,306379076;6,995618394;1,187513291;USD million
01/09/23;ZWE;Zimbabwe;19,7148699;8,348456964;12,88229695;6,725698209;17,52301168;USD million
01/10/23;ZWE;Zimbabwe;12,95555922;8,329080986;9,892720385;9,067307911;5,451890711;USD million
01/11/23;ZWE;Zimbabwe;13,95408284;6,585778661;13,41003171;10,52539393;10,25294196;USD million
01/12/23;ZWE;Zimbabwe;11,33336117;11,40231725;12,599547;9,043011217;3,487579705;USD million
01/01/24;ZWE;Zimbabwe;5,898863266;13,04653023;11,63103156;5,504045444;-1,020680846;USD million
01/02/24;ZWE;Zimbabwe;6,721648892;7,889672692;20,37709769;6,721826499;12,48724739;USD million
01/03/24;ZWE;Zimbabwe;8,549257868;8,047601085;5,930127934;9,054869867;-2,62308515;USD million
01/04/24;ZWE;Zimbabwe;15,46642028;18,76009603;12,84225583;14,35698109;-4,808401009;USD million
01/05/24;ZWE;Zimbabwe;10,14525851;17,35235772;15,12408866;15,11708431;-7,200094861;USD million
01/06/24;ZWE;Zimbabwe;16,04884389;12,33617152;17,59525079;9,367544658;11,94037851;USD million
01/07/24;ZWE;Zimbabwe;11,92388495;10,50742028;3,444158315;4,562767618;0,297855373;USD million
01/08/24;ZWE;Zimbabwe;17,59384812;24,98492013;8,432956102;10,81524832;-9,773364225;USD million
01/09/24;ZWE;Zimbabwe;5,984530908;8,675700989;18,84498129;12,73935621;3,414455001;USD million
01/10/24;ZWE;Zimbabwe;6,109629806;6,314636133;6,415475154;6,487668488;-0,27719966;USD million
01/11/24;ZWE;Zimbabwe;13,28926614;13,16969647;14,24124748;6,456329325;7,904487829;USD million
01/12/24;ZWE;Zimbabwe;17,41745967;11,56931682;13,33643503;6,182240365;13,00233751;USD million
01/01/25;ZWE;Zimbabwe;15,97795549;7,280567181;4,811429775;5,559803063;7,949015019;USD million
01/02/25;ZWE;Zimbabwe;45,79525479;20,75051436;7,436526732;8,617719046;23,86354812;USD million
01/03/25;ZWE;Zimbabwe;7,289706901;10,64593532;5,431072279;6,613329283;-4,538485422;USD million
01/04/25;ZWE;Zimbabwe;28,20238846;7,415555143;5,57424163;12,06551739;14,29555756;USD million
01/05/25;ZWE;Zimbabwe;8,279525968;37,07988341;11,36431075;11,26468814;-28,70073482;USD million
01/06/25;ZWE;Zimbabwe;11,69982783;8,711539946;11,44540487;15,66655459;-1,232861842;USD million
01/07/25;ZWE;Zimbabwe;12,36773878;7,793039634;5,657424189;7,845470193;2,386653147;USD million
01/08/25;ZWE;Zimbabwe;10,91783437;5,614343963;6,780182221;3,272846745;8,810825886;USD million
01/09/25;ZWE;Zimbabwe;19,46036057;12,28799709;6,970074918;7,156316559;6,98612184;USD million
01/10/25;ZWE;Zimbabwe;9,123110371;14,94667714;2,16899916;4,986539513;-8,641107119;USD million
01/11/25;ZWE;Zimbabwe;23,63008801;11,80404346;17,79305026;15,32871802;14,2903768;USD million
01/12/25;ZWE;Zimbabwe;20,35082297;7,471839299;8,303467621;8,313333;12,86911829;USD million
01/01/26;ZWE;Zimbabwe;15,13968291;9,355886968;17,46557285;6,549431271;16,69993752;USD million
01/02/26;ZWE;Zimbabwe;11,54506321;8,638117929;15,17123642;13,35064094;4,727540767;USD million
01/03/26;ZWE;Zimbabwe;13,51689497;5,384265594;16,40635176;6,903089772;17,63589137;USD million
01/04/26;ZWE;Zimbabwe;9,465936627;10,94231454;9,851009056;5,0858989;3,288732241;USD million
01/05/26;ZWE;Zimbabwe;29,43002434;38,77477257;13,95953217;17,75035886;-13,13557493;USD million
01/06/26;ZWE;Zimbabwe;11,84326213;10,17459729;15,06223148;6,865514347;9,865381978;USD million
01/07/26;ZWE;Zimbabwe;7,766428041;11,36701615;18,34045095;7,761483053;6,978379785;USD million
01/08/26;ZWE;Zimbabwe;25,3209182;10,42549455;13,92593192;4,437853522;24,38350205;USD million
01/09/26;ZWE;Zimbabwe;4,694421423;12,73857046;5,602445721;20,55679055;-22,99849386;USD million