iso3;country;unit;period;equity_inflows;equity_outflows;debt_security_inflows;debt_security_outflows;net_portfolio;frequency;date
ZWE;Zimbabwe;USD million;1980;244,5429616;166,5088004;7,937953468;3,134050447;129,6041731;Annual;01/01/80
ZWE;Zimbabwe;USD million;1981;260,1602569;150,7094914;9,993545954;7,389010039;241,8854003;Annual;01/01/80
ZWE;Zimbabwe;USD million;1982;140,958647;132,8323747;6,661256026;15,82540258;20,14881597;Annual;01/01/80
ZWE;Zimbabwe;USD million;1983;160,8609543;117,812096;15,63736804;11,15855039;52,18406806;Annual;01/01/80
ZWE;Zimbabwe;USD million;1984;205,2282441;110,3227558;7,968743522;11,02378036;118,2102522;Annual;01/01/80
ZWE;Zimbabwe;USD million;1985;197,5687314;201,0271957;7,122648363;13,04209231;-13,49503579;Annual;01/01/80
ZWE;Zimbabwe;USD million;1986;245,2266618;172,1297427;4,841704532;5,334778098;76,88824736;Annual;01/01/80
ZWE;Zimbabwe;USD million;1987;228,7926748;140,7038227;5,730793905;13,1378037;172,7749245;Annual;01/01/80
ZWE;Zimbabwe;USD million;1988;221,5562241;137,6055939;11,31180541;3,389487001;118,9251058;Annual;01/01/80
ZWE;Zimbabwe;USD million;1989;188,0368156;146,4987219;9,700156573;16,73651052;69,9353917;Annual;01/01/80
ZWE;Zimbabwe;USD million;1990;260,6390199;148,9630343;17,22063827;7,162231853;104,3943574;Annual;01/01/80
ZWE;Zimbabwe;USD million;1991;216,7254996;143,0778925;9,205983166;9,682472053;87,46453446;Annual;01/01/80
ZWE;Zimbabwe;USD million;1992;197,5318681;197,6887557;4,124751795;6,327321659;13,84142885;Annual;01/01/80
ZWE;Zimbabwe;USD million;1993;204,4720587;158,2879906;9,679385552;7,21736857;105,0658794;Annual;01/01/80
ZWE;Zimbabwe;USD million;1994;234,2965732;136,0077702;9,287954176;18,43593661;95,52591372;Annual;01/01/80
ZWE;Zimbabwe;USD million;1995;194,5570586;160,1709826;8,567538912;2,584307763;75,33278342;Annual;01/01/80
ZWE;Zimbabwe;USD million;1996;184,0082784;171,7138402;4,536314936;10,4658505;82,11769249;Annual;01/01/80
ZWE;Zimbabwe;USD million;1997;265,3885848;199,1818029;7,147045586;3,890900011;93,19471361;Annual;01/01/80
ZWE;Zimbabwe;USD million;1998;181,9368335;137,2539576;12,55615118;10,45077994;34,42752146;Annual;01/01/80
ZWE;Zimbabwe;USD million;1999;261,3544029;157,4275467;9,043214019;11,93070397;77,65024577;Annual;01/01/80
ZWE;Zimbabwe;USD million;2000;200,7447775;188,3166132;8,466367615;4,689808134;47,76543457;Annual;01/01/80
ZWE;Zimbabwe;USD million;2001;205,0744943;162,8762006;2,306215828;8,876100513;56,50370593;Annual;01/01/80
ZWE;Zimbabwe;USD million;2002;175,1560465;142,3217375;13,23101477;6,808977156;45,90030878;Annual;01/01/80
ZWE;Zimbabwe;USD million;2003;215,8861195;166,7304238;5,987113629;7,887620932;95,61315108;Annual;01/01/80
ZWE;Zimbabwe;USD million;2004;194,2252461;165,6588012;11,1675718;9,474685567;44,11127877;Annual;01/01/80
ZWE;Zimbabwe;USD million;2005;188,75079;167,6204897;5,080875748;13,26844362;30,4857516;Annual;01/01/80
ZWE;Zimbabwe;USD million;2006;213,6412528;176,597434;6,422722716;12,3419014;37,5247658;Annual;01/01/80
ZWE;Zimbabwe;USD million;2007;227,3252894;150,3403417;6,902538167;10,0953556;97,59805715;Annual;01/01/80
ZWE;Zimbabwe;USD million;2008;150,6368642;134,785842;7,125996447;3,398232291;21,73224763;Annual;01/01/80
ZWE;Zimbabwe;USD million;2009;189,7476384;150,3090421;17,02109478;7,276740331;54,16706339;Annual;01/01/80
ZWE;Zimbabwe;USD million;2010;150,2683821;177,8615331;4,604222811;3,854619556;-34,40874952;Annual;01/01/80
ZWE;Zimbabwe;USD million;2011;214,9248788;159,5774039;5,941345202;5,893934416;85,6789029;Annual;01/01/80
ZWE;Zimbabwe;USD million;2012;211,0565814;180,6731934;6,168687223;7,908516189;37,54339801;Annual;01/01/80
ZWE;Zimbabwe;USD million;2013;291,5838733;162,6066121;6,480856513;8,699897725;146,0415539;Annual;01/01/80
ZWE;Zimbabwe;USD million;2014;268,0103474;171,2949599;17,75872014;11,6222842;98,48980384;Annual;01/01/80
ZWE;Zimbabwe;USD million;2015;170,1635132;153,9100197;5,088635124;13,37996811;37,62228451;Annual;01/01/80
ZWE;Zimbabwe;USD million;2016;175,2622025;165,0717958;21,47270675;5,292894916;34,38741257;Annual;01/01/80
ZWE;Zimbabwe;USD million;2017;207,1269569;140,6763867;17,98349929;9,71591082;85,46172137;Annual;01/01/80
ZWE;Zimbabwe;USD million;2018;238,4847029;159,4675056;10,80472378;4,881875841;45,78829228;Annual;01/01/80
ZWE;Zimbabwe;USD million;2019;234,7511114;134,1269543;10,98237384;23,45293226;80,67539395;Annual;01/01/80
ZWE;Zimbabwe;USD million;2020;210,3592479;117,8140421;12,81701915;4,603629146;79,55834346;Annual;01/01/80
ZWE;Zimbabwe;USD million;2021;181,8907138;174,0526084;7,096219916;13,42715305;-38,62990387;Annual;01/01/80
ZWE;Zimbabwe;USD million;2022;197,7772685;164,6717699;7,322190621;6,077761152;9,772807805;Annual;01/01/80
ZWE;Zimbabwe;USD million;2023;166,3234705;125,163538;12,599547;9,043011217;107,1100412;Annual;01/01/80
ZWE;Zimbabwe;USD million;2024;135,1489123;152,6541201;13,33643503;6,182240365;23,34393586;Annual;01/01/80
ZWE;Zimbabwe;USD million;2025;213,0946145;151,8019359;8,303467621;8,313333;48,33802746;Annual;01/01/80
ZWE;Zimbabwe;USD million;2026;128,7226319;117,8010361;5,602445721;20,55679055;47,44529692;Annual;01/01/80