iso3;country;unit;period;gross_reserves_usd_mn;reserve_assets_change;monthly_imports_usd_mn;import_cover_months;broad_money_usd_mn;reserves_to_m2_pct;frequency;date
ZWE;Zimbabwe;USD million / ratios;1980;888,4528155;9,480195718;5208,830882;2,179436261;119877,2754;9,045098521;Annual;01/01/80
ZWE;Zimbabwe;USD million / ratios;1981;926,5016075;-2,900498759;5166,844192;2,225502897;121109,5015;8,960724906;Annual;01/01/80
ZWE;Zimbabwe;USD million / ratios;1982;887,7719146;1,074714717;5950,560667;1,888689855;127485,4111;8,17512625;Annual;01/01/80
ZWE;Zimbabwe;USD million / ratios;1983;705,5694346;-14,35488981;5668,772144;1,681749838;130211,0218;6,425400309;Annual;01/01/80
ZWE;Zimbabwe;USD million / ratios;1984;542,6956311;-27,20789912;5644,390121;1,370045377;136355,1811;4,684116233;Annual;01/01/80
ZWE;Zimbabwe;USD million / ratios;1985;544,9405758;-8,316394174;5792,401317;1,150907737;140296,8322;4,632613947;Annual;01/01/80
ZWE;Zimbabwe;USD million / ratios;1986;467,7774146;3,47687262;6348,530802;0,995734546;144188,2055;3,885537238;Annual;01/01/80
ZWE;Zimbabwe;USD million / ratios;1987;307,9685826;-19,17030409;6025,572994;0,758040424;147082,998;2,552629071;Annual;01/01/80
ZWE;Zimbabwe;USD million / ratios;1988;280,7617645;-1,538321083;6036,485367;0,610103914;146445,2407;2,261015855;Annual;01/01/80
ZWE;Zimbabwe;USD million / ratios;1989;239,2362656;-6,685289572;6399,479842;0,546182645;150548,3937;1,88700934;Annual;01/01/80
ZWE;Zimbabwe;USD million / ratios;1990;244,3055554;7,96667719;7016,117852;0,320998142;152378,6728;1,923532316;Annual;01/01/80
ZWE;Zimbabwe;USD million / ratios;1991;263,9308422;32,63258024;6499,415307;0,446229724;154798,1909;2,023768457;Annual;01/01/80
ZWE;Zimbabwe;USD million / ratios;1992;101,8137953;-11,14324869;6003,539825;0,365055338;155305,5742;0,793049074;Annual;01/01/80
ZWE;Zimbabwe;USD million / ratios;1993;100;0;6332,980159;0,191886849;156914,329;0,751672687;Annual;01/01/80
ZWE;Zimbabwe;USD million / ratios;1994;100;0;5999,273645;0,202053203;161492,9374;0,730047972;Annual;01/01/80
ZWE;Zimbabwe;USD million / ratios;1995;100;0;6404,288271;0,189803028;166944,2449;0,713581032;Annual;01/01/80
ZWE;Zimbabwe;USD million / ratios;1996;100;0;6147,239961;0,196725465;168681,5295;0,701624854;Annual;01/01/80
ZWE;Zimbabwe;USD million / ratios;1997;100;0;6598,986106;0,184811209;167505,0777;0,721986466;Annual;01/01/80
ZWE;Zimbabwe;USD million / ratios;1998;100;0;6642,837318;0,18509591;167056,3883;0,714149351;Annual;01/01/80
ZWE;Zimbabwe;USD million / ratios;1999;100;0;6506,730753;0,186781637;169549,4;0,70779668;Annual;01/01/80
ZWE;Zimbabwe;USD million / ratios;2000;100;0;6994,145666;0,173717949;174889,0238;0,661271433;Annual;01/01/80
ZWE;Zimbabwe;USD million / ratios;2001;100;0;6382,289959;0,190550264;186325,7946;0,64130716;Annual;01/01/80
ZWE;Zimbabwe;USD million / ratios;2002;100;0;6919,249159;0,175539295;194225,0439;0,602346007;Annual;01/01/80
ZWE;Zimbabwe;USD million / ratios;2003;100;0;7924,674757;0,153720908;202139,9302;0,58463376;Annual;01/01/80
ZWE;Zimbabwe;USD million / ratios;2004;100;0;7062,283578;0,171258742;204418,3357;0,583851812;Annual;01/01/80
ZWE;Zimbabwe;USD million / ratios;2005;100;0;7264,226343;0,166857795;207609,2496;0,570481428;Annual;01/01/80
ZWE;Zimbabwe;USD million / ratios;2006;100;0;8132,9848;0,149574849;204608,6776;0,584029399;Annual;01/01/80
ZWE;Zimbabwe;USD million / ratios;2007;100;0;7441,426393;0,16264127;206441,9801;0,574114428;Annual;01/01/80
ZWE;Zimbabwe;USD million / ratios;2008;100;0;7240,26514;0,167973154;212189,3273;0,56110177;Annual;01/01/80
ZWE;Zimbabwe;USD million / ratios;2009;100;0;7912,434622;0,15558041;213754,4822;0,553026836;Annual;01/01/80
ZWE;Zimbabwe;USD million / ratios;2010;100;0;7849,373314;0,154507895;220893,4767;0,524878616;Annual;01/01/80
ZWE;Zimbabwe;USD million / ratios;2011;100;0;7715,154051;0,156605744;241390,6827;0,466925157;Annual;01/01/80
ZWE;Zimbabwe;USD million / ratios;2012;100;0;8832,930502;0,136981422;266718,5125;0,441139741;Annual;01/01/80
ZWE;Zimbabwe;USD million / ratios;2013;100;0;9123,416932;0,133009913;272524,2367;0,439643439;Annual;01/01/80
ZWE;Zimbabwe;USD million / ratios;2014;100;0;8825,246882;0,137598933;274282,677;0,438919365;Annual;01/01/80
ZWE;Zimbabwe;USD million / ratios;2015;100;0;8718,734501;0,139139376;271546,8678;0,43737356;Annual;01/01/80
ZWE;Zimbabwe;USD million / ratios;2016;100;0;9061,145008;0,135588221;279371,5179;0,436894839;Annual;01/01/80
ZWE;Zimbabwe;USD million / ratios;2017;100;0;8133,45291;0,148540418;279201,238;0,416271023;Annual;01/01/80
ZWE;Zimbabwe;USD million / ratios;2018;100;0;9112,078224;0,13512372;293538,0152;0,399824559;Annual;01/01/80
ZWE;Zimbabwe;USD million / ratios;2019;100;0;9613,450147;0,125781665;300323,3554;0,403858986;Annual;01/01/80
ZWE;Zimbabwe;USD million / ratios;2020;100;0;8815,83417;0,137411925;304709,6712;0,386791205;Annual;01/01/80
ZWE;Zimbabwe;USD million / ratios;2021;100;0;8904,347778;0,135480077;315577,1547;0,380941639;Annual;01/01/80
ZWE;Zimbabwe;USD million / ratios;2022;100;0;9466,741868;0,127547101;323355,8595;0,362501999;Annual;01/01/80
ZWE;Zimbabwe;USD million / ratios;2023;100;0;9100,240471;0,133329579;331641,3181;0,358553699;Annual;01/01/80
ZWE;Zimbabwe;USD million / ratios;2024;100;0;9526,719056;0,128099812;337989,7352;0,345928241;Annual;01/01/80
ZWE;Zimbabwe;USD million / ratios;2025;100;0;9747,283571;0,124477903;351704,2939;0,329732476;Annual;01/01/80
ZWE;Zimbabwe;USD million / ratios;2026;100;0;7564,802308;0,120021369;271895,9045;0,335081718;Annual;01/01/80