date;iso3;country;gross_reserves_usd_mn;reserve_assets_change;monthly_imports_usd_mn;import_cover_months;broad_money_usd_mn;reserves_to_m2_pct;unit
01/01/80;ZWE;Zimbabwe;926,7238605;;350,0686199;2,647263444;9974,659067;9,290782314;USD million / ratios
01/02/80;ZWE;Zimbabwe;948,2721344;21,54827396;465,7337603;2,036082018;10025,2576;9,458830605;USD million / ratios
01/03/80;ZWE;Zimbabwe;972,2717457;23,99961128;418,5535708;2,322932627;10179,06762;9,551677839;USD million / ratios
01/04/80;ZWE;Zimbabwe;974,0267572;1,755011502;425,1360391;2,291094303;10109,92853;9,634358483;USD million / ratios
01/05/80;ZWE;Zimbabwe;979,6660918;5,639334563;388,8235945;2,519564413;10086,98517;9,712179362;USD million / ratios
01/06/80;ZWE;Zimbabwe;953,3585408;-26,30755096;466,3063279;2,044489821;10076,29232;9,461402177;USD million / ratios
01/07/80;ZWE;Zimbabwe;931,6032725;-21,75526832;367,4294456;2,535461661;9927,669433;9,383907057;USD million / ratios
01/08/80;ZWE;Zimbabwe;940,8702108;9,266938329;495,1293206;1,900251453;9879,803696;9,523167056;USD million / ratios
01/09/80;ZWE;Zimbabwe;905,20389;-35,66632083;479,5508117;1,887607878;9869,028912;9,172167779;USD million / ratios
01/10/80;ZWE;Zimbabwe;914,4112833;9,20739336;485,8171263;1,882212944;9977,669109;9,164578153;USD million / ratios
01/11/80;ZWE;Zimbabwe;878,9726197;-35,4386636;415,6346244;2,11477237;9948,435944;8,835284508;USD million / ratios
01/12/80;ZWE;Zimbabwe;888,4528155;9,480195718;450,6476406;1,971502201;9822,478034;9,045098521;USD million / ratios
01/01/81;ZWE;Zimbabwe;915,5202561;27,0674406;465,5255571;1,966638012;9696,832969;9,441435766;USD million / ratios
01/02/81;ZWE;Zimbabwe;925,1711014;9,650845359;377,9410867;2,447924118;9746,892696;9,491959441;USD million / ratios
01/03/81;ZWE;Zimbabwe;919,5112707;-5,659830749;366,1301152;2,511433047;9926,727299;9,2629851;USD million / ratios
01/04/81;ZWE;Zimbabwe;946,6646671;27,1533964;447,309134;2,116354429;10050,44643;9,419130522;USD million / ratios
01/05/81;ZWE;Zimbabwe;973,1169704;26,45230336;508,1419113;1,915049613;10096,70001;9,637970522;USD million / ratios
01/06/81;ZWE;Zimbabwe;963,0794786;-10,03749186;473,408935;2,034350025;10248,53169;9,397243505;USD million / ratios
01/07/81;ZWE;Zimbabwe;936,8802427;-26,19923586;511,6727667;1,831014476;10223,97432;9,163562168;USD million / ratios
01/08/81;ZWE;Zimbabwe;953,5748606;16,69461791;459,1065282;2,077023092;10173,61125;9,373022389;USD million / ratios
01/09/81;ZWE;Zimbabwe;947,7591097;-5,815750945;445,4884179;2,127460719;10151,79468;9,335877441;USD million / ratios
01/10/81;ZWE;Zimbabwe;939,1901154;-8,568994251;363,1020087;2,586573726;10196,21335;9,211165785;USD million / ratios
01/11/81;ZWE;Zimbabwe;929,4021062;-9,788009197;313,4438837;2,965130777;10258,19359;9,060095207;USD million / ratios
01/12/81;ZWE;Zimbabwe;926,5016075;-2,900498759;435,5738472;2,127082729;10339,58321;8,960724906;USD million / ratios
01/01/82;ZWE;Zimbabwe;929,6216346;3,120027113;413,2938496;2,249299464;10342,65127;8,988233386;USD million / ratios
01/02/82;ZWE;Zimbabwe;935,3339239;5,712289278;484,1883865;1,931756213;10435,11653;8,963329935;USD million / ratios
01/03/82;ZWE;Zimbabwe;927,8813093;-7,452614611;567,4720013;1,635113815;10497,873;8,838755331;USD million / ratios
01/04/82;ZWE;Zimbabwe;946,984152;19,10284273;446,7050886;2,119931418;10556,43414;8,970682136;USD million / ratios
01/05/82;ZWE;Zimbabwe;940,5682549;-6,415897098;488,626278;1,924923601;10462,28839;8,990081519;USD million / ratios
01/06/82;ZWE;Zimbabwe;922,5056926;-18,06256225;526,3311973;1,752709506;10438,32739;8,837677321;USD million / ratios
01/07/82;ZWE;Zimbabwe;909,7912518;-12,71444084;568,6012436;1,600051463;10591,57705;8,589761915;USD million / ratios
01/08/82;ZWE;Zimbabwe;921,5642599;11,77300807;414,5024746;2,223302191;10786,18392;8,54393237;USD million / ratios
01/09/82;ZWE;Zimbabwe;939,6062827;18,04202279;596,9437517;1,574028173;10753,69706;8,737518621;USD million / ratios
01/10/82;ZWE;Zimbabwe;919,9186938;-19,68758883;551,1607284;1,66905704;10852,49586;8,476563413;USD million / ratios
01/11/82;ZWE;Zimbabwe;886,6971999;-33,22149398;467,1563573;1,898073709;10909,33892;8,127872887;USD million / ratios
01/12/82;ZWE;Zimbabwe;887,7719146;1,074714717;425,5793096;2,086031662;10859,42758;8,17512625;USD million / ratios
01/01/83;ZWE;Zimbabwe;866,9285427;-20,84337189;442,7721776;1,957956228;10846,96003;7,992364131;USD million / ratios
01/02/83;ZWE;Zimbabwe;824,6339031;-42,29463956;406,0005746;2,031115113;10848,67248;7,601242497;USD million / ratios
01/03/83;ZWE;Zimbabwe;806,8670701;-17,76683304;516,7933582;1,561295356;10883,91857;7,413387603;USD million / ratios
01/04/83;ZWE;Zimbabwe;767,9255574;-38,94151273;409,0619211;1,877284386;10806,53141;7,106124326;USD million / ratios
01/05/83;ZWE;Zimbabwe;766,6632455;-1,262311833;461,6850108;1,660576427;10735,95358;7,141081972;USD million / ratios
01/06/83;ZWE;Zimbabwe;749,1562711;-17,50697438;569,7664889;1,3148479;10766,48378;6,958225976;USD million / ratios
01/07/83;ZWE;Zimbabwe;778,4971219;29,34085073;514,6015013;1,512815489;10841,33826;7,180821251;USD million / ratios
01/08/83;ZWE;Zimbabwe;769,7895271;-8,707594797;535,401345;1,437780339;10837,34012;7,103122339;USD million / ratios
01/09/83;ZWE;Zimbabwe;729,0331015;-40,75642556;635,9190703;1,146424342;10780,368;6,762599399;USD million / ratios
01/10/83;ZWE;Zimbabwe;753,857743;24,82464147;321,4477063;2,34519559;10923,22658;6,901419992;USD million / ratios
01/11/83;ZWE;Zimbabwe;719,9243244;-33,93341855;417,9606473;1,722469158;10959,28775;6,569079498;USD million / ratios
01/12/83;ZWE;Zimbabwe;705,5694346;-14,35488981;437,3623428;1,613237733;10980,94127;6,425400309;USD million / ratios
01/01/84;ZWE;Zimbabwe;704,9210531;-0,648381557;469,3374506;1,501949295;11104,35087;6,34815183;USD million / ratios
01/02/84;ZWE;Zimbabwe;673,1122527;-31,80880034;491,9647371;1,368212398;11158,74607;6,032149567;USD million / ratios
01/03/84;ZWE;Zimbabwe;684,915571;11,80331827;499,9145555;1,370065271;11243,61573;6,091595333;USD million / ratios
01/04/84;ZWE;Zimbabwe;685,4863037;0,570732709;420,517198;1,630102899;11238,81364;6,099276363;USD million / ratios
01/05/84;ZWE;Zimbabwe;667,614074;-17,87222966;410,3680948;1,626866422;11410,79233;5,850724952;USD million / ratios
01/06/84;ZWE;Zimbabwe;668,5140958;0,900021709;412,7953371;1,619480735;11380,77753;5,874063474;USD million / ratios
01/07/84;ZWE;Zimbabwe;653,4970768;-15,01701898;464,6277135;1,406496121;11422,21207;5,721282994;USD million / ratios
01/08/84;ZWE;Zimbabwe;604,5157956;-48,98128115;483,0909566;1,251349849;11443,18812;5,282756774;USD million / ratios
01/09/84;ZWE;Zimbabwe;606,5759643;2,060168634;474,3128072;1,278852173;11445,05996;5,299893287;USD million / ratios
01/10/84;ZWE;Zimbabwe;571,7709304;-34,80503389;453,2351611;1,261532598;11411,307;5,010564789;USD million / ratios
01/11/84;ZWE;Zimbabwe;569,9035302;-1,867400152;470,1971461;1,212052295;11510,44754;4,951184812;USD million / ratios
01/12/84;ZWE;Zimbabwe;542,6956311;-27,20789912;594,0289637;0,913584462;11585,87029;4,684116233;USD million / ratios
01/01/85;ZWE;Zimbabwe;517,6230139;-25,07261722;430,7412264;1,201702977;11642,99503;4,445789184;USD million / ratios
01/02/85;ZWE;Zimbabwe;526,973394;9,350380095;530,3007454;0,993725539;11755,46588;4,482794636;USD million / ratios
01/03/85;ZWE;Zimbabwe;518,7505317;-8,222862326;554,5630185;0,935422151;11719,50308;4,42638675;USD million / ratios
01/04/85;ZWE;Zimbabwe;553,1447295;34,39419784;491,2318132;1,126036048;11620,71488;4,759988822;USD million / ratios
01/05/85;ZWE;Zimbabwe;552,2657249;-0,879004613;519,6769029;1,062709776;11709,25504;4,716488992;USD million / ratios
01/06/85;ZWE;Zimbabwe;547,6701227;-4,595602191;392,485681;1,395388798;11681,98597;4,688159393;USD million / ratios
01/07/85;ZWE;Zimbabwe;546,8816746;-0,788448077;464,4120886;1,177578465;11684,0481;4,680583904;USD million / ratios
01/08/85;ZWE;Zimbabwe;557,3139058;10,43223118;401,175867;1,389200975;11648,86961;4,784274564;USD million / ratios
01/09/85;ZWE;Zimbabwe;540,3468376;-16,96706817;544,5131667;0,992348525;11623,27928;4,648832956;USD million / ratios
01/10/85;ZWE;Zimbabwe;564,6358938;24,28905621;609,5044844;0,926385135;11728,76881;4,814110524;USD million / ratios
01/11/85;ZWE;Zimbabwe;553,25697;-11,37892382;479,9475812;1,152744574;11718,81273;4,721100873;USD million / ratios
01/12/85;ZWE;Zimbabwe;544,9405758;-8,316394174;373,8487418;1,457649886;11763,13377;4,632613947;USD million / ratios
01/01/86;ZWE;Zimbabwe;556,9785153;12,03793948;548,3541095;1,015727804;11739,96778;4,74429339;USD million / ratios
01/02/86;ZWE;Zimbabwe;555,4734492;-1,50506609;448,8389372;1,237578568;11763,27297;4,722099459;USD million / ratios
01/03/86;ZWE;Zimbabwe;559,0242682;3,550818988;550,8454354;1,014847782;11907,68076;4,694652802;USD million / ratios
01/04/86;ZWE;Zimbabwe;537,8212748;-21,20299343;454,621138;1,183009829;11951,18096;4,500151713;USD million / ratios
01/05/86;ZWE;Zimbabwe;510,5114415;-27,3098333;430,7346665;1,185210946;11964,91382;4,266737305;USD million / ratios
01/06/86;ZWE;Zimbabwe;525,9825565;15,47111499;655,8839806;0,801944509;12110,3355;4,343253383;USD million / ratios
01/07/86;ZWE;Zimbabwe;520,9648775;-5,017678998;495,0432908;1,052362262;12066,01394;4,317622041;USD million / ratios
01/08/86;ZWE;Zimbabwe;520,39986;-0,565017489;455,7604002;1,141827723;12100,05721;4,300804956;USD million / ratios
01/09/86;ZWE;Zimbabwe;489,2420415;-31,15781855;568,5402726;0,860523106;12143,11957;4,028965033;USD million / ratios
01/10/86;ZWE;Zimbabwe;488,4600068;-0,782034666;631,1845044;0,773878325;12247,14912;3,988356817;USD million / ratios
01/11/86;ZWE;Zimbabwe;464,300542;-24,15946479;543,2390619;0,854689168;12155,57598;3,819650691;USD million / ratios
01/12/86;ZWE;Zimbabwe;467,7774146;3,47687262;565,4850047;0,827214534;12038,93788;3,885537238;USD million / ratios
01/01/87;ZWE;Zimbabwe;452,0983395;-15,67907516;528,1154349;0,856059698;12203,22161;3,704745796;USD million / ratios
01/02/87;ZWE;Zimbabwe;440,7481464;-11,35019307;473,7909476;0,93025869;12284,78831;3,587755323;USD million / ratios
01/03/87;ZWE;Zimbabwe;430,8926392;-9,855507142;589,4141878;0,731052371;12487,90391;3,4504801;USD million / ratios
01/04/87;ZWE;Zimbabwe;397,1435474;-33,74909188;432,3454634;0,918579194;12586,47096;3,155320889;USD million / ratios
01/05/87;ZWE;Zimbabwe;398,0821763;0,938628932;559,103569;0,712000778;12451,13076;3,19715682;USD million / ratios
01/06/87;ZWE;Zimbabwe;369,8586988;-28,2234775;543,6631564;0,68030856;12231,78378;3,023751118;USD million / ratios
01/07/87;ZWE;Zimbabwe;349,041667;-20,81703181;503,8734349;0,692716946;12144,9504;2,873965355;USD million / ratios
01/08/87;ZWE;Zimbabwe;358,1905979;9,148930873;442,9622381;0,808625583;12099,23266;2,960440617;USD million / ratios
01/09/87;ZWE;Zimbabwe;347,5959892;-10,59460864;498,2118427;0,697687127;12196,19833;2,850035559;USD million / ratios
01/10/87;ZWE;Zimbabwe;344,8394066;-2,756582651;416,8698739;0,827211147;12211,98328;2,823778895;USD million / ratios
01/11/87;ZWE;Zimbabwe;327,1388867;-17,70051989;464,5413449;0,704219098;12120,57355;2,699038005;USD million / ratios
01/12/87;ZWE;Zimbabwe;307,9685826;-19,17030409;572,6815003;0,5377659;12064,76045;2,552629071;USD million / ratios
01/01/88;ZWE;Zimbabwe;314,0386024;6,070019766;500,263127;0,62774685;12149,66898;2,584750276;USD million / ratios
01/02/88;ZWE;Zimbabwe;327,3630147;13,3244123;455,1887813;0,719180762;12268,95361;2,668222777;USD million / ratios
01/03/88;ZWE;Zimbabwe;307,758323;-19,60469166;486,3918197;0,632737457;12296,81728;2,502747792;USD million / ratios
01/04/88;ZWE;Zimbabwe;332,7098989;24,9515759;555,0789726;0,599392006;12214,92873;2,7237973;USD million / ratios
01/05/88;ZWE;Zimbabwe;339,3483084;6,638409485;512,1023809;0,662657158;12115,3031;2,800989009;USD million / ratios
01/06/88;ZWE;Zimbabwe;308,1464155;-31,20189292;598,0364164;0,515263631;11986,73983;2,570727486;USD million / ratios
01/07/88;ZWE;Zimbabwe;288,8734292;-19,27298629;464,5167;0,621879534;12141,01559;2,379318492;USD million / ratios
01/08/88;ZWE;Zimbabwe;291,3550115;2,481582361;552,3814233;0,527452588;12114,7879;2,404953466;USD million / ratios
01/09/88;ZWE;Zimbabwe;300,2589583;8,903946743;484,0045409;0,620363928;12190,85279;2,462985678;USD million / ratios
01/10/88;ZWE;Zimbabwe;287,5375409;-12,72141735;459,5362964;0,625712361;12232,00135;2,350699062;USD million / ratios
01/11/88;ZWE;Zimbabwe;282,3000856;-5,237455318;521,8162995;0,540995147;12316,66621;2,292017017;USD million / ratios
01/12/88;ZWE;Zimbabwe;280,7617645;-1,538321083;447,1686092;0,627865549;12417,50534;2,261015855;USD million / ratios
01/01/89;ZWE;Zimbabwe;303,8042605;23,04249595;504,1213021;0,602641188;12233,0933;2,483462301;USD million / ratios
01/02/89;ZWE;Zimbabwe;313,5189746;9,71471414;487,5758476;0,643015802;12379,33451;2,532599587;USD million / ratios
01/03/89;ZWE;Zimbabwe;314,5018742;0,982899549;451,6725837;0,696304991;12427,46135;2,530700884;USD million / ratios
01/04/89;ZWE;Zimbabwe;301,0638589;-13,43801522;585,7484282;0,513981505;12518,26532;2,404996628;USD million / ratios
01/05/89;ZWE;Zimbabwe;280,9851593;-20,07869962;447,5679604;0,627804455;12502,29367;2,247468878;USD million / ratios
01/06/89;ZWE;Zimbabwe;297,9715453;16,98638601;535,4400063;0,556498472;12420,64659;2,399001881;USD million / ratios
01/07/89;ZWE;Zimbabwe;301,3707112;3,399165881;517,1512492;0,582751587;12483,20528;2,414209368;USD million / ratios
01/08/89;ZWE;Zimbabwe;308,3150821;6,944370839;713,7063035;0,431991536;12644,14985;2,438401045;USD million / ratios
01/09/89;ZWE;Zimbabwe;284,055017;-24,26006506;520,2071981;0,546042073;12679,50841;2,240268375;USD million / ratios
01/10/89;ZWE;Zimbabwe;248,6353628;-35,41965418;602,6238562;0,412587985;12795,90111;1,943085998;USD million / ratios
01/11/89;ZWE;Zimbabwe;245,9215552;-2,713807601;497,1398317;0,494672805;12786,46954;1,923295202;USD million / ratios
01/12/89;ZWE;Zimbabwe;239,2362656;-6,685289572;536,5252747;0,44589934;12678,06473;1,88700934;USD million / ratios
01/01/90;ZWE;Zimbabwe;204,2846277;-34,9516379;628,8610386;0,3248486;12823,12353;1,593095686;USD million / ratios
01/02/90;ZWE;Zimbabwe;202,0885182;-2,196109533;662,3788188;0,305095079;12774,02513;1,582026935;USD million / ratios
01/03/90;ZWE;Zimbabwe;197,3441029;-4,744415252;561,3645351;0,351543588;12852,23735;1,535484427;USD million / ratios
01/04/90;ZWE;Zimbabwe;155,4612376;-41,88286538;553,9389213;0,280646894;12761,88411;1,218168385;USD million / ratios
01/05/90;ZWE;Zimbabwe;139,4244683;-16,03676928;577,6510498;0,24136452;12649,75333;1,102191202;USD million / ratios
01/06/90;ZWE;Zimbabwe;160,403006;20,9785377;519,4716243;0,308781074;12485,63048;1,284700891;USD million / ratios
01/07/90;ZWE;Zimbabwe;156,9106322;-3,492373768;527,4056402;0,297514134;12424,59626;1,262903268;USD million / ratios
01/08/90;ZWE;Zimbabwe;161,1275067;4,21687446;511,2527465;0,315162134;12672,51266;1,271472446;USD million / ratios
01/09/90;ZWE;Zimbabwe;175,5272986;14,39979191;619,4086058;0,28337885;12674,59369;1,384875152;USD million / ratios
01/10/90;ZWE;Zimbabwe;216,0942389;40,56694032;503,1916544;0,429447184;12794,51591;1,688959867;USD million / ratios
01/11/90;ZWE;Zimbabwe;236,3388783;20,24463935;627,6623489;0,376538243;12764,91912;1,851471803;USD million / ratios
01/12/90;ZWE;Zimbabwe;244,3055554;7,96667719;723,5308688;0,337657405;12700,88126;1,923532316;USD million / ratios
01/01/91;ZWE;Zimbabwe;224,5115688;-19,79398668;523,8968363;0,428541562;12539,59078;1,790421814;USD million / ratios
01/02/91;ZWE;Zimbabwe;222,1815448;-2,330024006;592,9427027;0,374709974;12669,76616;1,753635718;USD million / ratios
01/03/91;ZWE;Zimbabwe;229,9529258;7,771381082;550,502825;0,417714343;12743,37623;1,804489812;USD million / ratios
01/04/91;ZWE;Zimbabwe;248,7440637;18,79113785;469,6982093;0,529582738;12773,7915;1,94730017;USD million / ratios
01/05/91;ZWE;Zimbabwe;259,07196;10,32789629;551,8879833;0,469428521;12822,80697;2,02039975;USD million / ratios
01/06/91;ZWE;Zimbabwe;254,0307318;-5,041228152;600,7541019;0,422853096;12899,86463;1,969251145;USD million / ratios
01/07/91;ZWE;Zimbabwe;259,3963199;5,365588076;538,2506398;0,481924778;13038,37738;1,989483142;USD million / ratios
01/08/91;ZWE;Zimbabwe;237,7267852;-21,66953472;634,7863951;0,374498866;13153,05211;1,807388758;USD million / ratios
01/09/91;ZWE;Zimbabwe;213,2233897;-24,50339548;536,1610026;0,397685376;13052,08525;1,633634669;USD million / ratios
01/10/91;ZWE;Zimbabwe;225,7322458;12,5088561;410,1146203;0,550412579;13081,01941;1,725647205;USD million / ratios
01/11/91;ZWE;Zimbabwe;231,2982619;5,566016117;522,6292996;0,44256658;12982,90721;1,781559847;USD million / ratios
01/12/91;ZWE;Zimbabwe;263,9308422;32,63258024;567,7906906;0,46483827;13041,55331;2,023768457;USD million / ratios
01/01/92;ZWE;Zimbabwe;264,0773643;0,146522136;434,7280494;0,607454165;13014,43744;2,029110866;USD million / ratios
01/02/92;ZWE;Zimbabwe;244,3732152;-19,70414913;550,3730311;0,444013789;12902,93126;1,893935652;USD million / ratios
01/03/92;ZWE;Zimbabwe;230,4484815;-13,92473361;504,5938519;0,45670093;12795,69161;1,80098496;USD million / ratios
01/04/92;ZWE;Zimbabwe;230,9632521;0,51477057;559,4085045;0,41287047;12926,39577;1,786756774;USD million / ratios
01/05/92;ZWE;Zimbabwe;207,4959214;-23,4673307;424,0887227;0,489274792;12964,1556;1,600535567;USD million / ratios
01/06/92;ZWE;Zimbabwe;182,973835;-24,52208646;521,8589308;0,350619342;13058,54361;1,401181023;USD million / ratios
01/07/92;ZWE;Zimbabwe;174,7055638;-8,268271198;542,4234969;0,322083326;13078,58689;1,335813763;USD million / ratios
01/08/92;ZWE;Zimbabwe;146,8439809;-27,86158286;396,785112;0,370084402;12990,19706;1,130421503;USD million / ratios
01/09/92;ZWE;Zimbabwe;146,3530979;-0,490883007;584,9136619;0,250213164;13023,02585;1,12380256;USD million / ratios
01/10/92;ZWE;Zimbabwe;120,4851559;-25,867942;494,660626;0,243571349;12916,86938;0,932773665;USD million / ratios
01/11/92;ZWE;Zimbabwe;112,957044;-7,528111893;501,8228291;0,225093474;12796,46794;0,882720486;USD million / ratios
01/12/92;ZWE;Zimbabwe;101,8137953;-11,14324869;487,8830089;0,208684856;12838,27176;0,793049074;USD million / ratios
01/01/93;ZWE;Zimbabwe;100;-1,813795302;585,3275859;0,170844502;12883,4423;0,776190072;USD million / ratios
01/02/93;ZWE;Zimbabwe;102,6868478;2,686847776;653,3659168;0,157165908;12969,02217;0,791785583;USD million / ratios
01/03/93;ZWE;Zimbabwe;100;-2,686847776;471,512707;0,212083362;12983,17679;0,770227515;USD million / ratios
01/04/93;ZWE;Zimbabwe;100;0;496,6836952;0,201335379;13092,04627;0,763822537;USD million / ratios
01/05/93;ZWE;Zimbabwe;100;0;519,2583274;0,192582371;12909,34548;0,774632611;USD million / ratios
01/06/93;ZWE;Zimbabwe;100;0;590,9247673;0,16922628;13024,15232;0,767804288;USD million / ratios
01/07/93;ZWE;Zimbabwe;100;0;446,243947;0,224092675;13064,61225;0,765426467;USD million / ratios
01/08/93;ZWE;Zimbabwe;100;0;473,1205961;0,211362601;13039,43454;0,766904422;USD million / ratios
01/09/93;ZWE;Zimbabwe;100;0;543,5095605;0,183989404;13109,19977;0,762823069;USD million / ratios
01/10/93;ZWE;Zimbabwe;100;0;538,0392063;0,185860062;13263,48087;0,753949894;USD million / ratios
01/11/93;ZWE;Zimbabwe;100;0;505,1284865;0,197969433;13272,7534;0,753423174;USD million / ratios
01/12/93;ZWE;Zimbabwe;100;0;509,865363;0,196130209;13303,66286;0,751672687;USD million / ratios
01/01/94;ZWE;Zimbabwe;100;0;436,0112297;0,229351891;13270,50417;0,753550873;USD million / ratios
01/02/94;ZWE;Zimbabwe;100;0;467,5895472;0,213862779;13372,60644;0,747797376;USD million / ratios
01/03/94;ZWE;Zimbabwe;100;0;535,4064552;0,18677399;13317,97615;0,750864838;USD million / ratios
01/04/94;ZWE;Zimbabwe;100;0;527,1674517;0,189693047;13537,89549;0,738667248;USD million / ratios
01/05/94;ZWE;Zimbabwe;100;0;547,0288636;0,18280571;13596,1108;0,73550445;USD million / ratios
01/06/94;ZWE;Zimbabwe;100;0;600,6143798;0,16649618;13478,98815;0,741895452;USD million / ratios
01/07/94;ZWE;Zimbabwe;100;0;478,9155217;0,208805093;13398,50682;0,746351824;USD million / ratios
01/08/94;ZWE;Zimbabwe;100;0;549,3677552;0,182027429;13418,43565;0,745243355;USD million / ratios
01/09/94;ZWE;Zimbabwe;100;0;441,225637;0,226641409;13553,12349;0,737837297;USD million / ratios
01/10/94;ZWE;Zimbabwe;100;0;498,867187;0,200454154;13418,71441;0,745227873;USD million / ratios
01/11/94;ZWE;Zimbabwe;100;0;485,9103026;0,2057993;13432,34586;0,744471599;USD million / ratios
01/12/94;ZWE;Zimbabwe;100;0;431,1693141;0,231927451;13697,72999;0,730047972;USD million / ratios
01/01/95;ZWE;Zimbabwe;100;0;596,8725862;0,167539945;13673,51075;0,731341071;USD million / ratios
01/02/95;ZWE;Zimbabwe;100;0;443,655602;0,225400062;13729,82027;0,728341654;USD million / ratios
01/03/95;ZWE;Zimbabwe;100;0;541,7675836;0,184580996;13798,534;0,724714669;USD million / ratios
01/04/95;ZWE;Zimbabwe;100;0;482,8767222;0,207092194;13872,26759;0,720862681;USD million / ratios
01/05/95;ZWE;Zimbabwe;100;0;513,3828061;0,194786422;13960,58605;0,716302307;USD million / ratios
01/06/95;ZWE;Zimbabwe;100;0;579,0089072;0,172708915;13983,90653;0,715107755;USD million / ratios
01/07/95;ZWE;Zimbabwe;100;0;597,7440621;0,167295681;13885,14979;0,720193887;USD million / ratios
01/08/95;ZWE;Zimbabwe;100;0;576,1704445;0,173559753;13989,58728;0,714817371;USD million / ratios
01/09/95;ZWE;Zimbabwe;100;0;631,5735968;0,158334675;13911,56748;0,718826258;USD million / ratios
01/10/95;ZWE;Zimbabwe;100;0;503,5062992;0,198607247;14138,97956;0,70726462;USD million / ratios
01/11/95;ZWE;Zimbabwe;100;0;444,3609049;0,2250423;13986,51019;0,714974634;USD million / ratios
01/12/95;ZWE;Zimbabwe;100;0;493,3687564;0,202688149;14013,82542;0,713581032;USD million / ratios
01/01/96;ZWE;Zimbabwe;100;0;514,6582729;0,194303687;14036,9918;0,712403351;USD million / ratios
01/02/96;ZWE;Zimbabwe;100;0;499,3740498;0,200250694;14203,24205;0,704064605;USD million / ratios
01/03/96;ZWE;Zimbabwe;100;0;446,3655103;0,224031646;14116,41477;0,708395167;USD million / ratios
01/04/96;ZWE;Zimbabwe;100;0;469,6807775;0,212910566;13837,01361;0,722699297;USD million / ratios
01/05/96;ZWE;Zimbabwe;100;0;572,4299803;0,174693855;13863,60468;0,721313124;USD million / ratios
01/06/96;ZWE;Zimbabwe;100;0;456,1165978;0,219242186;14044,77451;0,712008583;USD million / ratios
01/07/96;ZWE;Zimbabwe;100;0;578,3900152;0,172893718;14055,61952;0,711459213;USD million / ratios
01/08/96;ZWE;Zimbabwe;100;0;581,7731392;0,171888307;13902,79452;0,719279853;USD million / ratios
01/09/96;ZWE;Zimbabwe;100;0;472,2857782;0,211736208;14085,042;0,709973034;USD million / ratios
01/10/96;ZWE;Zimbabwe;100;0;519,6881997;0,192423072;13981,04876;0,715253925;USD million / ratios
01/11/96;ZWE;Zimbabwe;100;0;535,1047035;0,186879314;14302,35244;0,699185679;USD million / ratios
01/12/96;ZWE;Zimbabwe;100;0;501,3729364;0,199452329;14252,63079;0,701624854;USD million / ratios
01/01/97;ZWE;Zimbabwe;100;0;620,3904421;0,161188815;14115,25694;0,708453274;USD million / ratios
01/02/97;ZWE;Zimbabwe;100;0;451,3652471;0,221550065;14205,11204;0,70397192;USD million / ratios
01/03/97;ZWE;Zimbabwe;100;0;513,0860591;0,194899078;13913,48761;0,718727057;USD million / ratios
01/04/97;ZWE;Zimbabwe;100;0;656,9619853;0,152215809;13904,24039;0,719205057;USD million / ratios
01/05/97;ZWE;Zimbabwe;100;0;571,9379157;0,174844152;13904,41101;0,719196232;USD million / ratios
01/06/97;ZWE;Zimbabwe;100;0;507,3260993;0,197111878;13839,08938;0,722590897;USD million / ratios
01/07/97;ZWE;Zimbabwe;100;0;611,4143272;0,163555212;13846,43471;0,722207573;USD million / ratios
01/08/97;ZWE;Zimbabwe;100;0;628,0181967;0,159231055;13947,06462;0,71699675;USD million / ratios
01/09/97;ZWE;Zimbabwe;100;0;526,7742655;0,189834634;14047,46213;0,711872359;USD million / ratios
01/10/97;ZWE;Zimbabwe;100;0;450,011377;0,222216604;13971,67449;0,715733823;USD million / ratios
01/11/97;ZWE;Zimbabwe;100;0;474,2451123;0,210861425;13960,16925;0,716323694;USD million / ratios
01/12/97;ZWE;Zimbabwe;100;0;587,4550783;0,170225782;13850,67514;0,721986466;USD million / ratios
01/01/98;ZWE;Zimbabwe;100;0;598,4577208;0,167096182;13901,00452;0,719372473;USD million / ratios
01/02/98;ZWE;Zimbabwe;100;0;708,307157;0,141181688;14041,8748;0,712155616;USD million / ratios
01/03/98;ZWE;Zimbabwe;100;0;409,3301337;0,244301584;13944,93906;0,717106038;USD million / ratios
01/04/98;ZWE;Zimbabwe;100;0;446,4707272;0,22397885;13971,22566;0,715756817;USD million / ratios
01/05/98;ZWE;Zimbabwe;100;0;537,1663405;0,186162074;13970,01304;0,715818945;USD million / ratios
01/06/98;ZWE;Zimbabwe;100;0;522,9157641;0,19123539;13835,4976;0,722778485;USD million / ratios
01/07/98;ZWE;Zimbabwe;100;0;548,2169975;0,182409521;13946,03886;0,717049486;USD million / ratios
01/08/98;ZWE;Zimbabwe;100;0;588,7270621;0,169857998;13783,86636;0,72548585;USD million / ratios
01/09/98;ZWE;Zimbabwe;100;0;480,4352046;0,208144614;13963,3982;0,716158048;USD million / ratios
01/10/98;ZWE;Zimbabwe;100;0;583,2987934;0,171438723;13868,0666;0,721081048;USD million / ratios
01/11/98;ZWE;Zimbabwe;100;0;699,9916257;0,142858852;13827,7904;0,723181341;USD million / ratios
01/12/98;ZWE;Zimbabwe;100;0;519,5197908;0,192485449;14002,67322;0,714149351;USD million / ratios
01/01/99;ZWE;Zimbabwe;100;0;628,9352323;0,158998884;14138,34414;0,707296406;USD million / ratios
01/02/99;ZWE;Zimbabwe;100;0;517,7608931;0,193139345;14173,85863;0,705524181;USD million / ratios
01/03/99;ZWE;Zimbabwe;100;0;581,8776848;0,171857424;14127,26787;0,707850951;USD million / ratios
01/04/99;ZWE;Zimbabwe;100;0;553,9629947;0,180517473;14159,08449;0,706260352;USD million / ratios
01/05/99;ZWE;Zimbabwe;100;0;615,7174942;0,162412147;14084,57645;0,709996501;USD million / ratios
01/06/99;ZWE;Zimbabwe;100;0;531,3124001;0,188213187;14050,94297;0,711696007;USD million / ratios
01/07/99;ZWE;Zimbabwe;100;0;531,5738378;0,18812062;14056,04918;0,711437465;USD million / ratios
01/08/99;ZWE;Zimbabwe;100;0;409,8025103;0,244019979;14162,58059;0,706086008;USD million / ratios
01/09/99;ZWE;Zimbabwe;100;0;548,7269969;0,182239986;14134,61096;0,707483215;USD million / ratios
01/10/99;ZWE;Zimbabwe;100;0;599,5944564;0,166779394;14180,60679;0,705188442;USD million / ratios
01/11/99;ZWE;Zimbabwe;100;0;495,2991706;0,201898178;14153,12686;0,706557646;USD million / ratios
01/12/99;ZWE;Zimbabwe;100;0;492,167082;0,203183032;14128,35111;0,70779668;USD million / ratios
01/01/00;ZWE;Zimbabwe;100;0;542,6894469;0,184267449;14071,86465;0,710637876;USD million / ratios
01/02/00;ZWE;Zimbabwe;100;0;585,3610959;0,170834722;14017,09688;0,713414488;USD million / ratios
01/03/00;ZWE;Zimbabwe;100;0;663,677645;0,150675559;14230,92599;0,702694962;USD million / ratios
01/04/00;ZWE;Zimbabwe;100;0;538,57592;0,185674844;14247,49473;0,701877782;USD million / ratios
01/05/00;ZWE;Zimbabwe;100;0;568,2559949;0,175977026;14439,6756;0,692536334;USD million / ratios
01/06/00;ZWE;Zimbabwe;100;0;612,4152368;0,163287903;14490,9587;0,690085467;USD million / ratios
01/07/00;ZWE;Zimbabwe;100;0;740,8882877;0,134973115;14761,69582;0,677428943;USD million / ratios
01/08/00;ZWE;Zimbabwe;100;0;582,1186662;0,17178628;14670,50505;0,681639791;USD million / ratios
01/09/00;ZWE;Zimbabwe;100;0;548,54046;0,182301958;14798,05204;0,675764619;USD million / ratios
01/10/00;ZWE;Zimbabwe;100;0;513,8510122;0,194608938;14951,31779;0,668837365;USD million / ratios
01/11/00;ZWE;Zimbabwe;100;0;617,9009434;0,161838238;15087,05335;0,662819954;USD million / ratios
01/12/00;ZWE;Zimbabwe;100;0;479,8709568;0,208389357;15122,3832;0,661271433;USD million / ratios
01/01/01;ZWE;Zimbabwe;100;0;450,2316809;0,222107871;15330,01054;0,652315272;USD million / ratios
01/02/01;ZWE;Zimbabwe;100;0;503,8017687;0,198490768;15375,65512;0,650378792;USD million / ratios
01/03/01;ZWE;Zimbabwe;100;0;459,7142072;0,217526451;15415,2721;0,64870733;USD million / ratios
01/04/01;ZWE;Zimbabwe;100;0;553,6927922;0,180605566;15490,29551;0,645565476;USD million / ratios
01/05/01;ZWE;Zimbabwe;100;0;501,289809;0,199485404;15596,98268;0,641149651;USD million / ratios
01/06/01;ZWE;Zimbabwe;100;0;592,2270653;0,168854154;15596,35765;0,641175345;USD million / ratios
01/07/01;ZWE;Zimbabwe;100;0;527,2961735;0,189646739;15722,96211;0,636012472;USD million / ratios
01/08/01;ZWE;Zimbabwe;100;0;544,3489039;0,183705707;15699,65383;0,636956719;USD million / ratios
01/09/01;ZWE;Zimbabwe;100;0;513,5272742;0,194731624;15600,90307;0,640988535;USD million / ratios
01/10/01;ZWE;Zimbabwe;100;0;710,290402;0,140787486;15479,63496;0,646010066;USD million / ratios
01/11/01;ZWE;Zimbabwe;100;0;490,4842769;0,203880134;15424,91508;0,648301786;USD million / ratios
01/12/01;ZWE;Zimbabwe;100;0;535,3856048;0,186781264;15593,15196;0,64130716;USD million / ratios
01/01/02;ZWE;Zimbabwe;100;0;680,4769144;0,146955757;15706,89109;0,636663229;USD million / ratios
01/02/02;ZWE;Zimbabwe;100;0;464,6959266;0,215194484;15869,12502;0,630154466;USD million / ratios
01/03/02;ZWE;Zimbabwe;100;0;576,205438;0,173549213;16035,26709;0,623625409;USD million / ratios
01/04/02;ZWE;Zimbabwe;100;0;606,7227067;0,16481994;15955,97821;0,626724346;USD million / ratios
01/05/02;ZWE;Zimbabwe;100;0;508,4692945;0,19666871;16051,11404;0,623009716;USD million / ratios
01/06/02;ZWE;Zimbabwe;100;0;494,8251682;0,20209158;16077,50139;0,621987196;USD million / ratios
01/07/02;ZWE;Zimbabwe;100;0;639,2935326;0,156422668;16208,14346;0,616973809;USD million / ratios
01/08/02;ZWE;Zimbabwe;100;0;555,3395642;0,180070008;16250,63491;0,615360572;USD million / ratios
01/09/02;ZWE;Zimbabwe;100;0;603,2022581;0,165781873;16221,99243;0,616447088;USD million / ratios
01/10/02;ZWE;Zimbabwe;100;0;590,0994812;0,169462952;16577,79969;0,603216361;USD million / ratios
01/11/02;ZWE;Zimbabwe;100;0;552,5070794;0,180993156;16668,84296;0,599921664;USD million / ratios
01/12/02;ZWE;Zimbabwe;100;0;647,4117948;0,154461196;16601,75361;0,602346007;USD million / ratios
01/01/03;ZWE;Zimbabwe;100;0;788,3031846;0,126854746;16761,02351;0,596622276;USD million / ratios
01/02/03;ZWE;Zimbabwe;100;0;729,0041327;0,137173434;16667,80151;0,599959148;USD million / ratios
01/03/03;ZWE;Zimbabwe;100;0;521,4708564;0,191765271;16711,53819;0,598388962;USD million / ratios
01/04/03;ZWE;Zimbabwe;100;0;633,5421367;0,157842698;16701,044;0,598764964;USD million / ratios
01/05/03;ZWE;Zimbabwe;100;0;559,1548692;0,178841329;16700,48;0,598785185;USD million / ratios
01/06/03;ZWE;Zimbabwe;100;0;586,4125251;0,170528418;16769,18525;0,596331894;USD million / ratios
01/07/03;ZWE;Zimbabwe;100;0;667,5239862;0,149807351;16901,15266;0,591675621;USD million / ratios
01/08/03;ZWE;Zimbabwe;100;0;767,0049857;0,130377249;16775,24592;0,596116447;USD million / ratios
01/09/03;ZWE;Zimbabwe;100;0;611,4122114;0,163555778;17049,825;0,586516284;USD million / ratios
01/10/03;ZWE;Zimbabwe;100;0;645,6066696;0,154893071;17010,13298;0,587884881;USD million / ratios
01/11/03;ZWE;Zimbabwe;100;0;681,9020539;0,146648627;16987,77567;0,588658586;USD million / ratios
01/12/03;ZWE;Zimbabwe;100;0;733,3371459;0,136362927;17104,72554;0,58463376;USD million / ratios
01/01/04;ZWE;Zimbabwe;100;0;587,4125015;0,17023812;17103,2944;0,58468268;USD million / ratios
01/02/04;ZWE;Zimbabwe;100;0;547,0570975;0,182796276;17144,02641;0,583293549;USD million / ratios
01/03/04;ZWE;Zimbabwe;100;0;599,4222781;0,1668273;17153,32092;0,582977492;USD million / ratios
01/04/04;ZWE;Zimbabwe;100;0;640,1708819;0,156208292;17007,08411;0,587990271;USD million / ratios
01/05/04;ZWE;Zimbabwe;100;0;732,2208097;0,136570825;17018,71381;0,58758847;USD million / ratios
01/06/04;ZWE;Zimbabwe;100;0;625,1279407;0,159967254;16882,14738;0,592341707;USD million / ratios
01/07/04;ZWE;Zimbabwe;100;0;593,7201249;0,168429527;16820,87801;0,594499288;USD million / ratios
01/08/04;ZWE;Zimbabwe;100;0;557,2559103;0,179450766;16792,59211;0,595500679;USD million / ratios
01/09/04;ZWE;Zimbabwe;100;0;553,3331705;0,180722945;17021,86864;0,587479566;USD million / ratios
01/10/04;ZWE;Zimbabwe;100;0;557,810742;0,179272274;17144,1511;0,583289306;USD million / ratios
01/11/04;ZWE;Zimbabwe;100;0;550,7811133;0,181560329;17202,62509;0,581306629;USD million / ratios
01/12/04;ZWE;Zimbabwe;100;0;517,9710075;0,193060999;17127,63375;0,583851812;USD million / ratios
01/01/05;ZWE;Zimbabwe;100;0;570,9935314;0,175133333;17156,78468;0,582859795;USD million / ratios
01/02/05;ZWE;Zimbabwe;100;0;548,506783;0,182313151;17262,07235;0,579304721;USD million / ratios
01/03/05;ZWE;Zimbabwe;100;0;507,8490443;0,196908907;17171,40995;0,58236336;USD million / ratios
01/04/05;ZWE;Zimbabwe;100;0;583,0478887;0,171512498;17076,646;0,585595087;USD million / ratios
01/05/05;ZWE;Zimbabwe;100;0;624,2162945;0,160200881;17255,69471;0,57951883;USD million / ratios
01/06/05;ZWE;Zimbabwe;100;0;596,6316203;0,16760761;17470,84746;0,572382079;USD million / ratios
01/07/05;ZWE;Zimbabwe;100;0;713,8096684;0,140093367;17360,65597;0,576015101;USD million / ratios
01/08/05;ZWE;Zimbabwe;100;0;557,8324054;0,179265312;17278,90516;0,578740372;USD million / ratios
01/09/05;ZWE;Zimbabwe;100;0;554,1438614;0,180458554;17315,41293;0,577520157;USD million / ratios
01/10/05;ZWE;Zimbabwe;100;0;645,7679708;0,154854382;17331,40059;0,576987414;USD million / ratios
01/11/05;ZWE;Zimbabwe;100;0;695,3686043;0,143808621;17400,36542;0,574700574;USD million / ratios
01/12/05;ZWE;Zimbabwe;100;0;666,0586708;0,150136924;17529,05442;0,570481428;USD million / ratios
01/01/06;ZWE;Zimbabwe;100;0;595,9884264;0,167788493;17413,46295;0,574268314;USD million / ratios
01/02/06;ZWE;Zimbabwe;100;0;831,1229527;0,120319141;17231,19299;0,58034287;USD million / ratios
01/03/06;ZWE;Zimbabwe;100;0;776,378726;0,128803117;16982,05197;0,58885699;USD million / ratios
01/04/06;ZWE;Zimbabwe;100;0;663,4836577;0,150719613;16990,74564;0,588555689;USD million / ratios
01/05/06;ZWE;Zimbabwe;100;0;770,4996605;0,129785911;16963,49514;0,589501156;USD million / ratios
01/06/06;ZWE;Zimbabwe;100;0;621,1040168;0,161003628;17108,36277;0,584509467;USD million / ratios
01/07/06;ZWE;Zimbabwe;100;0;608,659769;0,1642954;16937,23108;0,590415278;USD million / ratios
01/08/06;ZWE;Zimbabwe;100;0;738,2881003;0,135448479;16896,13018;0,5918515;USD million / ratios
01/09/06;ZWE;Zimbabwe;100;0;676,3313702;0,147856516;17016,79715;0,587654652;USD million / ratios
01/10/06;ZWE;Zimbabwe;100;0;664,6310304;0,150459421;16910,57665;0,59134589;USD million / ratios
01/11/06;ZWE;Zimbabwe;100;0;556,5980229;0,179662873;17036,20538;0,586985175;USD million / ratios
01/12/06;ZWE;Zimbabwe;100;0;629,8990673;0,158755593;17122,4257;0,584029399;USD million / ratios
01/01/07;ZWE;Zimbabwe;100;0;520,2159006;0,192227881;16970,67237;0,589251845;USD million / ratios
01/02/07;ZWE;Zimbabwe;100;0;576,7987878;0,173370683;17243,08395;0,579942662;USD million / ratios
01/03/07;ZWE;Zimbabwe;100;0;595,3406531;0,167971059;17337,79535;0,576774601;USD million / ratios
01/04/07;ZWE;Zimbabwe;100;0;559,1957295;0,178828261;17307,80421;0,577774042;USD million / ratios
01/05/07;ZWE;Zimbabwe;100;0;670,4605695;0,149151202;17143,84689;0,583299656;USD million / ratios
01/06/07;ZWE;Zimbabwe;100;0;641,6067386;0,155858712;17069,69234;0,58583364;USD million / ratios
01/07/07;ZWE;Zimbabwe;100;0;671,915242;0,148828295;17121,39418;0,584064586;USD million / ratios
01/08/07;ZWE;Zimbabwe;100;0;670,3625369;0,149173014;17251,53895;0,579658431;USD million / ratios
01/09/07;ZWE;Zimbabwe;100;0;697,2865295;0,143413067;17208,4429;0,581110102;USD million / ratios
01/10/07;ZWE;Zimbabwe;100;0;654,3796423;0,15281649;17185,53525;0,581884699;USD million / ratios
01/11/07;ZWE;Zimbabwe;100;0;639,3255795;0,156414827;17184,04324;0,581935221;USD million / ratios
01/12/07;ZWE;Zimbabwe;100;0;544,5384837;0,18364175;17418,13044;0,574114428;USD million / ratios
01/01/08;ZWE;Zimbabwe;100;0;666,692163;0,149994264;17609,79989;0,567865624;USD million / ratios
01/02/08;ZWE;Zimbabwe;100;0;534,5827508;0,187061778;17649,45265;0,566589809;USD million / ratios
01/03/08;ZWE;Zimbabwe;100;0;608,3657408;0,164374805;17880,34416;0,559273351;USD million / ratios
01/04/08;ZWE;Zimbabwe;100;0;714,4886326;0,139960239;17804,38444;0,561659407;USD million / ratios
01/05/08;ZWE;Zimbabwe;100;0;537,1358015;0,186172658;17757,89555;0,56312979;USD million / ratios
01/06/08;ZWE;Zimbabwe;100;0;494,6392473;0,20216754;17624,48616;0,567392428;USD million / ratios
01/07/08;ZWE;Zimbabwe;100;0;595,0778342;0,168045244;17539,02165;0,57015723;USD million / ratios
01/08/08;ZWE;Zimbabwe;100;0;647,8376882;0,154359652;17575,55992;0,568971916;USD million / ratios
01/09/08;ZWE;Zimbabwe;100;0;725,3343062;0,137867462;17505,09575;0,571262228;USD million / ratios
01/10/08;ZWE;Zimbabwe;100;0;610,3015937;0,163853415;17637,87256;0,566961802;USD million / ratios
01/11/08;ZWE;Zimbabwe;100;0;543,9555331;0,183838556;17783,33572;0,562324198;USD million / ratios
01/12/08;ZWE;Zimbabwe;100;0;561,8538483;0,177982228;17822,07887;0,56110177;USD million / ratios
01/01/09;ZWE;Zimbabwe;100;0;875,3538989;0,114239509;17836,2828;0,560654936;USD million / ratios
01/02/09;ZWE;Zimbabwe;100;0;883,0783981;0,113240229;17918,00069;0,55809798;USD million / ratios
01/03/09;ZWE;Zimbabwe;100;0;575,3768935;0,173799124;17660,8223;0,56622505;USD million / ratios
01/04/09;ZWE;Zimbabwe;100;0;629,2641291;0,15891578;17683,45407;0,56550038;USD million / ratios
01/05/09;ZWE;Zimbabwe;100;0;628,4357408;0,159125259;17661,16715;0,566213994;USD million / ratios
01/06/09;ZWE;Zimbabwe;100;0;610,006485;0,163932683;17756,45643;0,563175431;USD million / ratios
01/07/09;ZWE;Zimbabwe;100;0;581,5312773;0,171959796;17792,18304;0,562044577;USD million / ratios
01/08/09;ZWE;Zimbabwe;100;0;734,7551599;0,136099759;17857,84737;0,559977907;USD million / ratios
01/09/09;ZWE;Zimbabwe;100;0;619,2592028;0,161483268;17857,64277;0,559984323;USD million / ratios
01/10/09;ZWE;Zimbabwe;100;0;588,4681669;0,169932726;17743,7644;0,563578268;USD million / ratios
01/11/09;ZWE;Zimbabwe;100;0;507,4714451;0,197055422;17904,55603;0,55851706;USD million / ratios
01/12/09;ZWE;Zimbabwe;100;0;679,4338248;0,147181368;18082,30513;0,553026836;USD million / ratios
01/01/10;ZWE;Zimbabwe;100;0;588,9778166;0,169785682;18132,82262;0,55148612;USD million / ratios
01/02/10;ZWE;Zimbabwe;100;0;765,7686564;0,130587742;18094,92008;0,552641291;USD million / ratios
01/03/10;ZWE;Zimbabwe;100;0;572,503406;0,17467145;17998,78834;0,555592955;USD million / ratios
01/04/10;ZWE;Zimbabwe;100;0;666,3103416;0,150080216;18232,01021;0,548485871;USD million / ratios
01/05/10;ZWE;Zimbabwe;100;0;600,0449341;0,166654186;18255,73836;0,547772969;USD million / ratios
01/06/10;ZWE;Zimbabwe;100;0;677,7779178;0,147540953;18429,43129;0,542610341;USD million / ratios
01/07/10;ZWE;Zimbabwe;100;0;715,6837462;0,139726521;18427,81433;0,542657953;USD million / ratios
01/08/10;ZWE;Zimbabwe;100;0;585,6634755;0,170746519;18449,60446;0,54201704;USD million / ratios
01/09/10;ZWE;Zimbabwe;100;0;663,226929;0,150777955;18470,71282;0,541397622;USD million / ratios
01/10/10;ZWE;Zimbabwe;100;0;675,5414074;0,148029416;18530,0333;0,539664438;USD million / ratios
01/11/10;ZWE;Zimbabwe;100;0;766,6061019;0,130445087;18819,57683;0,531361576;USD million / ratios
01/12/10;ZWE;Zimbabwe;100;0;571,2685815;0,175049011;19052,02401;0,524878616;USD million / ratios
01/01/11;ZWE;Zimbabwe;100;0;672,1547034;0,148775274;19239,21931;0,51977161;USD million / ratios
01/02/11;ZWE;Zimbabwe;100;0;644,8098893;0,15508447;19643,05048;0,509085898;USD million / ratios
01/03/11;ZWE;Zimbabwe;100;0;602,715368;0,165915796;19605,53642;0,510060005;USD million / ratios
01/04/11;ZWE;Zimbabwe;100;0;516,9679828;0,193435577;19495,46561;0,512939788;USD million / ratios
01/05/11;ZWE;Zimbabwe;100;0;609,6550111;0,164027193;19677,78987;0,508187153;USD million / ratios
01/06/11;ZWE;Zimbabwe;100;0;640,2813903;0,156181331;19741,33766;0,506551287;USD million / ratios
01/07/11;ZWE;Zimbabwe;100;0;668,3640906;0,14961905;20097,99468;0,497562078;USD million / ratios
01/08/11;ZWE;Zimbabwe;100;0;745,7171228;0,134099107;20203,78046;0,494956873;USD million / ratios
01/09/11;ZWE;Zimbabwe;100;0;645,3891163;0,154945284;20471,25377;0,488489866;USD million / ratios
01/10/11;ZWE;Zimbabwe;100;0;643,5565118;0,155386509;20732,84517;0,482326469;USD million / ratios
01/11/11;ZWE;Zimbabwe;100;0;655,5147722;0,152551863;21065,70075;0,47470531;USD million / ratios
01/12/11;ZWE;Zimbabwe;100;0;670,0280925;0,149247474;21416,70854;0,466925157;USD million / ratios
01/01/12;ZWE;Zimbabwe;100;0;706,3435965;0,141574158;21720,63338;0,460391731;USD million / ratios
01/02/12;ZWE;Zimbabwe;100;0;730,2173444;0,136945528;21805,80472;0,458593486;USD million / ratios
01/03/12;ZWE;Zimbabwe;100;0;641,7043757;0,155834998;21926,42828;0,456070632;USD million / ratios
01/04/12;ZWE;Zimbabwe;100;0;686,5283271;0,145660413;22141,61706;0,451638197;USD million / ratios
01/05/12;ZWE;Zimbabwe;100;0;788,3742284;0,126843314;22260,14531;0,449233366;USD million / ratios
01/06/12;ZWE;Zimbabwe;100;0;681,5776242;0,146718432;22155,10709;0,451363199;USD million / ratios
01/07/12;ZWE;Zimbabwe;100;0;712,4577467;0,140359201;22292,19315;0,448587536;USD million / ratios
01/08/12;ZWE;Zimbabwe;100;0;814,9262212;0,122710495;22254,77991;0,449341671;USD million / ratios
01/09/12;ZWE;Zimbabwe;100;0;759,4990322;0,131665737;22437,1471;0,445689461;USD million / ratios
01/10/12;ZWE;Zimbabwe;100;0;642,3334811;0,155682372;22383,26341;0,446762379;USD million / ratios
01/11/12;ZWE;Zimbabwe;100;0;852,6342279;0,117283586;22672,8392;0,441056363;USD million / ratios
01/12/12;ZWE;Zimbabwe;100;0;816,3342969;0,122498835;22668,55393;0,441139741;USD million / ratios
01/01/13;ZWE;Zimbabwe;100;0;695,5284899;0,143775563;22595,35322;0,442568873;USD million / ratios
01/02/13;ZWE;Zimbabwe;100;0;641,2187753;0,155953013;22478,25547;0,444874381;USD million / ratios
01/03/13;ZWE;Zimbabwe;100;0;832,7781618;0,120079998;22430,38251;0,445823873;USD million / ratios
01/04/13;ZWE;Zimbabwe;100;0;810,5746935;0,12336926;22626,48906;0,441959863;USD million / ratios
01/05/13;ZWE;Zimbabwe;100;0;719,2653726;0,139030744;22652,78617;0,441446801;USD million / ratios
01/06/13;ZWE;Zimbabwe;100;0;745,2895288;0,134176043;22787,1081;0,438844629;USD million / ratios
01/07/13;ZWE;Zimbabwe;100;0;947,6756864;0,105521331;22995,67097;0,434864458;USD million / ratios
01/08/13;ZWE;Zimbabwe;100;0;860,1547158;0,116258155;22868,7477;0,437277989;USD million / ratios
01/09/13;ZWE;Zimbabwe;100;0;724,7198025;0,137984363;22746,22592;0,439633372;USD million / ratios
01/10/13;ZWE;Zimbabwe;100;0;743,6541326;0,134471114;22822,57418;0,438162668;USD million / ratios
01/11/13;ZWE;Zimbabwe;100;0;678,3165527;0,147423794;22774,93829;0,439079126;USD million / ratios
01/12/13;ZWE;Zimbabwe;100;0;724,2410196;0,138075582;22745,70508;0,439643439;USD million / ratios
01/01/14;ZWE;Zimbabwe;100;0;819,3359286;0,122050061;22707,75539;0,44037818;USD million / ratios
01/02/14;ZWE;Zimbabwe;100;0;619,3157426;0,161468526;22447,18801;0,445490099;USD million / ratios
01/03/14;ZWE;Zimbabwe;100;0;773,1961821;0,129333282;22405,35662;0,44632184;USD million / ratios
01/04/14;ZWE;Zimbabwe;100;0;767,9606142;0,130215011;22848,22158;0,437670826;USD million / ratios
01/05/14;ZWE;Zimbabwe;100;0;704,1858756;0,14200796;23196,27098;0,431103776;USD million / ratios
01/06/14;ZWE;Zimbabwe;100;0;803,6367226;0,124434334;23298,30839;0,429215711;USD million / ratios
01/07/14;ZWE;Zimbabwe;100;0;743,3289346;0,134529944;22947,08747;0,435785152;USD million / ratios
01/08/14;ZWE;Zimbabwe;100;0;758,7423164;0,131797051;22877,17099;0,437116985;USD million / ratios
01/09/14;ZWE;Zimbabwe;100;0;631,1062228;0,158451932;22952,47263;0,435682907;USD million / ratios
01/10/14;ZWE;Zimbabwe;100;0;880,9181014;0,113517931;23057,33802;0,43370141;USD million / ratios
01/11/14;ZWE;Zimbabwe;100;0;620,895852;0,161057607;22762,27885;0,439323324;USD million / ratios
01/12/14;ZWE;Zimbabwe;100;0;702,6243893;0,142323554;22783,2281;0,438919365;USD million / ratios
01/01/15;ZWE;Zimbabwe;100;0;796,7638655;0,1255077;22874,64278;0,437165297;USD million / ratios
01/02/15;ZWE;Zimbabwe;100;0;736,5916086;0,135760439;22791,46795;0,438760681;USD million / ratios
01/03/15;ZWE;Zimbabwe;100;0;924,843147;0,108126443;22593,26947;0,44260969;USD million / ratios
01/04/15;ZWE;Zimbabwe;100;0;618,5317873;0,161673178;22623,99308;0,442008622;USD million / ratios
01/05/15;ZWE;Zimbabwe;100;0;785,2041017;0,127355422;22594,39192;0,442587702;USD million / ratios
01/06/15;ZWE;Zimbabwe;100;0;653,3601131;0,153054951;22619,9358;0,442087904;USD million / ratios
01/07/15;ZWE;Zimbabwe;100;0;719,6593959;0,138954623;22587,31219;0,442726426;USD million / ratios
01/08/15;ZWE;Zimbabwe;100;0;750,9082336;0,133172065;22522,84944;0,443993555;USD million / ratios
01/09/15;ZWE;Zimbabwe;100;0;681,6559479;0,146701573;22359,96609;0,44722787;USD million / ratios
01/10/15;ZWE;Zimbabwe;100;0;651,7120966;0,153441988;22447,17967;0,445490264;USD million / ratios
01/11/15;ZWE;Zimbabwe;100;0;713,3912009;0,140175544;22668,10885;0,441148402;USD million / ratios
01/12/15;ZWE;Zimbabwe;100;0;686,1130033;0,145748586;22863,75061;0,43737356;USD million / ratios
01/01/16;ZWE;Zimbabwe;100;0;694,0868762;0,144074184;23487,44053;0,42575946;USD million / ratios
01/02/16;ZWE;Zimbabwe;100;0;827,3289264;0,12087091;23585,59345;0,423987636;USD million / ratios
01/03/16;ZWE;Zimbabwe;100;0;756,7563208;0,132142933;23606,99915;0,423603184;USD million / ratios
01/04/16;ZWE;Zimbabwe;100;0;798,2912997;0,125267556;23472,03399;0,426038919;USD million / ratios
01/05/16;ZWE;Zimbabwe;100;0;861,4741793;0,11608009;23480,49717;0,425885361;USD million / ratios
01/06/16;ZWE;Zimbabwe;100;0;699,0971874;0,143041628;23337,69672;0,4284913;USD million / ratios
01/07/16;ZWE;Zimbabwe;100;0;789,3146225;0,126692192;23472,66596;0,426027449;USD million / ratios
01/08/16;ZWE;Zimbabwe;100;0;856,4930166;0,116755184;23437,19465;0,426672226;USD million / ratios
01/09/16;ZWE;Zimbabwe;100;0;542,6984714;0,184264385;23075,76792;0,433355026;USD million / ratios
01/10/16;ZWE;Zimbabwe;100;0;740,2335222;0,135092504;22862,34351;0,437400479;USD million / ratios
01/11/16;ZWE;Zimbabwe;100;0;921,5163994;0,108516788;22664,48163;0,441219004;USD million / ratios
01/12/16;ZWE;Zimbabwe;100;0;573,8541858;0,174260296;22888,80322;0,436894839;USD million / ratios
01/01/17;ZWE;Zimbabwe;100;0;617,6952781;0,161892123;23186,62769;0,431283071;USD million / ratios
01/02/17;ZWE;Zimbabwe;100;0;716,3358771;0,139599318;23014,09829;0,434516264;USD million / ratios
01/03/17;ZWE;Zimbabwe;100;0;708,6910293;0,141105215;22982,51963;0,435113302;USD million / ratios
01/04/17;ZWE;Zimbabwe;100;0;630,7671728;0,158537103;22969,64575;0,435357171;USD million / ratios
01/05/17;ZWE;Zimbabwe;100;0;707,0928898;0,141424135;23081,2649;0,433251819;USD million / ratios
01/06/17;ZWE;Zimbabwe;100;0;737,5124089;0,135590939;23062,26752;0,433608707;USD million / ratios
01/07/17;ZWE;Zimbabwe;100;0;666,0747505;0,150133299;23020,06739;0,434403594;USD million / ratios
01/08/17;ZWE;Zimbabwe;100;0;630,221097;0,158674472;23179,88071;0,431408605;USD million / ratios
01/09/17;ZWE;Zimbabwe;100;0;674,3513936;0,14829064;23296,71361;0,429245093;USD million / ratios
01/10/17;ZWE;Zimbabwe;100;0;571,227544;0,175061586;23556,3853;0,424513348;USD million / ratios
01/11/17;ZWE;Zimbabwe;100;0;699,0963217;0,143041805;23828,95645;0,419657488;USD million / ratios
01/12/17;ZWE;Zimbabwe;100;0;774,3871476;0,129134375;24022,81072;0,416271023;USD million / ratios
01/01/18;ZWE;Zimbabwe;100;0;710,6168807;0,140722804;24174,28969;0,41366262;USD million / ratios
01/02/18;ZWE;Zimbabwe;100;0;867,5409782;0,11526833;24210,51881;0,413043606;USD million / ratios
01/03/18;ZWE;Zimbabwe;100;0;730,3231912;0,136925681;23942,68903;0,41766403;USD million / ratios
01/04/18;ZWE;Zimbabwe;100;0;670,2972912;0,149187534;24138,44618;0,414276873;USD million / ratios
01/05/18;ZWE;Zimbabwe;100;0;919,6134443;0,108741342;24260,42785;0,412193885;USD million / ratios
01/06/18;ZWE;Zimbabwe;100;0;925,6374471;0,108033659;24437,17866;0,409212542;USD million / ratios
01/07/18;ZWE;Zimbabwe;100;0;805,0600161;0,124214342;24492,73287;0,40828437;USD million / ratios
01/08/18;ZWE;Zimbabwe;100;0;709,3689337;0,140970369;24664,83459;0,405435519;USD million / ratios
01/09/18;ZWE;Zimbabwe;100;0;510,2714284;0,195974131;24648,54086;0,405703529;USD million / ratios
01/10/18;ZWE;Zimbabwe;100;0;654,5418511;0,152778619;24587,35735;0,406713087;USD million / ratios
01/11/18;ZWE;Zimbabwe;100;0;814,1292958;0,122830612;24970,02944;0,400480105;USD million / ratios
01/12/18;ZWE;Zimbabwe;100;0;794,6774662;0,125837216;25010,96989;0,399824559;USD million / ratios
01/01/19;ZWE;Zimbabwe;100;0;888,6849225;0,11252582;25439,08367;0,39309592;USD million / ratios
01/02/19;ZWE;Zimbabwe;100;0;671,1131459;0,149006171;25438,95976;0,393097835;USD million / ratios
01/03/19;ZWE;Zimbabwe;100;0;888,6928939;0,112524811;25242,37471;0,396159241;USD million / ratios
01/04/19;ZWE;Zimbabwe;100;0;759,3097645;0,131698557;25242,29267;0,396160528;USD million / ratios
01/05/19;ZWE;Zimbabwe;100;0;716,118698;0,139641655;25020,44766;0,399673105;USD million / ratios
01/06/19;ZWE;Zimbabwe;100;0;832,9382007;0,120056926;24861,13904;0,402234185;USD million / ratios
01/07/19;ZWE;Zimbabwe;100;0;908,0391896;0,110127405;25172,77579;0,397254561;USD million / ratios
01/08/19;ZWE;Zimbabwe;100;0;808,9552585;0,123616231;24915,11467;0,401362793;USD million / ratios
01/09/19;ZWE;Zimbabwe;100;0;787,6206645;0,126964673;24821,5514;0,402875704;USD million / ratios
01/10/19;ZWE;Zimbabwe;100;0;777,7446297;0,128576908;24604,49169;0,406429855;USD million / ratios
01/11/19;ZWE;Zimbabwe;100;0;750,575302;0,133231136;24804,00637;0,403160677;USD million / ratios
01/12/19;ZWE;Zimbabwe;100;0;823,6574773;0,121409691;24761,11798;0,403858986;USD million / ratios
01/01/20;ZWE;Zimbabwe;100;0;723,3515503;0,138245366;24807,98904;0,403095954;USD million / ratios
01/02/20;ZWE;Zimbabwe;100;0;648,600415;0,154178131;24789,49567;0,40339667;USD million / ratios
01/03/20;ZWE;Zimbabwe;100;0;663,8503029;0,15063637;25122,29552;0,398052797;USD million / ratios
01/04/20;ZWE;Zimbabwe;100;0;796,709033;0,125516338;25103,66774;0,398348166;USD million / ratios
01/05/20;ZWE;Zimbabwe;100;0;635,4312542;0,157373436;25475,76654;0,392529896;USD million / ratios
01/06/20;ZWE;Zimbabwe;100;0;764,4839048;0,130807201;25498,3475;0,392182278;USD million / ratios
01/07/20;ZWE;Zimbabwe;100;0;843,9944909;0,118484186;25343,84836;0,394573068;USD million / ratios
01/08/20;ZWE;Zimbabwe;100;0;843,735562;0,118520547;25721,49883;0,388779832;USD million / ratios
01/09/20;ZWE;Zimbabwe;100;0;780,6612241;0,128096538;25553,37609;0,391337722;USD million / ratios
01/10/20;ZWE;Zimbabwe;100;0;740,8622971;0,13497785;25646,82061;0,389911878;USD million / ratios
01/11/20;ZWE;Zimbabwe;100;0;727,6573638;0,137427318;25792,82337;0,387704745;USD million / ratios
01/12/20;ZWE;Zimbabwe;100;0;646,4967721;0,154679813;25853,74191;0,386791205;USD million / ratios
01/01/21;ZWE;Zimbabwe;100;0;682,8362544;0,146447994;25776,77787;0,387946083;USD million / ratios
01/02/21;ZWE;Zimbabwe;100;0;697,4883781;0,143371565;25862,91234;0,386654058;USD million / ratios
01/03/21;ZWE;Zimbabwe;100;0;756,0450866;0,132267244;26129,98694;0,382702066;USD million / ratios
01/04/21;ZWE;Zimbabwe;100;0;740,6132662;0,135023236;26221,1551;0,381371452;USD million / ratios
01/05/21;ZWE;Zimbabwe;100;0;713,0192276;0,140248672;26344,48337;0,379586111;USD million / ratios
01/06/21;ZWE;Zimbabwe;100;0;679,5757794;0,147150624;26451,45559;0,378051029;USD million / ratios
01/07/21;ZWE;Zimbabwe;100;0;748,5924979;0,133584026;26533,71854;0,376878951;USD million / ratios
01/08/21;ZWE;Zimbabwe;100;0;912,2469511;0,10961944;26766,89563;0,373595808;USD million / ratios
01/09/21;ZWE;Zimbabwe;100;0;735,772429;0,135911589;26490,55776;0,377492995;USD million / ratios
01/10/21;ZWE;Zimbabwe;100;0;745,3479575;0,134165525;26380,17696;0,379072514;USD million / ratios
01/11/21;ZWE;Zimbabwe;100;0;752,8461556;0,132829263;26368,29438;0,379243339;USD million / ratios
01/12/21;ZWE;Zimbabwe;100;0;739,9637944;0,135141747;26250,74018;0,380941639;USD million / ratios
01/01/22;ZWE;Zimbabwe;100;0;837,2201913;0,119442891;26377,56362;0,37911007;USD million / ratios
01/02/22;ZWE;Zimbabwe;100;0;674,010607;0,148365618;26592,20722;0,376050018;USD million / ratios
01/03/22;ZWE;Zimbabwe;100;0;777,7196817;0,128581033;26384,02805;0,379017184;USD million / ratios
01/04/22;ZWE;Zimbabwe;100;0;693,6014817;0,144175009;26391,60839;0,37890832;USD million / ratios
01/05/22;ZWE;Zimbabwe;100;0;831,0693314;0,120326904;26604,98088;0,375869468;USD million / ratios
01/06/22;ZWE;Zimbabwe;100;0;785,8414254;0,127252136;27043,94993;0,36976847;USD million / ratios
01/07/22;ZWE;Zimbabwe;100;0;755,9986254;0,132275373;27251,75361;0,366948863;USD million / ratios
01/08/22;ZWE;Zimbabwe;100;0;815,6214438;0,122605899;27180,29849;0,367913546;USD million / ratios
01/09/22;ZWE;Zimbabwe;100;0;877,4409647;0,113967781;27271,79317;0,366679226;USD million / ratios
01/10/22;ZWE;Zimbabwe;100;0;807,3391555;0,123863681;27217,72775;0,367407599;USD million / ratios
01/11/22;ZWE;Zimbabwe;100;0;865,6887864;0,115514954;27453,89366;0,364247058;USD million / ratios
01/12/22;ZWE;Zimbabwe;100;0;745,1901734;0,134193933;27586,05478;0,362501999;USD million / ratios
01/01/23;ZWE;Zimbabwe;100;0;851,4610767;0,117445181;27511,72881;0,363481338;USD million / ratios
01/02/23;ZWE;Zimbabwe;100;0;786,9088614;0,12707952;27638,25455;0,361817349;USD million / ratios
01/03/23;ZWE;Zimbabwe;100;0;821,3813063;0,121746136;27929,78236;0,358040742;USD million / ratios
01/04/23;ZWE;Zimbabwe;100;0;672,052598;0,148797877;27946,92137;0,357821166;USD million / ratios
01/05/23;ZWE;Zimbabwe;100;0;625,1469392;0,159962392;27957,79541;0,357681994;USD million / ratios
01/06/23;ZWE;Zimbabwe;100;0;795,3165845;0,125736093;27331,13896;0,365883032;USD million / ratios
01/07/23;ZWE;Zimbabwe;100;0;685,6572448;0,145845465;27307,52313;0,366199452;USD million / ratios
01/08/23;ZWE;Zimbabwe;100;0;837,8740908;0,119349674;27489,04378;0,363781297;USD million / ratios
01/09/23;ZWE;Zimbabwe;100;0;824,202596;0,121329392;27243,63647;0,367058194;USD million / ratios
01/10/23;ZWE;Zimbabwe;100;0;831,2088915;0,120306702;27624,6504;0,361995531;USD million / ratios
01/11/23;ZWE;Zimbabwe;100;0;667,5821256;0,149794304;27771,01765;0,360087633;USD million / ratios
01/12/23;ZWE;Zimbabwe;100;0;701,4481555;0,142562211;27889,82522;0,358553699;USD million / ratios
01/01/24;ZWE;Zimbabwe;100;0;931,4711317;0,107357058;27804,22897;0,359657519;USD million / ratios
01/02/24;ZWE;Zimbabwe;100;0;735,6905277;0,13592672;28008,97469;0,357028421;USD million / ratios
01/03/24;ZWE;Zimbabwe;100;0;687,4618607;0,145462615;27800,78091;0,359702126;USD million / ratios
01/04/24;ZWE;Zimbabwe;100;0;738,0162644;0,135498369;27884,35109;0,358624089;USD million / ratios
01/05/24;ZWE;Zimbabwe;100;0;868,5514018;0,115134234;28039,47011;0,356640121;USD million / ratios
01/06/24;ZWE;Zimbabwe;100;0;774,0761741;0,129186252;27878,43419;0,358700203;USD million / ratios
01/07/24;ZWE;Zimbabwe;100;0;734,4115327;0,136163439;28254,54778;0,353925325;USD million / ratios
01/08/24;ZWE;Zimbabwe;100;0;852,2426891;0,117337469;28275,78232;0,353659534;USD million / ratios
01/09/24;ZWE;Zimbabwe;100;0;683,8407668;0,146232873;28135,35955;0,355424639;USD million / ratios
01/10/24;ZWE;Zimbabwe;100;0;641,1659344;0,155965866;28115,67931;0,355673427;USD million / ratios
01/11/24;ZWE;Zimbabwe;100;0;915,5201346;0,109227527;28884,39684;0,346207679;USD million / ratios
01/12/24;ZWE;Zimbabwe;100;0;964,270638;0,103705325;28907,72943;0,345928241;USD million / ratios
01/01/25;ZWE;Zimbabwe;100;0;716,1905008;0,139627655;28921,56811;0,345762718;USD million / ratios
01/02/25;ZWE;Zimbabwe;100;0;674,6679033;0,148221072;28804,91043;0,347163031;USD million / ratios
01/03/25;ZWE;Zimbabwe;100;0;957,4042453;0,104449088;28799,53255;0,347227858;USD million / ratios
01/04/25;ZWE;Zimbabwe;100;0;892,8595006;0,111999704;28699,39777;0,348439367;USD million / ratios
01/05/25;ZWE;Zimbabwe;100;0;778,7567795;0,128409797;28833,10498;0,346823556;USD million / ratios
01/06/25;ZWE;Zimbabwe;100;0;896,8441042;0,111502099;28961,1293;0,345290403;USD million / ratios
01/07/25;ZWE;Zimbabwe;100;0;785,3318736;0,127334702;29074,76601;0,343940859;USD million / ratios
01/08/25;ZWE;Zimbabwe;100;0;816,2813924;0,122506774;29322,18506;0,341038704;USD million / ratios
01/09/25;ZWE;Zimbabwe;100;0;880,9121722;0,113518695;29790,16054;0,335681306;USD million / ratios
01/10/25;ZWE;Zimbabwe;100;0;740,5995154;0,135025743;29938,94745;0,334013078;USD million / ratios
01/11/25;ZWE;Zimbabwe;100;0;726,8709011;0,137576012;30230,97542;0,330786548;USD million / ratios
01/12/25;ZWE;Zimbabwe;100;0;880,564683;0,113563492;30327,61626;0,329732476;USD million / ratios
01/01/26;ZWE;Zimbabwe;100;0;779,6495047;0,128262763;30114,11766;0,332070164;USD million / ratios
01/02/26;ZWE;Zimbabwe;100;0;825,2488756;0,121175566;30204,82148;0,331072972;USD million / ratios
01/03/26;ZWE;Zimbabwe;100;0;723,1664281;0,138280755;30186,59968;0,33127282;USD million / ratios
01/04/26;ZWE;Zimbabwe;100;0;1027,384607;0,097334532;30404,04225;0,328903635;USD million / ratios
01/05/26;ZWE;Zimbabwe;100;0;868,8804033;0,115090638;30764,48925;0,32505009;USD million / ratios
01/06/26;ZWE;Zimbabwe;100;0;834,6638279;0,119808714;30396,02615;0,328990374;USD million / ratios
01/07/26;ZWE;Zimbabwe;100;0;782,0399789;0,127870701;30101,7126;0,332207012;USD million / ratios
01/08/26;ZWE;Zimbabwe;100;0;829,9525472;0,120488816;29880,62902;0,334664976;USD million / ratios
01/09/26;ZWE;Zimbabwe;100;0;893,8161349;0,111879833;29843,46645;0,335081718;USD million / ratios