iso3;country;service;unit;period;exports;imports;net;frequency;date
ZWE;Zimbabwe;Business Services;USD million;1980;76,91082347;99,02109584;-22,02453203;Annual;01/01/80
ZWE;Zimbabwe;Business Services;USD million;1981;84,56501809;95,51353269;-17,85640159;Annual;01/01/80
ZWE;Zimbabwe;Business Services;USD million;1982;78,39221014;105,171442;-26,14247575;Annual;01/01/80
ZWE;Zimbabwe;Business Services;USD million;1983;73,15305484;105,946542;-29,7592478;Annual;01/01/80
ZWE;Zimbabwe;Business Services;USD million;1984;77,39697862;105,8069885;-31,12088952;Annual;01/01/80
ZWE;Zimbabwe;Business Services;USD million;1985;79,08651144;101,8690858;-24,61325432;Annual;01/01/80
ZWE;Zimbabwe;Business Services;USD million;1986;79,00606693;109,9669879;-29,07417752;Annual;01/01/80
ZWE;Zimbabwe;Business Services;USD million;1987;83,20652637;108,3883178;-25,16502351;Annual;01/01/80
ZWE;Zimbabwe;Business Services;USD million;1988;83,13629593;105,8052349;-22,27297861;Annual;01/01/80
ZWE;Zimbabwe;Business Services;USD million;1989;83,80588459;104,1917861;-22,57684795;Annual;01/01/80
ZWE;Zimbabwe;Business Services;USD million;1990;87,34382953;117,022007;-29,59249247;Annual;01/01/80
ZWE;Zimbabwe;Business Services;USD million;1991;81,54894087;104,3349548;-17,84069449;Annual;01/01/80
ZWE;Zimbabwe;Business Services;USD million;1992;86,53666051;116,7064798;-23,98533283;Annual;01/01/80
ZWE;Zimbabwe;Business Services;USD million;1993;89,97731093;111,0262123;-19,33967079;Annual;01/01/80
ZWE;Zimbabwe;Business Services;USD million;1994;81,38191351;112,9207157;-30,74366933;Annual;01/01/80
ZWE;Zimbabwe;Business Services;USD million;1995;92,467058;114,1006023;-21,50244353;Annual;01/01/80
ZWE;Zimbabwe;Business Services;USD million;1996;89,254237;124,1090868;-29,61679682;Annual;01/01/80
ZWE;Zimbabwe;Business Services;USD million;1997;87,5487478;116,1259304;-25,31490497;Annual;01/01/80
ZWE;Zimbabwe;Business Services;USD million;1998;98,4790091;107,5623613;-15,1441455;Annual;01/01/80
ZWE;Zimbabwe;Business Services;USD million;1999;97,75829382;117,5802302;-17,38934768;Annual;01/01/80
ZWE;Zimbabwe;Business Services;USD million;2000;102,9234623;118,0401031;-18,80017135;Annual;01/01/80
ZWE;Zimbabwe;Business Services;USD million;2001;94,16360031;121,8568993;-26,58057104;Annual;01/01/80
ZWE;Zimbabwe;Business Services;USD million;2002;102,8173171;125,977807;-21,43844975;Annual;01/01/80
ZWE;Zimbabwe;Business Services;USD million;2003;99,90846319;127,6526892;-30,09244086;Annual;01/01/80
ZWE;Zimbabwe;Business Services;USD million;2004;96,01769225;131,5002685;-29,84173516;Annual;01/01/80
ZWE;Zimbabwe;Business Services;USD million;2005;108,073311;129,5597566;-17,53314314;Annual;01/01/80
ZWE;Zimbabwe;Business Services;USD million;2006;116,4967221;132,9830966;-15,44651578;Annual;01/01/80
ZWE;Zimbabwe;Business Services;USD million;2007;110,1765145;127,3295029;-12,08928931;Annual;01/01/80
ZWE;Zimbabwe;Business Services;USD million;2008;113,3493678;130,900305;-17,57554882;Annual;01/01/80
ZWE;Zimbabwe;Business Services;USD million;2009;110,6129477;128,8380948;-22,03610411;Annual;01/01/80
ZWE;Zimbabwe;Business Services;USD million;2010;110,9154197;130,5769172;-16,0042788;Annual;01/01/80
ZWE;Zimbabwe;Business Services;USD million;2011;121,3687108;141,0637945;-23,67337401;Annual;01/01/80
ZWE;Zimbabwe;Business Services;USD million;2012;113,0298816;145,0410889;-23,04694839;Annual;01/01/80
ZWE;Zimbabwe;Business Services;USD million;2013;127,0292714;155,9040022;-31,29121716;Annual;01/01/80
ZWE;Zimbabwe;Business Services;USD million;2014;115,6001177;143,7601569;-35,66062719;Annual;01/01/80
ZWE;Zimbabwe;Business Services;USD million;2015;118,187035;153,4838518;-31,80021892;Annual;01/01/80
ZWE;Zimbabwe;Business Services;USD million;2016;115,3132257;160,3281892;-39,67648169;Annual;01/01/80
ZWE;Zimbabwe;Business Services;USD million;2017;112,6815234;139,5368055;-24,77958643;Annual;01/01/80
ZWE;Zimbabwe;Business Services;USD million;2018;113,3506266;158,7867448;-42,88184071;Annual;01/01/80
ZWE;Zimbabwe;Business Services;USD million;2019;113,1412473;158,5585463;-34,82758059;Annual;01/01/80
ZWE;Zimbabwe;Business Services;USD million;2020;116,0808601;150,8956319;-38,62755559;Annual;01/01/80
ZWE;Zimbabwe;Business Services;USD million;2021;124,7869819;159,8135574;-32,79473319;Annual;01/01/80
ZWE;Zimbabwe;Business Services;USD million;2022;132,442084;159,0939817;-31,05188936;Annual;01/01/80
ZWE;Zimbabwe;Business Services;USD million;2023;122,8344418;160,3830087;-36,32542918;Annual;01/01/80
ZWE;Zimbabwe;Business Services;USD million;2024;126,6385602;169,1961981;-45,60955273;Annual;01/01/80
ZWE;Zimbabwe;Business Services;USD million;2025;121,6527838;178,8492317;-48,22666599;Annual;01/01/80
ZWE;Zimbabwe;Business Services;USD million;2026;90,82253587;119,173685;-30,69667184;Annual;01/01/80
ZWE;Zimbabwe;Construction;USD million;1980;71,75677965;98,2249724;-21,95850835;Annual;01/01/80
ZWE;Zimbabwe;Construction;USD million;1981;78,24520621;96,54862382;-17,0632125;Annual;01/01/80
ZWE;Zimbabwe;Construction;USD million;1982;77,01318757;103,715622;-26,65903594;Annual;01/01/80
ZWE;Zimbabwe;Construction;USD million;1983;75,97188947;105,8217642;-29,60470586;Annual;01/01/80
ZWE;Zimbabwe;Construction;USD million;1984;72,69871193;104,4087735;-30,22648183;Annual;01/01/80
ZWE;Zimbabwe;Construction;USD million;1985;78,51014968;104,4692548;-24,43585797;Annual;01/01/80
ZWE;Zimbabwe;Construction;USD million;1986;83,25537189;108,6507077;-28,29305277;Annual;01/01/80
ZWE;Zimbabwe;Construction;USD million;1987;80,44559354;104,8090699;-25,33791632;Annual;01/01/80
ZWE;Zimbabwe;Construction;USD million;1988;81,05727494;102,5200457;-22,06879734;Annual;01/01/80
ZWE;Zimbabwe;Construction;USD million;1989;82,38680935;107,080252;-23,30938183;Annual;01/01/80
ZWE;Zimbabwe;Construction;USD million;1990;86,60208361;115,6936479;-29,36140846;Annual;01/01/80
ZWE;Zimbabwe;Construction;USD million;1991;85,0077446;105,0963441;-17,96362704;Annual;01/01/80
ZWE;Zimbabwe;Construction;USD million;1992;88,09177419;119,1885909;-23,55626711;Annual;01/01/80
ZWE;Zimbabwe;Construction;USD million;1993;91,39174802;106,6119083;-19,40127689;Annual;01/01/80
ZWE;Zimbabwe;Construction;USD million;1994;80,25025153;114,7597915;-29,90488147;Annual;01/01/80
ZWE;Zimbabwe;Construction;USD million;1995;92,48098606;112,7377542;-21,46536093;Annual;01/01/80
ZWE;Zimbabwe;Construction;USD million;1996;91,24841739;114,5993866;-30,54618466;Annual;01/01/80
ZWE;Zimbabwe;Construction;USD million;1997;89,91555968;117,4667717;-25,42487585;Annual;01/01/80
ZWE;Zimbabwe;Construction;USD million;1998;97,1665791;117,4246238;-14,79850293;Annual;01/01/80
ZWE;Zimbabwe;Construction;USD million;1999;96,16997401;115,4812411;-17,57595259;Annual;01/01/80
ZWE;Zimbabwe;Construction;USD million;2000;97,14657607;118,4188704;-18,94904584;Annual;01/01/80
ZWE;Zimbabwe;Construction;USD million;2001;99,18245074;131,5976669;-27,78451626;Annual;01/01/80
ZWE;Zimbabwe;Construction;USD million;2002;100,4821777;123,3068036;-21,74140301;Annual;01/01/80
ZWE;Zimbabwe;Construction;USD million;2003;103,5979727;129,9991369;-28,84891017;Annual;01/01/80
ZWE;Zimbabwe;Construction;USD million;2004;98,20073356;131,4931906;-29,82548258;Annual;01/01/80
ZWE;Zimbabwe;Construction;USD million;2005;113,9456207;129,8604179;-17,46833118;Annual;01/01/80
ZWE;Zimbabwe;Construction;USD million;2006;111,4503627;136,5694161;-15,14994478;Annual;01/01/80
ZWE;Zimbabwe;Construction;USD million;2007;110,9394883;125,1421934;-11,92447528;Annual;01/01/80
ZWE;Zimbabwe;Construction;USD million;2008;116,831681;130,4311978;-17,14262893;Annual;01/01/80
ZWE;Zimbabwe;Construction;USD million;2009;108,9321151;135,1033319;-21,92213566;Annual;01/01/80
ZWE;Zimbabwe;Construction;USD million;2010;114,289672;127,5383943;-14,54829579;Annual;01/01/80
ZWE;Zimbabwe;Construction;USD million;2011;113,8814401;144,5505857;-24,03961176;Annual;01/01/80
ZWE;Zimbabwe;Construction;USD million;2012;116,451892;134,461454;-23,5221658;Annual;01/01/80
ZWE;Zimbabwe;Construction;USD million;2013;119,1388039;148,9803522;-30,84842549;Annual;01/01/80
ZWE;Zimbabwe;Construction;USD million;2014;112,7010879;155,7713451;-36,4881391;Annual;01/01/80
ZWE;Zimbabwe;Construction;USD million;2015;123,7728941;153,9013511;-32,37985787;Annual;01/01/80
ZWE;Zimbabwe;Construction;USD million;2016;114,4508267;153,9767367;-40,0542539;Annual;01/01/80
ZWE;Zimbabwe;Construction;USD million;2017;112,7900129;138,5021161;-24,36997172;Annual;01/01/80
ZWE;Zimbabwe;Construction;USD million;2018;116,3899557;159,9901716;-43,22720625;Annual;01/01/80
ZWE;Zimbabwe;Construction;USD million;2019;123,1533158;150,4587103;-34,67890781;Annual;01/01/80
ZWE;Zimbabwe;Construction;USD million;2020;117,6342258;147,1764216;-37,94568611;Annual;01/01/80
ZWE;Zimbabwe;Construction;USD million;2021;122,3812066;149,1972628;-33,63277365;Annual;01/01/80
ZWE;Zimbabwe;Construction;USD million;2022;126,2486071;149,8986182;-31,10004842;Annual;01/01/80
ZWE;Zimbabwe;Construction;USD million;2023;120,038776;158,7772192;-36,24020653;Annual;01/01/80
ZWE;Zimbabwe;Construction;USD million;2024;124,1487976;171,5506925;-46,41182066;Annual;01/01/80
ZWE;Zimbabwe;Construction;USD million;2025;128,7874541;169,4377668;-48,88753984;Annual;01/01/80
ZWE;Zimbabwe;Construction;USD million;2026;89,08701797;120,9189337;-32,6045078;Annual;01/01/80
ZWE;Zimbabwe;Financial Services;USD million;1980;76,29557494;92,25235263;-21,55398244;Annual;01/01/80
ZWE;Zimbabwe;Financial Services;USD million;1981;81,00028951;98,28637272;-16,48657331;Annual;01/01/80
ZWE;Zimbabwe;Financial Services;USD million;1982;77,3816662;102,6180721;-26,52582549;Annual;01/01/80
ZWE;Zimbabwe;Financial Services;USD million;1983;76,47353787;104,343379;-28,75655736;Annual;01/01/80
ZWE;Zimbabwe;Financial Services;USD million;1984;75,5634067;105,3629509;-31,05777556;Annual;01/01/80
ZWE;Zimbabwe;Financial Services;USD million;1985;77,39641951;102,3757641;-24,85930803;Annual;01/01/80
ZWE;Zimbabwe;Financial Services;USD million;1986;80,47253699;110,9659285;-28,94306341;Annual;01/01/80
ZWE;Zimbabwe;Financial Services;USD million;1987;80,14236516;107,9113533;-24,87414779;Annual;01/01/80
ZWE;Zimbabwe;Financial Services;USD million;1988;83,36709438;106,2173472;-21,6196965;Annual;01/01/80
ZWE;Zimbabwe;Financial Services;USD million;1989;83,2601808;107,5986458;-23,75690287;Annual;01/01/80
ZWE;Zimbabwe;Financial Services;USD million;1990;83,43828579;112,9010369;-30,17190602;Annual;01/01/80
ZWE;Zimbabwe;Financial Services;USD million;1991;82,29650105;106,4752904;-17,95786137;Annual;01/01/80
ZWE;Zimbabwe;Financial Services;USD million;1992;88,34814656;116,10532;-23,90753127;Annual;01/01/80
ZWE;Zimbabwe;Financial Services;USD million;1993;95,55801252;113,5173969;-18,75490011;Annual;01/01/80
ZWE;Zimbabwe;Financial Services;USD million;1994;86,20397163;109,413622;-30,32157179;Annual;01/01/80
ZWE;Zimbabwe;Financial Services;USD million;1995;90,0147443;112,5906064;-21,31219324;Annual;01/01/80
ZWE;Zimbabwe;Financial Services;USD million;1996;88,91013046;117,2106904;-29,19078661;Annual;01/01/80
ZWE;Zimbabwe;Financial Services;USD million;1997;90,32761633;118,2076608;-25,63555152;Annual;01/01/80
ZWE;Zimbabwe;Financial Services;USD million;1998;97,08804519;110,5290373;-15,01823979;Annual;01/01/80
ZWE;Zimbabwe;Financial Services;USD million;1999;101,0561744;113,3370199;-17,50767986;Annual;01/01/80
ZWE;Zimbabwe;Financial Services;USD million;2000;100,0412436;117,9846216;-18,68117813;Annual;01/01/80
ZWE;Zimbabwe;Financial Services;USD million;2001;96,77543442;124,3782787;-26,84270965;Annual;01/01/80
ZWE;Zimbabwe;Financial Services;USD million;2002;100,251286;123,8602449;-21,57875315;Annual;01/01/80
ZWE;Zimbabwe;Financial Services;USD million;2003;99,92864123;129,4557821;-30,16834912;Annual;01/01/80
ZWE;Zimbabwe;Financial Services;USD million;2004;103,6344295;129,6781502;-29,56585845;Annual;01/01/80
ZWE;Zimbabwe;Financial Services;USD million;2005;106,9835412;124,8687465;-17,04172156;Annual;01/01/80
ZWE;Zimbabwe;Financial Services;USD million;2006;117,4964383;133,809433;-15,39194277;Annual;01/01/80
ZWE;Zimbabwe;Financial Services;USD million;2007;114,727647;124,0151207;-12,65564747;Annual;01/01/80
ZWE;Zimbabwe;Financial Services;USD million;2008;112,3680359;133,2746132;-17,13326222;Annual;01/01/80
ZWE;Zimbabwe;Financial Services;USD million;2009;106,7477464;133,2094171;-22,1149171;Annual;01/01/80
ZWE;Zimbabwe;Financial Services;USD million;2010;114,7179564;130,888111;-15,52387196;Annual;01/01/80
ZWE;Zimbabwe;Financial Services;USD million;2011;121,6583847;141,5062874;-23,31092985;Annual;01/01/80
ZWE;Zimbabwe;Financial Services;USD million;2012;115,4443522;137,472422;-23,00183084;Annual;01/01/80
ZWE;Zimbabwe;Financial Services;USD million;2013;125,7643241;146,7754987;-31,16335037;Annual;01/01/80
ZWE;Zimbabwe;Financial Services;USD million;2014;112,5339389;149,9793871;-35,64562995;Annual;01/01/80
ZWE;Zimbabwe;Financial Services;USD million;2015;123,2869546;149,5980191;-30,41265466;Annual;01/01/80
ZWE;Zimbabwe;Financial Services;USD million;2016;114,8232926;151,3702105;-40,39007592;Annual;01/01/80
ZWE;Zimbabwe;Financial Services;USD million;2017;110,5855831;130,2254997;-23,46998539;Annual;01/01/80
ZWE;Zimbabwe;Financial Services;USD million;2018;116,2002192;160,3177843;-43,97164729;Annual;01/01/80
ZWE;Zimbabwe;Financial Services;USD million;2019;119,5396284;152,7805528;-34,54345744;Annual;01/01/80
ZWE;Zimbabwe;Financial Services;USD million;2020;119,4506942;149,7314183;-38,30981427;Annual;01/01/80
ZWE;Zimbabwe;Financial Services;USD million;2021;122,7551047;155,9789173;-33,18019785;Annual;01/01/80
ZWE;Zimbabwe;Financial Services;USD million;2022;127,6588331;155,2090866;-31,40237407;Annual;01/01/80
ZWE;Zimbabwe;Financial Services;USD million;2023;127,9384829;162,899658;-35,46352525;Annual;01/01/80
ZWE;Zimbabwe;Financial Services;USD million;2024;132,1221721;170,9782145;-46,18625279;Annual;01/01/80
ZWE;Zimbabwe;Financial Services;USD million;2025;126,5615779;172,1746667;-48,18975632;Annual;01/01/80
ZWE;Zimbabwe;Financial Services;USD million;2026;94,61874388;125,1843293;-30,31837121;Annual;01/01/80
ZWE;Zimbabwe;Government Services;USD million;1980;74,99390207;101,9070062;-21,91114878;Annual;01/01/80
ZWE;Zimbabwe;Government Services;USD million;1981;83,55805381;98,29192504;-17,15777789;Annual;01/01/80
ZWE;Zimbabwe;Government Services;USD million;1982;75,79679038;104,8946964;-26,48129316;Annual;01/01/80
ZWE;Zimbabwe;Government Services;USD million;1983;77,14102775;104,15587;-28,50841558;Annual;01/01/80
ZWE;Zimbabwe;Government Services;USD million;1984;75,29602653;106,3402177;-29,93666832;Annual;01/01/80
ZWE;Zimbabwe;Government Services;USD million;1985;78,83698432;105,4120574;-23,88395816;Annual;01/01/80
ZWE;Zimbabwe;Government Services;USD million;1986;77,10339723;109,4197771;-28,65107424;Annual;01/01/80
ZWE;Zimbabwe;Government Services;USD million;1987;80,40691421;109,1356191;-25,59776321;Annual;01/01/80
ZWE;Zimbabwe;Government Services;USD million;1988;83,75189623;106,8461259;-22,10979006;Annual;01/01/80
ZWE;Zimbabwe;Government Services;USD million;1989;80,91347392;104,7635707;-23,01464086;Annual;01/01/80
ZWE;Zimbabwe;Government Services;USD million;1990;86,73369753;116,4302399;-30,31911878;Annual;01/01/80
ZWE;Zimbabwe;Government Services;USD million;1991;89,37823687;107,1606267;-18,10727871;Annual;01/01/80
ZWE;Zimbabwe;Government Services;USD million;1992;88,6354207;111,1953046;-23,0200939;Annual;01/01/80
ZWE;Zimbabwe;Government Services;USD million;1993;90,68488349;108,4988133;-18,27479911;Annual;01/01/80
ZWE;Zimbabwe;Government Services;USD million;1994;82,18988432;113,8710572;-30,14796268;Annual;01/01/80
ZWE;Zimbabwe;Government Services;USD million;1995;91,94208799;111,6526137;-21,52478185;Annual;01/01/80
ZWE;Zimbabwe;Government Services;USD million;1996;89,19121178;114,6809163;-29,54167838;Annual;01/01/80
ZWE;Zimbabwe;Government Services;USD million;1997;91,49406574;115,5131971;-25,39503136;Annual;01/01/80
ZWE;Zimbabwe;Government Services;USD million;1998;94,46529681;110,5849674;-14,83871747;Annual;01/01/80
ZWE;Zimbabwe;Government Services;USD million;1999;102,5325934;118,2521659;-17,78506037;Annual;01/01/80
ZWE;Zimbabwe;Government Services;USD million;2000;97,6213842;118,8589293;-18,99521066;Annual;01/01/80
ZWE;Zimbabwe;Government Services;USD million;2001;97,38944254;126,5039844;-27,34514309;Annual;01/01/80
ZWE;Zimbabwe;Government Services;USD million;2002;101,6180176;124,5434552;-22,00213142;Annual;01/01/80
ZWE;Zimbabwe;Government Services;USD million;2003;100,5904417;129,574953;-29,66897072;Annual;01/01/80
ZWE;Zimbabwe;Government Services;USD million;2004;103,1720419;136,0428104;-29,19315114;Annual;01/01/80
ZWE;Zimbabwe;Government Services;USD million;2005;113,1757357;132,1336578;-17,98936279;Annual;01/01/80
ZWE;Zimbabwe;Government Services;USD million;2006;112,1788065;134,0944516;-15,8292787;Annual;01/01/80
ZWE;Zimbabwe;Government Services;USD million;2007;112,4533981;123,9239877;-11,83159289;Annual;01/01/80
ZWE;Zimbabwe;Government Services;USD million;2008;116,5526314;130,9456045;-17,3185181;Annual;01/01/80
ZWE;Zimbabwe;Government Services;USD million;2009;106,5908094;143,7153075;-22,58675224;Annual;01/01/80
ZWE;Zimbabwe;Government Services;USD million;2010;110,0507714;131,8019611;-15,70043197;Annual;01/01/80
ZWE;Zimbabwe;Government Services;USD million;2011;118,7749799;141,6925861;-23,81746336;Annual;01/01/80
ZWE;Zimbabwe;Government Services;USD million;2012;114,0254102;139,842172;-23,77131611;Annual;01/01/80
ZWE;Zimbabwe;Government Services;USD million;2013;122,7632329;152,7176933;-30,72594371;Annual;01/01/80
ZWE;Zimbabwe;Government Services;USD million;2014;115,6527562;148,4214969;-35,77158703;Annual;01/01/80
ZWE;Zimbabwe;Government Services;USD million;2015;117,2074435;149,9948833;-31,40236256;Annual;01/01/80
ZWE;Zimbabwe;Government Services;USD million;2016;113,0217924;158,141571;-39,27353238;Annual;01/01/80
ZWE;Zimbabwe;Government Services;USD million;2017;108,8596204;143,3665955;-23,87541748;Annual;01/01/80
ZWE;Zimbabwe;Government Services;USD million;2018;113,3812364;158,4766545;-41,69220558;Annual;01/01/80
ZWE;Zimbabwe;Government Services;USD million;2019;120,2484061;157,0078896;-35,48730452;Annual;01/01/80
ZWE;Zimbabwe;Government Services;USD million;2020;111,2440264;150,3118596;-37,86350055;Annual;01/01/80
ZWE;Zimbabwe;Government Services;USD million;2021;124,6172817;153,925199;-32,73609563;Annual;01/01/80
ZWE;Zimbabwe;Government Services;USD million;2022;132,6643765;147,6171517;-30,4424311;Annual;01/01/80
ZWE;Zimbabwe;Government Services;USD million;2023;125,0249869;155,0735748;-35,39993247;Annual;01/01/80
ZWE;Zimbabwe;Government Services;USD million;2024;123,3949761;167,0871192;-46,23880491;Annual;01/01/80
ZWE;Zimbabwe;Government Services;USD million;2025;126,2958615;174,7407478;-48,47804319;Annual;01/01/80
ZWE;Zimbabwe;Government Services;USD million;2026;88,13241582;116,609551;-31,30417252;Annual;01/01/80
ZWE;Zimbabwe;ICT;USD million;1980;72,30098399;98,50400465;-21,60844646;Annual;01/01/80
ZWE;Zimbabwe;ICT;USD million;1981;81,25517951;96,3954203;-16,70076951;Annual;01/01/80
ZWE;Zimbabwe;ICT;USD million;1982;74,0116313;109,1031939;-25,82381747;Annual;01/01/80
ZWE;Zimbabwe;ICT;USD million;1983;76,46685776;102,8021501;-28,77669763;Annual;01/01/80
ZWE;Zimbabwe;ICT;USD million;1984;75,1292469;108,4985273;-31,19258511;Annual;01/01/80
ZWE;Zimbabwe;ICT;USD million;1985;77,85831438;105,0747857;-24,17440501;Annual;01/01/80
ZWE;Zimbabwe;ICT;USD million;1986;81,10200553;102,9005025;-28,62146478;Annual;01/01/80
ZWE;Zimbabwe;ICT;USD million;1987;80,92794644;104,8288175;-25,6749633;Annual;01/01/80
ZWE;Zimbabwe;ICT;USD million;1988;82,38300201;106,7153389;-21,6345058;Annual;01/01/80
ZWE;Zimbabwe;ICT;USD million;1989;81,48716785;107,4120038;-23,29173417;Annual;01/01/80
ZWE;Zimbabwe;ICT;USD million;1990;85,66136051;112,8015287;-29,58561291;Annual;01/01/80
ZWE;Zimbabwe;ICT;USD million;1991;84,91070906;103,8250484;-17,39519568;Annual;01/01/80
ZWE;Zimbabwe;ICT;USD million;1992;89,79086997;119,6479581;-23,89804747;Annual;01/01/80
ZWE;Zimbabwe;ICT;USD million;1993;89,75175406;109,7014717;-18,94742753;Annual;01/01/80
ZWE;Zimbabwe;ICT;USD million;1994;79,89064642;110,3195522;-30,86087195;Annual;01/01/80
ZWE;Zimbabwe;ICT;USD million;1995;91,99390476;111,3374576;-21,17830154;Annual;01/01/80
ZWE;Zimbabwe;ICT;USD million;1996;92,61146197;121,9636701;-29,75334267;Annual;01/01/80
ZWE;Zimbabwe;ICT;USD million;1997;90,59222491;114,6797598;-25,68178557;Annual;01/01/80
ZWE;Zimbabwe;ICT;USD million;1998;100,4273536;113,0737588;-14,96322761;Annual;01/01/80
ZWE;Zimbabwe;ICT;USD million;1999;99,6280244;114,7656568;-17,50247168;Annual;01/01/80
ZWE;Zimbabwe;ICT;USD million;2000;104,6286584;118,4267456;-18,43667892;Annual;01/01/80
ZWE;Zimbabwe;ICT;USD million;2001;102,6580761;128,2667221;-26,79102485;Annual;01/01/80
ZWE;Zimbabwe;ICT;USD million;2002;100,4015992;133,9980528;-21,93824056;Annual;01/01/80
ZWE;Zimbabwe;ICT;USD million;2003;93,80664456;125,9194008;-28,78646972;Annual;01/01/80
ZWE;Zimbabwe;ICT;USD million;2004;100,9982371;125,976607;-29,18327239;Annual;01/01/80
ZWE;Zimbabwe;ICT;USD million;2005;118,6345763;126,1330917;-17,17626419;Annual;01/01/80
ZWE;Zimbabwe;ICT;USD million;2006;112,1068945;127,0176968;-15,77372239;Annual;01/01/80
ZWE;Zimbabwe;ICT;USD million;2007;107,6202777;126,0485066;-11,89742251;Annual;01/01/80
ZWE;Zimbabwe;ICT;USD million;2008;113,9814406;131,4425993;-17,43196029;Annual;01/01/80
ZWE;Zimbabwe;ICT;USD million;2009;107,6199701;134,5616478;-22,57543762;Annual;01/01/80
ZWE;Zimbabwe;ICT;USD million;2010;115,4477464;134,4217815;-15,49559312;Annual;01/01/80
ZWE;Zimbabwe;ICT;USD million;2011;119,9716431;142,4743812;-23,51085608;Annual;01/01/80
ZWE;Zimbabwe;ICT;USD million;2012;116,516875;138,181981;-23,92598164;Annual;01/01/80
ZWE;Zimbabwe;ICT;USD million;2013;121,6514242;151,4630578;-30,94299453;Annual;01/01/80
ZWE;Zimbabwe;ICT;USD million;2014;116,0091411;152,616841;-35,26712253;Annual;01/01/80
ZWE;Zimbabwe;ICT;USD million;2015;117,8673489;151,4502912;-31,43442719;Annual;01/01/80
ZWE;Zimbabwe;ICT;USD million;2016;112,180775;151,7100514;-40,06034417;Annual;01/01/80
ZWE;Zimbabwe;ICT;USD million;2017;110,6822173;130,8012192;-24,32818624;Annual;01/01/80
ZWE;Zimbabwe;ICT;USD million;2018;119,6121654;159,9276456;-41,85133606;Annual;01/01/80
ZWE;Zimbabwe;ICT;USD million;2019;124,2446942;145,0190652;-35,22303159;Annual;01/01/80
ZWE;Zimbabwe;ICT;USD million;2020;114,6160019;151,6021456;-37,33318418;Annual;01/01/80
ZWE;Zimbabwe;ICT;USD million;2021;122,2991913;160,2235113;-32,58550137;Annual;01/01/80
ZWE;Zimbabwe;ICT;USD million;2022;119,9498206;155,6319473;-31,72040231;Annual;01/01/80
ZWE;Zimbabwe;ICT;USD million;2023;120,6920084;162,7000707;-35,79525379;Annual;01/01/80
ZWE;Zimbabwe;ICT;USD million;2024;123,4214125;159,894129;-46,17152001;Annual;01/01/80
ZWE;Zimbabwe;ICT;USD million;2025;125,5464597;173,5610201;-48,7727248;Annual;01/01/80
ZWE;Zimbabwe;ICT;USD million;2026;92,86364393;119,58474;-30,8912338;Annual;01/01/80
ZWE;Zimbabwe;Insurance;USD million;1980;75,7681986;98,14704302;-21,56769825;Annual;01/01/80
ZWE;Zimbabwe;Insurance;USD million;1981;81,59442732;98,79262863;-16,74789226;Annual;01/01/80
ZWE;Zimbabwe;Insurance;USD million;1982;76,42684019;101,6820309;-26,38068753;Annual;01/01/80
ZWE;Zimbabwe;Insurance;USD million;1983;77,54364081;103,8455818;-28,69772292;Annual;01/01/80
ZWE;Zimbabwe;Insurance;USD million;1984;75,06189785;103,8527874;-30,56920392;Annual;01/01/80
ZWE;Zimbabwe;Insurance;USD million;1985;79,48963504;103,9096372;-24,12027763;Annual;01/01/80
ZWE;Zimbabwe;Insurance;USD million;1986;77,65384017;110,1560387;-29,13570162;Annual;01/01/80
ZWE;Zimbabwe;Insurance;USD million;1987;76,95924444;108,3063458;-25,94166703;Annual;01/01/80
ZWE;Zimbabwe;Insurance;USD million;1988;81,29946992;105,0966379;-22,05402618;Annual;01/01/80
ZWE;Zimbabwe;Insurance;USD million;1989;80,06803918;103,8788554;-24,05014279;Annual;01/01/80
ZWE;Zimbabwe;Insurance;USD million;1990;85,7556146;114,0306375;-30,13853353;Annual;01/01/80
ZWE;Zimbabwe;Insurance;USD million;1991;87,24093346;99,83904748;-18,0077523;Annual;01/01/80
ZWE;Zimbabwe;Insurance;USD million;1992;91,18502884;111,9541984;-23,72217861;Annual;01/01/80
ZWE;Zimbabwe;Insurance;USD million;1993;90,52031729;110,5200608;-19,13504967;Annual;01/01/80
ZWE;Zimbabwe;Insurance;USD million;1994;81,82133202;113,4486956;-30,87618711;Annual;01/01/80
ZWE;Zimbabwe;Insurance;USD million;1995;91,99341575;114,2562606;-20,95867972;Annual;01/01/80
ZWE;Zimbabwe;Insurance;USD million;1996;90,94209156;121,545752;-30,06432033;Annual;01/01/80
ZWE;Zimbabwe;Insurance;USD million;1997;93,2657279;117,753819;-25,36217002;Annual;01/01/80
ZWE;Zimbabwe;Insurance;USD million;1998;94,47221403;107,5544258;-14,45660518;Annual;01/01/80
ZWE;Zimbabwe;Insurance;USD million;1999;95,19816521;114,5688467;-17,64036459;Annual;01/01/80
ZWE;Zimbabwe;Insurance;USD million;2000;94,73827365;116,9133034;-18,80471436;Annual;01/01/80
ZWE;Zimbabwe;Insurance;USD million;2001;99,17360385;129,0522764;-26,44309739;Annual;01/01/80
ZWE;Zimbabwe;Insurance;USD million;2002;102,4073403;126,355957;-22,08481799;Annual;01/01/80
ZWE;Zimbabwe;Insurance;USD million;2003;99,90747146;125,0897209;-29,07734924;Annual;01/01/80
ZWE;Zimbabwe;Insurance;USD million;2004;107,09487;128,6738926;-29,79610725;Annual;01/01/80
ZWE;Zimbabwe;Insurance;USD million;2005;109,3971342;128,2262005;-17,05294678;Annual;01/01/80
ZWE;Zimbabwe;Insurance;USD million;2006;117,057366;124,6511191;-15,84970445;Annual;01/01/80
ZWE;Zimbabwe;Insurance;USD million;2007;115,7590347;127,1032112;-12,06299142;Annual;01/01/80
ZWE;Zimbabwe;Insurance;USD million;2008;114,5044474;132,1752376;-17,54875098;Annual;01/01/80
ZWE;Zimbabwe;Insurance;USD million;2009;110,6467327;128,7429454;-21,94190479;Annual;01/01/80
ZWE;Zimbabwe;Insurance;USD million;2010;117,136919;134,7748386;-15,55631768;Annual;01/01/80
ZWE;Zimbabwe;Insurance;USD million;2011;122,3507523;139,114373;-24,15343312;Annual;01/01/80
ZWE;Zimbabwe;Insurance;USD million;2012;114,5448562;136,9396088;-23,70387163;Annual;01/01/80
ZWE;Zimbabwe;Insurance;USD million;2013;120,4481318;147,4607911;-31,25266979;Annual;01/01/80
ZWE;Zimbabwe;Insurance;USD million;2014;118,9587475;153,0689414;-35,95599577;Annual;01/01/80
ZWE;Zimbabwe;Insurance;USD million;2015;118,8161761;155,6200635;-31,98669298;Annual;01/01/80
ZWE;Zimbabwe;Insurance;USD million;2016;118,3717123;152,8575833;-38,55478725;Annual;01/01/80
ZWE;Zimbabwe;Insurance;USD million;2017;110,4566164;138,8912738;-24,7026347;Annual;01/01/80
ZWE;Zimbabwe;Insurance;USD million;2018;114,7478656;167,9433902;-41,59943085;Annual;01/01/80
ZWE;Zimbabwe;Insurance;USD million;2019;119,3255503;150,6537717;-34,8781242;Annual;01/01/80
ZWE;Zimbabwe;Insurance;USD million;2020;116,0548136;148,7580165;-38,2512184;Annual;01/01/80
ZWE;Zimbabwe;Insurance;USD million;2021;116,9844822;152,9043315;-32,45803134;Annual;01/01/80
ZWE;Zimbabwe;Insurance;USD million;2022;123,9032466;151,311972;-31,70822261;Annual;01/01/80
ZWE;Zimbabwe;Insurance;USD million;2023;121,3967848;164,9871626;-35,42529857;Annual;01/01/80
ZWE;Zimbabwe;Insurance;USD million;2024;125,2574705;161,0407511;-44,50030857;Annual;01/01/80
ZWE;Zimbabwe;Insurance;USD million;2025;120,7365564;164,3453384;-47,81768799;Annual;01/01/80
ZWE;Zimbabwe;Insurance;USD million;2026;89,82945779;122,7814646;-30,28961709;Annual;01/01/80
ZWE;Zimbabwe;Other Services;USD million;1980;73,59542708;95,62986788;-21,37957184;Annual;01/01/80
ZWE;Zimbabwe;Other Services;USD million;1981;81,04558535;98,65899036;-17,02663632;Annual;01/01/80
ZWE;Zimbabwe;Other Services;USD million;1982;77,44747744;105,4498772;-26,50877498;Annual;01/01/80
ZWE;Zimbabwe;Other Services;USD million;1983;75,41296643;106,8872785;-29,17222578;Annual;01/01/80
ZWE;Zimbabwe;Other Services;USD million;1984;74,39699954;107,8176917;-30,86536582;Annual;01/01/80
ZWE;Zimbabwe;Other Services;USD million;1985;81,0522655;100,4684162;-24,46015721;Annual;01/01/80
ZWE;Zimbabwe;Other Services;USD million;1986;77,21087063;105,994162;-28,17227295;Annual;01/01/80
ZWE;Zimbabwe;Other Services;USD million;1987;81,62521999;105,3469099;-25,33174179;Annual;01/01/80
ZWE;Zimbabwe;Other Services;USD million;1988;84,13088216;105,226248;-22,13351562;Annual;01/01/80
ZWE;Zimbabwe;Other Services;USD million;1989;83,92718315;105,4067717;-23,22325135;Annual;01/01/80
ZWE;Zimbabwe;Other Services;USD million;1990;84,16682431;111,2332942;-29,53476875;Annual;01/01/80
ZWE;Zimbabwe;Other Services;USD million;1991;85,38591257;102,6336387;-17,58929798;Annual;01/01/80
ZWE;Zimbabwe;Other Services;USD million;1992;88,88280154;111,1508489;-23,76152358;Annual;01/01/80
ZWE;Zimbabwe;Other Services;USD million;1993;89,96876317;109,6932849;-18,61597172;Annual;01/01/80
ZWE;Zimbabwe;Other Services;USD million;1994;81,9432065;113,6941934;-29,40816144;Annual;01/01/80
ZWE;Zimbabwe;Other Services;USD million;1995;89,83783173;113,6311463;-21,11602535;Annual;01/01/80
ZWE;Zimbabwe;Other Services;USD million;1996;88,52754064;119,3849729;-29,42382017;Annual;01/01/80
ZWE;Zimbabwe;Other Services;USD million;1997;95,90338899;124,9510629;-25,2337739;Annual;01/01/80
ZWE;Zimbabwe;Other Services;USD million;1998;100,2136072;115,7329596;-15,36092273;Annual;01/01/80
ZWE;Zimbabwe;Other Services;USD million;1999;99,2780402;113,0297196;-17,80434965;Annual;01/01/80
ZWE;Zimbabwe;Other Services;USD million;2000;96,71551688;117,1571895;-18,97845255;Annual;01/01/80
ZWE;Zimbabwe;Other Services;USD million;2001;96,73131901;122,2190244;-26,76387607;Annual;01/01/80
ZWE;Zimbabwe;Other Services;USD million;2002;98,29627405;123,9982158;-21,29505289;Annual;01/01/80
ZWE;Zimbabwe;Other Services;USD million;2003;98,52530134;128,1159946;-30,43433789;Annual;01/01/80
ZWE;Zimbabwe;Other Services;USD million;2004;99,39224561;122,5493978;-29,87341242;Annual;01/01/80
ZWE;Zimbabwe;Other Services;USD million;2005;109,3430293;127,9502669;-17,44857999;Annual;01/01/80
ZWE;Zimbabwe;Other Services;USD million;2006;112,0371339;130,5436136;-15,84032727;Annual;01/01/80
ZWE;Zimbabwe;Other Services;USD million;2007;109,8920458;124,7882688;-12,23503342;Annual;01/01/80
ZWE;Zimbabwe;Other Services;USD million;2008;108,6127408;134,3217279;-16,75095391;Annual;01/01/80
ZWE;Zimbabwe;Other Services;USD million;2009;110,4034806;127,1300409;-22,07876806;Annual;01/01/80
ZWE;Zimbabwe;Other Services;USD million;2010;110,6146527;130,7190793;-15,28821839;Annual;01/01/80
ZWE;Zimbabwe;Other Services;USD million;2011;121,8387423;138,5825723;-23,1835903;Annual;01/01/80
ZWE;Zimbabwe;Other Services;USD million;2012;116,6298274;136,4430204;-23,45966181;Annual;01/01/80
ZWE;Zimbabwe;Other Services;USD million;2013;119,7768249;147,7361774;-31,40480545;Annual;01/01/80
ZWE;Zimbabwe;Other Services;USD million;2014;113,7535329;154,3592248;-36,03522612;Annual;01/01/80
ZWE;Zimbabwe;Other Services;USD million;2015;125,1485483;146,9983706;-31,11627364;Annual;01/01/80
ZWE;Zimbabwe;Other Services;USD million;2016;115,8552415;153,5742685;-40,50614993;Annual;01/01/80
ZWE;Zimbabwe;Other Services;USD million;2017;116,5971213;136,5433127;-23,25059283;Annual;01/01/80
ZWE;Zimbabwe;Other Services;USD million;2018;118,7183565;158,5122039;-42,35666033;Annual;01/01/80
ZWE;Zimbabwe;Other Services;USD million;2019;119,0522853;152,4208431;-34,79005683;Annual;01/01/80
ZWE;Zimbabwe;Other Services;USD million;2020;114,800729;152,4301978;-37,70641509;Annual;01/01/80
ZWE;Zimbabwe;Other Services;USD million;2021;120,6186875;157,8668509;-32,11801043;Annual;01/01/80
ZWE;Zimbabwe;Other Services;USD million;2022;122,3391993;156,5630212;-31,32024437;Annual;01/01/80
ZWE;Zimbabwe;Other Services;USD million;2023;122,2941187;166,5820797;-35,24419887;Annual;01/01/80
ZWE;Zimbabwe;Other Services;USD million;2024;122,8873892;173,6758692;-46,24181869;Annual;01/01/80
ZWE;Zimbabwe;Other Services;USD million;2025;124,9079765;178,0434683;-47,5015417;Annual;01/01/80
ZWE;Zimbabwe;Other Services;USD million;2026;86,13397323;122,2497084;-30,69738224;Annual;01/01/80
ZWE;Zimbabwe;Transport;USD million;1980;131,9066926;183,5964559;-37,80495847;Annual;01/01/80
ZWE;Zimbabwe;Transport;USD million;1981;144,2108872;175,1013354;-31,0142074;Annual;01/01/80
ZWE;Zimbabwe;Transport;USD million;1982;140,7798811;182,4844223;-46,85313443;Annual;01/01/80
ZWE;Zimbabwe;Transport;USD million;1983;125,6468078;185,590212;-53,10097317;Annual;01/01/80
ZWE;Zimbabwe;Transport;USD million;1984;135,9246413;189,5484968;-53,33527582;Annual;01/01/80
ZWE;Zimbabwe;Transport;USD million;1985;143,8549695;192,740948;-44,23500291;Annual;01/01/80
ZWE;Zimbabwe;Transport;USD million;1986;137,6600421;188,8744829;-50,82163491;Annual;01/01/80
ZWE;Zimbabwe;Transport;USD million;1987;146,1928453;182,7137983;-44,4092029;Annual;01/01/80
ZWE;Zimbabwe;Transport;USD million;1988;146,9574697;187,8142613;-39,64265665;Annual;01/01/80
ZWE;Zimbabwe;Transport;USD million;1989;143,1917473;197,251882;-42,11606762;Annual;01/01/80
ZWE;Zimbabwe;Transport;USD million;1990;156,4354428;207,5033017;-53,5690003;Annual;01/01/80
ZWE;Zimbabwe;Transport;USD million;1991;150,6001674;188,1841477;-32,07354956;Annual;01/01/80
ZWE;Zimbabwe;Transport;USD million;1992;160,3290672;199,3647457;-41,67648639;Annual;01/01/80
ZWE;Zimbabwe;Transport;USD million;1993;159,5792215;188,5037061;-33,56753114;Annual;01/01/80
ZWE;Zimbabwe;Transport;USD million;1994;146,7758612;206,2708674;-53,71613432;Annual;01/01/80
ZWE;Zimbabwe;Transport;USD million;1995;164,1829586;200,8930167;-38,38570795;Annual;01/01/80
ZWE;Zimbabwe;Transport;USD million;1996;155,8361389;204,5102235;-51,70907011;Annual;01/01/80
ZWE;Zimbabwe;Transport;USD million;1997;165,8987195;217,3463599;-45,09602003;Annual;01/01/80
ZWE;Zimbabwe;Transport;USD million;1998;161,5502263;201,5746787;-27,10667466;Annual;01/01/80
ZWE;Zimbabwe;Transport;USD million;1999;170,9132848;194,9443149;-31,52080544;Annual;01/01/80
ZWE;Zimbabwe;Transport;USD million;2000;172,1363038;211,7804126;-33,65734355;Annual;01/01/80
ZWE;Zimbabwe;Transport;USD million;2001;174,1381067;220,0865647;-48,97996803;Annual;01/01/80
ZWE;Zimbabwe;Transport;USD million;2002;176,8776758;212,7319885;-39,23971238;Annual;01/01/80
ZWE;Zimbabwe;Transport;USD million;2003;176,5424977;221,9046796;-52,44994052;Annual;01/01/80
ZWE;Zimbabwe;Transport;USD million;2004;181,4011182;226,2783546;-53,05513036;Annual;01/01/80
ZWE;Zimbabwe;Transport;USD million;2005;196,2092017;218,162397;-30,77014069;Annual;01/01/80
ZWE;Zimbabwe;Transport;USD million;2006;206,6567502;238,418848;-28,01176911;Annual;01/01/80
ZWE;Zimbabwe;Transport;USD million;2007;197,7571688;224,9976006;-21,5707809;Annual;01/01/80
ZWE;Zimbabwe;Transport;USD million;2008;198,525011;238,7480822;-30,68842627;Annual;01/01/80
ZWE;Zimbabwe;Transport;USD million;2009;190,570418;228,4692298;-39,83618728;Annual;01/01/80
ZWE;Zimbabwe;Transport;USD million;2010;195,4675022;228,9126827;-26,88957036;Annual;01/01/80
ZWE;Zimbabwe;Transport;USD million;2011;213,2710597;246,9385191;-43,96787065;Annual;01/01/80
ZWE;Zimbabwe;Transport;USD million;2012;203,4884136;244,4295628;-43,86221613;Annual;01/01/80
ZWE;Zimbabwe;Transport;USD million;2013;206,5658221;274,5813777;-53,71573514;Annual;01/01/80
ZWE;Zimbabwe;Transport;USD million;2014;203,4018994;273,8701631;-64,69837808;Annual;01/01/80
ZWE;Zimbabwe;Transport;USD million;2015;218,8499208;268,0426951;-56,94359416;Annual;01/01/80
ZWE;Zimbabwe;Transport;USD million;2016;202,2880995;276,3432668;-72,58896767;Annual;01/01/80
ZWE;Zimbabwe;Transport;USD million;2017;206,0113594;248,3527099;-43,25732124;Annual;01/01/80
ZWE;Zimbabwe;Transport;USD million;2018;206,9909844;278,2990503;-74,80233686;Annual;01/01/80
ZWE;Zimbabwe;Transport;USD million;2019;212,6543623;262,3365134;-60,35784348;Annual;01/01/80
ZWE;Zimbabwe;Transport;USD million;2020;198,8616838;272,7571709;-67,1654789;Annual;01/01/80
ZWE;Zimbabwe;Transport;USD million;2021;211,8211925;280,2050076;-60,38961681;Annual;01/01/80
ZWE;Zimbabwe;Transport;USD million;2022;220,949663;270,740657;-56,15309892;Annual;01/01/80
ZWE;Zimbabwe;Transport;USD million;2023;217,0614981;289,0967108;-64,45390799;Annual;01/01/80
ZWE;Zimbabwe;Transport;USD million;2024;213,6685834;298,39339;-80,10955356;Annual;01/01/80
ZWE;Zimbabwe;Transport;USD million;2025;220,9994216;313,6522983;-84,60327371;Annual;01/01/80
ZWE;Zimbabwe;Transport;USD million;2026;160,1809081;217,5364228;-55,33778573;Annual;01/01/80
ZWE;Zimbabwe;Travel;USD million;1980;133,2270291;172,9480642;-38,82967096;Annual;01/01/80
ZWE;Zimbabwe;Travel;USD million;1981;141,7307159;162,551987;-31,17412354;Annual;01/01/80
ZWE;Zimbabwe;Travel;USD million;1982;133,1519837;185,8028711;-45,66871078;Annual;01/01/80
ZWE;Zimbabwe;Travel;USD million;1983;133,0890503;180,0943739;-52,96838085;Annual;01/01/80
ZWE;Zimbabwe;Travel;USD million;1984;135,0023474;193,232793;-55,16496478;Annual;01/01/80
ZWE;Zimbabwe;Travel;USD million;1985;137,8894236;188,3087188;-42,91547389;Annual;01/01/80
ZWE;Zimbabwe;Travel;USD million;1986;137,6787879;197,632291;-50,36322814;Annual;01/01/80
ZWE;Zimbabwe;Travel;USD million;1987;144,2867728;187,2675225;-44,91953083;Annual;01/01/80
ZWE;Zimbabwe;Travel;USD million;1988;144,6833515;180,7737612;-38,25780611;Annual;01/01/80
ZWE;Zimbabwe;Travel;USD million;1989;148,606072;193,6377353;-41,25407153;Annual;01/01/80
ZWE;Zimbabwe;Travel;USD million;1990;146,759525;195,8345176;-52,60413704;Annual;01/01/80
ZWE;Zimbabwe;Travel;USD million;1991;157,7975421;189,4928855;-31,89073672;Annual;01/01/80
ZWE;Zimbabwe;Travel;USD million;1992;160,0565136;205,9628879;-41,83810736;Annual;01/01/80
ZWE;Zimbabwe;Travel;USD million;1993;166,2286696;192,3383758;-33,68584544;Annual;01/01/80
ZWE;Zimbabwe;Travel;USD million;1994;146,6089947;199,4470745;-55,03152117;Annual;01/01/80
ZWE;Zimbabwe;Travel;USD million;1995;159,4298785;204,8133266;-37,60141242;Annual;01/01/80
ZWE;Zimbabwe;Travel;USD million;1996;165,1546221;209,4190505;-53,09912001;Annual;01/01/80
ZWE;Zimbabwe;Travel;USD million;1997;170,7561163;215,9243422;-44,43743956;Annual;01/01/80
ZWE;Zimbabwe;Travel;USD million;1998;172,8168286;206,2269816;-27,7777611;Annual;01/01/80
ZWE;Zimbabwe;Travel;USD million;1999;170,5510346;203,8629967;-31,28580706;Annual;01/01/80
ZWE;Zimbabwe;Travel;USD million;2000;176,2835504;215,3077748;-33,2031691;Annual;01/01/80
ZWE;Zimbabwe;Travel;USD million;2001;177,9899466;228,4659084;-47,82551346;Annual;01/01/80
ZWE;Zimbabwe;Travel;USD million;2002;175,9883222;224,3911767;-39,65840922;Annual;01/01/80
ZWE;Zimbabwe;Travel;USD million;2003;177,2783801;237,5045496;-52,02084749;Annual;01/01/80
ZWE;Zimbabwe;Travel;USD million;2004;184,3309631;231,1926165;-53,04065893;Annual;01/01/80
ZWE;Zimbabwe;Travel;USD million;2005;201,1101126;226,3021311;-30,78799709;Annual;01/01/80
ZWE;Zimbabwe;Travel;USD million;2006;204,5650643;224,9631004;-27,78101818;Annual;01/01/80
ZWE;Zimbabwe;Travel;USD million;2007;198,5309529;222,9108936;-21,2641225;Annual;01/01/80
ZWE;Zimbabwe;Travel;USD million;2008;202,3882397;230,805722;-31,02256662;Annual;01/01/80
ZWE;Zimbabwe;Travel;USD million;2009;201,0975626;246,2223041;-39,60136762;Annual;01/01/80
ZWE;Zimbabwe;Travel;USD million;2010;201,2814197;223,9948861;-27,84135169;Annual;01/01/80
ZWE;Zimbabwe;Travel;USD million;2011;205,4740987;256,2273213;-41,65201329;Annual;01/01/80
ZWE;Zimbabwe;Travel;USD million;2012;206,7578206;237,5645323;-42,18873629;Annual;01/01/80
ZWE;Zimbabwe;Travel;USD million;2013;215,4602823;262,5680626;-54,38738159;Annual;01/01/80
ZWE;Zimbabwe;Travel;USD million;2014;204,2558247;269,0693008;-63,93239227;Annual;01/01/80
ZWE;Zimbabwe;Travel;USD million;2015;227,1854621;272,4398651;-56,26104051;Annual;01/01/80
ZWE;Zimbabwe;Travel;USD million;2016;200,2299259;276,0834987;-69,64233359;Annual;01/01/80
ZWE;Zimbabwe;Travel;USD million;2017;196,7776689;256,8380328;-43,431466;Annual;01/01/80
ZWE;Zimbabwe;Travel;USD million;2018;208,0037077;287,5731548;-75,57060817;Annual;01/01/80
ZWE;Zimbabwe;Travel;USD million;2019;219,6633708;280,5243096;-63,93664628;Annual;01/01/80
ZWE;Zimbabwe;Travel;USD million;2020;204,817869;276,6040552;-65,63059355;Annual;01/01/80
ZWE;Zimbabwe;Travel;USD million;2021;217,481833;279,8232023;-59,14066193;Annual;01/01/80
ZWE;Zimbabwe;Travel;USD million;2022;221,6288685;282,2565966;-56,81898096;Annual;01/01/80
ZWE;Zimbabwe;Travel;USD million;2023;225,637631;272,530686;-62,58717214;Annual;01/01/80
ZWE;Zimbabwe;Travel;USD million;2024;217,750665;299,5524454;-80,98385828;Annual;01/01/80
ZWE;Zimbabwe;Travel;USD million;2025;219,263953;299,9326632;-85,09683131;Annual;01/01/80
ZWE;Zimbabwe;Travel;USD million;2026;156,0841162;211,1416677;-54,37693454;Annual;01/01/80