iso3;country;unit;period;errors_omissions;frequency;date
ZWE;Zimbabwe;USD million;1980-Q1;12,38377666;Quarterly;01/01/80
ZWE;Zimbabwe;USD million;1980-Q2;30,61077123;Quarterly;01/01/80
ZWE;Zimbabwe;USD million;1980-Q3;-9,865987212;Quarterly;01/01/80
ZWE;Zimbabwe;USD million;1980-Q4;-1,908179045;Quarterly;01/01/80
ZWE;Zimbabwe;USD million;1981-Q1;2,539717932;Quarterly;01/01/80
ZWE;Zimbabwe;USD million;1981-Q2;23,22593287;Quarterly;01/01/80
ZWE;Zimbabwe;USD million;1981-Q3;5,929848026;Quarterly;01/01/80
ZWE;Zimbabwe;USD million;1981-Q4;1,337968688;Quarterly;01/01/80
ZWE;Zimbabwe;USD million;1982-Q1;-12,79768696;Quarterly;01/01/80
ZWE;Zimbabwe;USD million;1982-Q2;21,64928709;Quarterly;01/01/80
ZWE;Zimbabwe;USD million;1982-Q3;4,082502559;Quarterly;01/01/80
ZWE;Zimbabwe;USD million;1982-Q4;7,714404306;Quarterly;01/01/80
ZWE;Zimbabwe;USD million;1983-Q1;21,02667839;Quarterly;01/01/80
ZWE;Zimbabwe;USD million;1983-Q2;2,458945009;Quarterly;01/01/80
ZWE;Zimbabwe;USD million;1983-Q3;7,799887101;Quarterly;01/01/80
ZWE;Zimbabwe;USD million;1983-Q4;-12,22281922;Quarterly;01/01/80
ZWE;Zimbabwe;USD million;1984-Q1;-20,90248915;Quarterly;01/01/80
ZWE;Zimbabwe;USD million;1984-Q2;-0,017353965;Quarterly;01/01/80
ZWE;Zimbabwe;USD million;1984-Q3;6,268350359;Quarterly;01/01/80
ZWE;Zimbabwe;USD million;1984-Q4;-19,97391418;Quarterly;01/01/80
ZWE;Zimbabwe;USD million;1985-Q1;-5,708836029;Quarterly;01/01/80
ZWE;Zimbabwe;USD million;1985-Q2;-26,70896558;Quarterly;01/01/80
ZWE;Zimbabwe;USD million;1985-Q3;21,01944912;Quarterly;01/01/80
ZWE;Zimbabwe;USD million;1985-Q4;-10,67193824;Quarterly;01/01/80
ZWE;Zimbabwe;USD million;1986-Q1;4,578774607;Quarterly;01/01/80
ZWE;Zimbabwe;USD million;1986-Q2;-1,011565741;Quarterly;01/01/80
ZWE;Zimbabwe;USD million;1986-Q3;6,545770115;Quarterly;01/01/80
ZWE;Zimbabwe;USD million;1986-Q4;-0,325655654;Quarterly;01/01/80
ZWE;Zimbabwe;USD million;1987-Q1;-17,73365466;Quarterly;01/01/80
ZWE;Zimbabwe;USD million;1987-Q2;3,679551732;Quarterly;01/01/80
ZWE;Zimbabwe;USD million;1987-Q3;1,956130195;Quarterly;01/01/80
ZWE;Zimbabwe;USD million;1987-Q4;2,610489783;Quarterly;01/01/80
ZWE;Zimbabwe;USD million;1988-Q1;-6,493387545;Quarterly;01/01/80
ZWE;Zimbabwe;USD million;1988-Q2;14,61213405;Quarterly;01/01/80
ZWE;Zimbabwe;USD million;1988-Q3;33,37400626;Quarterly;01/01/80
ZWE;Zimbabwe;USD million;1988-Q4;10,06919936;Quarterly;01/01/80
ZWE;Zimbabwe;USD million;1989-Q1;-29,21207208;Quarterly;01/01/80
ZWE;Zimbabwe;USD million;1989-Q2;-32,22447668;Quarterly;01/01/80
ZWE;Zimbabwe;USD million;1989-Q3;-4,853923057;Quarterly;01/01/80
ZWE;Zimbabwe;USD million;1989-Q4;-11,2489335;Quarterly;01/01/80
ZWE;Zimbabwe;USD million;1990-Q1;-16,02193523;Quarterly;01/01/80
ZWE;Zimbabwe;USD million;1990-Q2;45,50294252;Quarterly;01/01/80
ZWE;Zimbabwe;USD million;1990-Q3;-6,135517744;Quarterly;01/01/80
ZWE;Zimbabwe;USD million;1990-Q4;-8,778079256;Quarterly;01/01/80
ZWE;Zimbabwe;USD million;1991-Q1;-15,90983471;Quarterly;01/01/80
ZWE;Zimbabwe;USD million;1991-Q2;-10,54815616;Quarterly;01/01/80
ZWE;Zimbabwe;USD million;1991-Q3;7,541413244;Quarterly;01/01/80
ZWE;Zimbabwe;USD million;1991-Q4;-16,25194999;Quarterly;01/01/80
ZWE;Zimbabwe;USD million;1992-Q1;-2,905304672;Quarterly;01/01/80
ZWE;Zimbabwe;USD million;1992-Q2;-8,078829454;Quarterly;01/01/80
ZWE;Zimbabwe;USD million;1992-Q3;-12,49435067;Quarterly;01/01/80
ZWE;Zimbabwe;USD million;1992-Q4;-0,498446109;Quarterly;01/01/80
ZWE;Zimbabwe;USD million;1993-Q1;-3,292813522;Quarterly;01/01/80
ZWE;Zimbabwe;USD million;1993-Q2;-13,40583342;Quarterly;01/01/80
ZWE;Zimbabwe;USD million;1993-Q3;37,55569556;Quarterly;01/01/80
ZWE;Zimbabwe;USD million;1993-Q4;15,09119641;Quarterly;01/01/80
ZWE;Zimbabwe;USD million;1994-Q1;-16,84781037;Quarterly;01/01/80
ZWE;Zimbabwe;USD million;1994-Q2;-3,916165507;Quarterly;01/01/80
ZWE;Zimbabwe;USD million;1994-Q3;11,46296707;Quarterly;01/01/80
ZWE;Zimbabwe;USD million;1994-Q4;18,25401525;Quarterly;01/01/80
ZWE;Zimbabwe;USD million;1995-Q1;-31,82475021;Quarterly;01/01/80
ZWE;Zimbabwe;USD million;1995-Q2;5,63838633;Quarterly;01/01/80
ZWE;Zimbabwe;USD million;1995-Q3;-9,9275698;Quarterly;01/01/80
ZWE;Zimbabwe;USD million;1995-Q4;20,8212843;Quarterly;01/01/80
ZWE;Zimbabwe;USD million;1996-Q1;-20,49700885;Quarterly;01/01/80
ZWE;Zimbabwe;USD million;1996-Q2;41,47689415;Quarterly;01/01/80
ZWE;Zimbabwe;USD million;1996-Q3;-29,72395173;Quarterly;01/01/80
ZWE;Zimbabwe;USD million;1996-Q4;9,691106213;Quarterly;01/01/80
ZWE;Zimbabwe;USD million;1997-Q1;-0,004623647;Quarterly;01/01/80
ZWE;Zimbabwe;USD million;1997-Q2;8,97250309;Quarterly;01/01/80
ZWE;Zimbabwe;USD million;1997-Q3;4,234663552;Quarterly;01/01/80
ZWE;Zimbabwe;USD million;1997-Q4;-27,17690532;Quarterly;01/01/80
ZWE;Zimbabwe;USD million;1998-Q1;0,998865253;Quarterly;01/01/80
ZWE;Zimbabwe;USD million;1998-Q2;5,701440449;Quarterly;01/01/80
ZWE;Zimbabwe;USD million;1998-Q3;14,70226866;Quarterly;01/01/80
ZWE;Zimbabwe;USD million;1998-Q4;-27,57845186;Quarterly;01/01/80
ZWE;Zimbabwe;USD million;1999-Q1;-10,7344131;Quarterly;01/01/80
ZWE;Zimbabwe;USD million;1999-Q2;-18,32310097;Quarterly;01/01/80
ZWE;Zimbabwe;USD million;1999-Q3;2,825850012;Quarterly;01/01/80
ZWE;Zimbabwe;USD million;1999-Q4;-23,97624957;Quarterly;01/01/80
ZWE;Zimbabwe;USD million;2000-Q1;-9,768897811;Quarterly;01/01/80
ZWE;Zimbabwe;USD million;2000-Q2;19,0282763;Quarterly;01/01/80
ZWE;Zimbabwe;USD million;2000-Q3;0,60740369;Quarterly;01/01/80
ZWE;Zimbabwe;USD million;2000-Q4;-40,59555766;Quarterly;01/01/80
ZWE;Zimbabwe;USD million;2001-Q1;-10,52296261;Quarterly;01/01/80
ZWE;Zimbabwe;USD million;2001-Q2;-39,95437519;Quarterly;01/01/80
ZWE;Zimbabwe;USD million;2001-Q3;-22,48383077;Quarterly;01/01/80
ZWE;Zimbabwe;USD million;2001-Q4;-13,44191358;Quarterly;01/01/80
ZWE;Zimbabwe;USD million;2002-Q1;2,798166668;Quarterly;01/01/80
ZWE;Zimbabwe;USD million;2002-Q2;10,05581383;Quarterly;01/01/80
ZWE;Zimbabwe;USD million;2002-Q3;-27,97166379;Quarterly;01/01/80
ZWE;Zimbabwe;USD million;2002-Q4;-4,511743937;Quarterly;01/01/80
ZWE;Zimbabwe;USD million;2003-Q1;-7,987257963;Quarterly;01/01/80
ZWE;Zimbabwe;USD million;2003-Q2;3,272645842;Quarterly;01/01/80
ZWE;Zimbabwe;USD million;2003-Q3;-36,16831471;Quarterly;01/01/80
ZWE;Zimbabwe;USD million;2003-Q4;-2,718529644;Quarterly;01/01/80
ZWE;Zimbabwe;USD million;2004-Q1;-8,999130998;Quarterly;01/01/80
ZWE;Zimbabwe;USD million;2004-Q2;26,62052292;Quarterly;01/01/80
ZWE;Zimbabwe;USD million;2004-Q3;-2,789404523;Quarterly;01/01/80
ZWE;Zimbabwe;USD million;2004-Q4;-25,19816365;Quarterly;01/01/80
ZWE;Zimbabwe;USD million;2005-Q1;4,743678766;Quarterly;01/01/80
ZWE;Zimbabwe;USD million;2005-Q2;-19,47488343;Quarterly;01/01/80
ZWE;Zimbabwe;USD million;2005-Q3;-7,641279577;Quarterly;01/01/80
ZWE;Zimbabwe;USD million;2005-Q4;19,46493815;Quarterly;01/01/80
ZWE;Zimbabwe;USD million;2006-Q1;-11,78087975;Quarterly;01/01/80
ZWE;Zimbabwe;USD million;2006-Q2;9,813567672;Quarterly;01/01/80
ZWE;Zimbabwe;USD million;2006-Q3;22,72138597;Quarterly;01/01/80
ZWE;Zimbabwe;USD million;2006-Q4;13,75871453;Quarterly;01/01/80
ZWE;Zimbabwe;USD million;2007-Q1;11,19922666;Quarterly;01/01/80
ZWE;Zimbabwe;USD million;2007-Q2;-13,5434087;Quarterly;01/01/80
ZWE;Zimbabwe;USD million;2007-Q3;-32,34702342;Quarterly;01/01/80
ZWE;Zimbabwe;USD million;2007-Q4;-38,55817984;Quarterly;01/01/80
ZWE;Zimbabwe;USD million;2008-Q1;-17,26278849;Quarterly;01/01/80
ZWE;Zimbabwe;USD million;2008-Q2;-20,28431559;Quarterly;01/01/80
ZWE;Zimbabwe;USD million;2008-Q3;-22,91139168;Quarterly;01/01/80
ZWE;Zimbabwe;USD million;2008-Q4;-19,71352276;Quarterly;01/01/80
ZWE;Zimbabwe;USD million;2009-Q1;-14,55188454;Quarterly;01/01/80
ZWE;Zimbabwe;USD million;2009-Q2;34,48951081;Quarterly;01/01/80
ZWE;Zimbabwe;USD million;2009-Q3;19,47116181;Quarterly;01/01/80
ZWE;Zimbabwe;USD million;2009-Q4;45,25335875;Quarterly;01/01/80
ZWE;Zimbabwe;USD million;2010-Q1;1,545068142;Quarterly;01/01/80
ZWE;Zimbabwe;USD million;2010-Q2;0,857303971;Quarterly;01/01/80
ZWE;Zimbabwe;USD million;2010-Q3;-0,685825344;Quarterly;01/01/80
ZWE;Zimbabwe;USD million;2010-Q4;-20,44998013;Quarterly;01/01/80
ZWE;Zimbabwe;USD million;2011-Q1;-21,32709445;Quarterly;01/01/80
ZWE;Zimbabwe;USD million;2011-Q2;-32,10665216;Quarterly;01/01/80
ZWE;Zimbabwe;USD million;2011-Q3;12,75068261;Quarterly;01/01/80
ZWE;Zimbabwe;USD million;2011-Q4;18,01275418;Quarterly;01/01/80
ZWE;Zimbabwe;USD million;2012-Q1;-0,518451833;Quarterly;01/01/80
ZWE;Zimbabwe;USD million;2012-Q2;24,88869881;Quarterly;01/01/80
ZWE;Zimbabwe;USD million;2012-Q3;31,84258762;Quarterly;01/01/80
ZWE;Zimbabwe;USD million;2012-Q4;-37,95867013;Quarterly;01/01/80
ZWE;Zimbabwe;USD million;2013-Q1;6,173601575;Quarterly;01/01/80
ZWE;Zimbabwe;USD million;2013-Q2;2,22212845;Quarterly;01/01/80
ZWE;Zimbabwe;USD million;2013-Q3;-13,3193361;Quarterly;01/01/80
ZWE;Zimbabwe;USD million;2013-Q4;2,687598362;Quarterly;01/01/80
ZWE;Zimbabwe;USD million;2014-Q1;13,71994519;Quarterly;01/01/80
ZWE;Zimbabwe;USD million;2014-Q2;5,387662837;Quarterly;01/01/80
ZWE;Zimbabwe;USD million;2014-Q3;19,51390835;Quarterly;01/01/80
ZWE;Zimbabwe;USD million;2014-Q4;1,503398447;Quarterly;01/01/80
ZWE;Zimbabwe;USD million;2015-Q1;-14,23070366;Quarterly;01/01/80
ZWE;Zimbabwe;USD million;2015-Q2;1,751606075;Quarterly;01/01/80
ZWE;Zimbabwe;USD million;2015-Q3;-14,25667395;Quarterly;01/01/80
ZWE;Zimbabwe;USD million;2015-Q4;-18,03825134;Quarterly;01/01/80
ZWE;Zimbabwe;USD million;2016-Q1;-8,098089128;Quarterly;01/01/80
ZWE;Zimbabwe;USD million;2016-Q2;-10,88228706;Quarterly;01/01/80
ZWE;Zimbabwe;USD million;2016-Q3;15,95646538;Quarterly;01/01/80
ZWE;Zimbabwe;USD million;2016-Q4;-3,247150408;Quarterly;01/01/80
ZWE;Zimbabwe;USD million;2017-Q1;-0,584482525;Quarterly;01/01/80
ZWE;Zimbabwe;USD million;2017-Q2;-20,67891102;Quarterly;01/01/80
ZWE;Zimbabwe;USD million;2017-Q3;11,01291377;Quarterly;01/01/80
ZWE;Zimbabwe;USD million;2017-Q4;-12,23181178;Quarterly;01/01/80
ZWE;Zimbabwe;USD million;2018-Q1;28,89928128;Quarterly;01/01/80
ZWE;Zimbabwe;USD million;2018-Q2;-16,76924407;Quarterly;01/01/80
ZWE;Zimbabwe;USD million;2018-Q3;19,04101186;Quarterly;01/01/80
ZWE;Zimbabwe;USD million;2018-Q4;3,806711653;Quarterly;01/01/80
ZWE;Zimbabwe;USD million;2019-Q1;8,703699327;Quarterly;01/01/80
ZWE;Zimbabwe;USD million;2019-Q2;13,80343139;Quarterly;01/01/80
ZWE;Zimbabwe;USD million;2019-Q3;-23,74027495;Quarterly;01/01/80
ZWE;Zimbabwe;USD million;2019-Q4;-7,556900958;Quarterly;01/01/80
ZWE;Zimbabwe;USD million;2020-Q1;29,11169068;Quarterly;01/01/80
ZWE;Zimbabwe;USD million;2020-Q2;-2,828756564;Quarterly;01/01/80
ZWE;Zimbabwe;USD million;2020-Q3;10,12103353;Quarterly;01/01/80
ZWE;Zimbabwe;USD million;2020-Q4;-8,226055436;Quarterly;01/01/80
ZWE;Zimbabwe;USD million;2021-Q1;35,73179515;Quarterly;01/01/80
ZWE;Zimbabwe;USD million;2021-Q2;24,27048056;Quarterly;01/01/80
ZWE;Zimbabwe;USD million;2021-Q3;-20,14893597;Quarterly;01/01/80
ZWE;Zimbabwe;USD million;2021-Q4;-6,057923813;Quarterly;01/01/80
ZWE;Zimbabwe;USD million;2022-Q1;-1,471930555;Quarterly;01/01/80
ZWE;Zimbabwe;USD million;2022-Q2;6,174447973;Quarterly;01/01/80
ZWE;Zimbabwe;USD million;2022-Q3;-0,140415009;Quarterly;01/01/80
ZWE;Zimbabwe;USD million;2022-Q4;3,399781039;Quarterly;01/01/80
ZWE;Zimbabwe;USD million;2023-Q1;-0,925725247;Quarterly;01/01/80
ZWE;Zimbabwe;USD million;2023-Q2;22,55738313;Quarterly;01/01/80
ZWE;Zimbabwe;USD million;2023-Q3;-2,954322209;Quarterly;01/01/80
ZWE;Zimbabwe;USD million;2023-Q4;-9,418689662;Quarterly;01/01/80
ZWE;Zimbabwe;USD million;2024-Q1;13,71161217;Quarterly;01/01/80
ZWE;Zimbabwe;USD million;2024-Q2;3,8772737;Quarterly;01/01/80
ZWE;Zimbabwe;USD million;2024-Q3;22,15509637;Quarterly;01/01/80
ZWE;Zimbabwe;USD million;2024-Q4;-11,36595235;Quarterly;01/01/80
ZWE;Zimbabwe;USD million;2025-Q1;19,35490391;Quarterly;01/01/80
ZWE;Zimbabwe;USD million;2025-Q2;24,30730431;Quarterly;01/01/80
ZWE;Zimbabwe;USD million;2025-Q3;3,269753971;Quarterly;01/01/80
ZWE;Zimbabwe;USD million;2025-Q4;4,830738278;Quarterly;01/01/80
ZWE;Zimbabwe;USD million;2026-Q1;4,862595194;Quarterly;01/01/80
ZWE;Zimbabwe;USD million;2026-Q2;-25,66857168;Quarterly;01/01/80
ZWE;Zimbabwe;USD million;2026-Q3;-16,53686288;Quarterly;01/01/80