date;iso3;country;errors_omissions;unit
01/01/80;ZWE;Zimbabwe;1,805084026;USD million
01/02/80;ZWE;Zimbabwe;10,12150696;USD million
01/03/80;ZWE;Zimbabwe;0,457185665;USD million
01/04/80;ZWE;Zimbabwe;8,511744902;USD million
01/05/80;ZWE;Zimbabwe;21,01061859;USD million
01/06/80;ZWE;Zimbabwe;1,088407743;USD million
01/07/80;ZWE;Zimbabwe;-16,39434638;USD million
01/08/80;ZWE;Zimbabwe;5,132432724;USD million
01/09/80;ZWE;Zimbabwe;1,395926445;USD million
01/10/80;ZWE;Zimbabwe;15,79122848;USD million
01/11/80;ZWE;Zimbabwe;-7,431944496;USD million
01/12/80;ZWE;Zimbabwe;-10,26746303;USD million
01/01/81;ZWE;Zimbabwe;-4,667134835;USD million
01/02/81;ZWE;Zimbabwe;-2,087698633;USD million
01/03/81;ZWE;Zimbabwe;9,294551401;USD million
01/04/81;ZWE;Zimbabwe;0,779835503;USD million
01/05/81;ZWE;Zimbabwe;8,107543317;USD million
01/06/81;ZWE;Zimbabwe;14,33855404;USD million
01/07/81;ZWE;Zimbabwe;-1,727299303;USD million
01/08/81;ZWE;Zimbabwe;-1,590717276;USD million
01/09/81;ZWE;Zimbabwe;9,247864605;USD million
01/10/81;ZWE;Zimbabwe;-8,88800492;USD million
01/11/81;ZWE;Zimbabwe;20,44118948;USD million
01/12/81;ZWE;Zimbabwe;-10,21521587;USD million
01/01/82;ZWE;Zimbabwe;-6,099557617;USD million
01/02/82;ZWE;Zimbabwe;7,473034295;USD million
01/03/82;ZWE;Zimbabwe;-14,17116364;USD million
01/04/82;ZWE;Zimbabwe;14,14283097;USD million
01/05/82;ZWE;Zimbabwe;13,78613744;USD million
01/06/82;ZWE;Zimbabwe;-6,279681319;USD million
01/07/82;ZWE;Zimbabwe;11,98413251;USD million
01/08/82;ZWE;Zimbabwe;-14,17569815;USD million
01/09/82;ZWE;Zimbabwe;6,274068201;USD million
01/10/82;ZWE;Zimbabwe;-0,950167065;USD million
01/11/82;ZWE;Zimbabwe;8,333132639;USD million
01/12/82;ZWE;Zimbabwe;0,331438732;USD million
01/01/83;ZWE;Zimbabwe;-8,325566078;USD million
01/02/83;ZWE;Zimbabwe;9,119513055;USD million
01/03/83;ZWE;Zimbabwe;20,23273141;USD million
01/04/83;ZWE;Zimbabwe;5,977734815;USD million
01/05/83;ZWE;Zimbabwe;-2,159421481;USD million
01/06/83;ZWE;Zimbabwe;-1,359368325;USD million
01/07/83;ZWE;Zimbabwe;6,758149868;USD million
01/08/83;ZWE;Zimbabwe;-12,02417681;USD million
01/09/83;ZWE;Zimbabwe;13,06591404;USD million
01/10/83;ZWE;Zimbabwe;-5,458859908;USD million
01/11/83;ZWE;Zimbabwe;-10,83965909;USD million
01/12/83;ZWE;Zimbabwe;4,075699776;USD million
01/01/84;ZWE;Zimbabwe;-1,058468664;USD million
01/02/84;ZWE;Zimbabwe;-13,11881862;USD million
01/03/84;ZWE;Zimbabwe;-6,725201861;USD million
01/04/84;ZWE;Zimbabwe;1,538067105;USD million
01/05/84;ZWE;Zimbabwe;0,144817356;USD million
01/06/84;ZWE;Zimbabwe;-1,700238427;USD million
01/07/84;ZWE;Zimbabwe;-12,42017033;USD million
01/08/84;ZWE;Zimbabwe;5,853486804;USD million
01/09/84;ZWE;Zimbabwe;12,83503388;USD million
01/10/84;ZWE;Zimbabwe;-15,52802988;USD million
01/11/84;ZWE;Zimbabwe;11,34405522;USD million
01/12/84;ZWE;Zimbabwe;-15,78993952;USD million
01/01/85;ZWE;Zimbabwe;0,470223826;USD million
01/02/85;ZWE;Zimbabwe;-13,40850076;USD million
01/03/85;ZWE;Zimbabwe;7,229440903;USD million
01/04/85;ZWE;Zimbabwe;-10,45923863;USD million
01/05/85;ZWE;Zimbabwe;-3,572865425;USD million
01/06/85;ZWE;Zimbabwe;-12,67686153;USD million
01/07/85;ZWE;Zimbabwe;5,630565339;USD million
01/08/85;ZWE;Zimbabwe;9,216537145;USD million
01/09/85;ZWE;Zimbabwe;6,172346632;USD million
01/10/85;ZWE;Zimbabwe;9,394866715;USD million
01/11/85;ZWE;Zimbabwe;-12,62033931;USD million
01/12/85;ZWE;Zimbabwe;-7,446465646;USD million
01/01/86;ZWE;Zimbabwe;6,127302321;USD million
01/02/86;ZWE;Zimbabwe;-4,023768184;USD million
01/03/86;ZWE;Zimbabwe;2,47524047;USD million
01/04/86;ZWE;Zimbabwe;1,084732502;USD million
01/05/86;ZWE;Zimbabwe;2,947454326;USD million
01/06/86;ZWE;Zimbabwe;-5,043752569;USD million
01/07/86;ZWE;Zimbabwe;4,159014642;USD million
01/08/86;ZWE;Zimbabwe;3,991224081;USD million
01/09/86;ZWE;Zimbabwe;-1,604468608;USD million
01/10/86;ZWE;Zimbabwe;-4,9730605;USD million
01/11/86;ZWE;Zimbabwe;14,05583729;USD million
01/12/86;ZWE;Zimbabwe;-9,408432448;USD million
01/01/87;ZWE;Zimbabwe;-1,517531556;USD million
01/02/87;ZWE;Zimbabwe;-2,738370141;USD million
01/03/87;ZWE;Zimbabwe;-13,47775297;USD million
01/04/87;ZWE;Zimbabwe;0,184475873;USD million
01/05/87;ZWE;Zimbabwe;15,14035199;USD million
01/06/87;ZWE;Zimbabwe;-11,64527613;USD million
01/07/87;ZWE;Zimbabwe;3,428421236;USD million
01/08/87;ZWE;Zimbabwe;12,5869689;USD million
01/09/87;ZWE;Zimbabwe;-14,05925995;USD million
01/10/87;ZWE;Zimbabwe;8,983566175;USD million
01/11/87;ZWE;Zimbabwe;-6,807342327;USD million
01/12/87;ZWE;Zimbabwe;0,434265935;USD million
01/01/88;ZWE;Zimbabwe;-6,677442378;USD million
01/02/88;ZWE;Zimbabwe;-1,046366251;USD million
01/03/88;ZWE;Zimbabwe;1,230421084;USD million
01/04/88;ZWE;Zimbabwe;4,908040029;USD million
01/05/88;ZWE;Zimbabwe;2,304788514;USD million
01/06/88;ZWE;Zimbabwe;7,399305504;USD million
01/07/88;ZWE;Zimbabwe;8,194289359;USD million
01/08/88;ZWE;Zimbabwe;18,19249038;USD million
01/09/88;ZWE;Zimbabwe;6,987226523;USD million
01/10/88;ZWE;Zimbabwe;12,61470984;USD million
01/11/88;ZWE;Zimbabwe;0,351189003;USD million
01/12/88;ZWE;Zimbabwe;-2,896699474;USD million
01/01/89;ZWE;Zimbabwe;-9,037462855;USD million
01/02/89;ZWE;Zimbabwe;-17,08809471;USD million
01/03/89;ZWE;Zimbabwe;-3,086514515;USD million
01/04/89;ZWE;Zimbabwe;-3,535011522;USD million
01/05/89;ZWE;Zimbabwe;-5,33845662;USD million
01/06/89;ZWE;Zimbabwe;-23,35100854;USD million
01/07/89;ZWE;Zimbabwe;-5,397853806;USD million
01/08/89;ZWE;Zimbabwe;6,796383816;USD million
01/09/89;ZWE;Zimbabwe;-6,252453067;USD million
01/10/89;ZWE;Zimbabwe;-1,196031076;USD million
01/11/89;ZWE;Zimbabwe;-12,96754605;USD million
01/12/89;ZWE;Zimbabwe;2,914643628;USD million
01/01/90;ZWE;Zimbabwe;-8,933764814;USD million
01/02/90;ZWE;Zimbabwe;-12,51596231;USD million
01/03/90;ZWE;Zimbabwe;5,427791894;USD million
01/04/90;ZWE;Zimbabwe;15,89292146;USD million
01/05/90;ZWE;Zimbabwe;7,557071207;USD million
01/06/90;ZWE;Zimbabwe;22,05294985;USD million
01/07/90;ZWE;Zimbabwe;1,91022091;USD million
01/08/90;ZWE;Zimbabwe;-6,528892593;USD million
01/09/90;ZWE;Zimbabwe;-1,51684606;USD million
01/10/90;ZWE;Zimbabwe;-4,345501714;USD million
01/11/90;ZWE;Zimbabwe;-3,351641731;USD million
01/12/90;ZWE;Zimbabwe;-1,08093581;USD million
01/01/91;ZWE;Zimbabwe;-18,05248618;USD million
01/02/91;ZWE;Zimbabwe;10,38570898;USD million
01/03/91;ZWE;Zimbabwe;-8,243057505;USD million
01/04/91;ZWE;Zimbabwe;-16,22819412;USD million
01/05/91;ZWE;Zimbabwe;-3,039152113;USD million
01/06/91;ZWE;Zimbabwe;8,719190074;USD million
01/07/91;ZWE;Zimbabwe;-4,21408013;USD million
01/08/91;ZWE;Zimbabwe;6,765407861;USD million
01/09/91;ZWE;Zimbabwe;4,990085512;USD million
01/10/91;ZWE;Zimbabwe;13,30036175;USD million
01/11/91;ZWE;Zimbabwe;-5,70319635;USD million
01/12/91;ZWE;Zimbabwe;-23,84911538;USD million
01/01/92;ZWE;Zimbabwe;3,485813771;USD million
01/02/92;ZWE;Zimbabwe;-7,349857267;USD million
01/03/92;ZWE;Zimbabwe;0,958738825;USD million
01/04/92;ZWE;Zimbabwe;7,488136787;USD million
01/05/92;ZWE;Zimbabwe;-7,156643892;USD million
01/06/92;ZWE;Zimbabwe;-8,410322349;USD million
01/07/92;ZWE;Zimbabwe;-10,48685559;USD million
01/08/92;ZWE;Zimbabwe;-4,044302765;USD million
01/09/92;ZWE;Zimbabwe;2,036807683;USD million
01/10/92;ZWE;Zimbabwe;13,47214625;USD million
01/11/92;ZWE;Zimbabwe;-11,10344675;USD million
01/12/92;ZWE;Zimbabwe;-2,867145609;USD million
01/01/93;ZWE;Zimbabwe;-1,526109555;USD million
01/02/93;ZWE;Zimbabwe;10,03314482;USD million
01/03/93;ZWE;Zimbabwe;-11,79984878;USD million
01/04/93;ZWE;Zimbabwe;-12,94581243;USD million
01/05/93;ZWE;Zimbabwe;-8,630433435;USD million
01/06/93;ZWE;Zimbabwe;8,170412447;USD million
01/07/93;ZWE;Zimbabwe;25,97608433;USD million
01/08/93;ZWE;Zimbabwe;12,13725398;USD million
01/09/93;ZWE;Zimbabwe;-0,557642753;USD million
01/10/93;ZWE;Zimbabwe;14,76089969;USD million
01/11/93;ZWE;Zimbabwe;9,925905054;USD million
01/12/93;ZWE;Zimbabwe;-9,595608334;USD million
01/01/94;ZWE;Zimbabwe;-0,689763804;USD million
01/02/94;ZWE;Zimbabwe;3,420305941;USD million
01/03/94;ZWE;Zimbabwe;-19,57835251;USD million
01/04/94;ZWE;Zimbabwe;-3,637296099;USD million
01/05/94;ZWE;Zimbabwe;-6,202399013;USD million
01/06/94;ZWE;Zimbabwe;5,923529605;USD million
01/07/94;ZWE;Zimbabwe;6,124351925;USD million
01/08/94;ZWE;Zimbabwe;-9,978440652;USD million
01/09/94;ZWE;Zimbabwe;15,3170558;USD million
01/10/94;ZWE;Zimbabwe;5,271382652;USD million
01/11/94;ZWE;Zimbabwe;7,873210239;USD million
01/12/94;ZWE;Zimbabwe;5,109422354;USD million
01/01/95;ZWE;Zimbabwe;-18,92241368;USD million
01/02/95;ZWE;Zimbabwe;-2,583049309;USD million
01/03/95;ZWE;Zimbabwe;-10,31928722;USD million
01/04/95;ZWE;Zimbabwe;1,167027036;USD million
01/05/95;ZWE;Zimbabwe;-1,769245971;USD million
01/06/95;ZWE;Zimbabwe;6,240605265;USD million
01/07/95;ZWE;Zimbabwe;-1,664029221;USD million
01/08/95;ZWE;Zimbabwe;-0,39226764;USD million
01/09/95;ZWE;Zimbabwe;-7,871272939;USD million
01/10/95;ZWE;Zimbabwe;24,25917927;USD million
01/11/95;ZWE;Zimbabwe;5,950185491;USD million
01/12/95;ZWE;Zimbabwe;-9,388080458;USD million
01/01/96;ZWE;Zimbabwe;5,042261008;USD million
01/02/96;ZWE;Zimbabwe;-16,93430313;USD million
01/03/96;ZWE;Zimbabwe;-8,604966732;USD million
01/04/96;ZWE;Zimbabwe;17,13846272;USD million
01/05/96;ZWE;Zimbabwe;0,901013588;USD million
01/06/96;ZWE;Zimbabwe;23,43741784;USD million
01/07/96;ZWE;Zimbabwe;-5,781083452;USD million
01/08/96;ZWE;Zimbabwe;-18,50271964;USD million
01/09/96;ZWE;Zimbabwe;-5,440148641;USD million
01/10/96;ZWE;Zimbabwe;1,383996057;USD million
01/11/96;ZWE;Zimbabwe;8,247573559;USD million
01/12/96;ZWE;Zimbabwe;0,059536597;USD million
01/01/97;ZWE;Zimbabwe;5,563979261;USD million
01/02/97;ZWE;Zimbabwe;-11,03747192;USD million
01/03/97;ZWE;Zimbabwe;5,468869009;USD million
01/04/97;ZWE;Zimbabwe;3,404740746;USD million
01/05/97;ZWE;Zimbabwe;18,89211187;USD million
01/06/97;ZWE;Zimbabwe;-13,32434952;USD million
01/07/97;ZWE;Zimbabwe;-9,187929387;USD million
01/08/97;ZWE;Zimbabwe;10,57812691;USD million
01/09/97;ZWE;Zimbabwe;2,844466034;USD million
01/10/97;ZWE;Zimbabwe;-14,15202762;USD million
01/11/97;ZWE;Zimbabwe;-7,218067317;USD million
01/12/97;ZWE;Zimbabwe;-5,80681039;USD million
01/01/98;ZWE;Zimbabwe;-1,18693839;USD million
01/02/98;ZWE;Zimbabwe;3,1064062;USD million
01/03/98;ZWE;Zimbabwe;-0,920602557;USD million
01/04/98;ZWE;Zimbabwe;5,998549482;USD million
01/05/98;ZWE;Zimbabwe;0,687267151;USD million
01/06/98;ZWE;Zimbabwe;-0,984376183;USD million
01/07/98;ZWE;Zimbabwe;-2,852013431;USD million
01/08/98;ZWE;Zimbabwe;18,10530284;USD million
01/09/98;ZWE;Zimbabwe;-0,551020752;USD million
01/10/98;ZWE;Zimbabwe;-2,602342945;USD million
01/11/98;ZWE;Zimbabwe;-12,84761304;USD million
01/12/98;ZWE;Zimbabwe;-12,12849587;USD million
01/01/99;ZWE;Zimbabwe;-14,11865036;USD million
01/02/99;ZWE;Zimbabwe;-0,592419867;USD million
01/03/99;ZWE;Zimbabwe;3,976657135;USD million
01/04/99;ZWE;Zimbabwe;-2,383514243;USD million
01/05/99;ZWE;Zimbabwe;-4,534993877;USD million
01/06/99;ZWE;Zimbabwe;-11,40459285;USD million
01/07/99;ZWE;Zimbabwe;-3,773176258;USD million
01/08/99;ZWE;Zimbabwe;-3,542173114;USD million
01/09/99;ZWE;Zimbabwe;10,14119938;USD million
01/10/99;ZWE;Zimbabwe;-19,66210845;USD million
01/11/99;ZWE;Zimbabwe;-1,341589702;USD million
01/12/99;ZWE;Zimbabwe;-2,972551416;USD million
01/01/00;ZWE;Zimbabwe;-19,95666278;USD million
01/02/00;ZWE;Zimbabwe;-16,6479151;USD million
01/03/00;ZWE;Zimbabwe;26,83568007;USD million
01/04/00;ZWE;Zimbabwe;5,14250226;USD million
01/05/00;ZWE;Zimbabwe;6,285545598;USD million
01/06/00;ZWE;Zimbabwe;7,60022844;USD million
01/07/00;ZWE;Zimbabwe;-3,866718755;USD million
01/08/00;ZWE;Zimbabwe;4,701256456;USD million
01/09/00;ZWE;Zimbabwe;-0,22713401;USD million
01/10/00;ZWE;Zimbabwe;-14,94001137;USD million
01/11/00;ZWE;Zimbabwe;-19,62876756;USD million
01/12/00;ZWE;Zimbabwe;-6,02677872;USD million
01/01/01;ZWE;Zimbabwe;-14,14936115;USD million
01/02/01;ZWE;Zimbabwe;15,37230991;USD million
01/03/01;ZWE;Zimbabwe;-11,74591137;USD million
01/04/01;ZWE;Zimbabwe;-16,43680468;USD million
01/05/01;ZWE;Zimbabwe;-31,67469161;USD million
01/06/01;ZWE;Zimbabwe;8,157121092;USD million
01/07/01;ZWE;Zimbabwe;-12,4422334;USD million
01/08/01;ZWE;Zimbabwe;-0,273466462;USD million
01/09/01;ZWE;Zimbabwe;-9,768130906;USD million
01/10/01;ZWE;Zimbabwe;-3,135094472;USD million
01/11/01;ZWE;Zimbabwe;-23,29911599;USD million
01/12/01;ZWE;Zimbabwe;12,99229689;USD million
01/01/02;ZWE;Zimbabwe;1,810645841;USD million
01/02/02;ZWE;Zimbabwe;-6,307371595;USD million
01/03/02;ZWE;Zimbabwe;7,294892422;USD million
01/04/02;ZWE;Zimbabwe;5,373517352;USD million
01/05/02;ZWE;Zimbabwe;-8,272738954;USD million
01/06/02;ZWE;Zimbabwe;12,95503543;USD million
01/07/02;ZWE;Zimbabwe;-4,278698381;USD million
01/08/02;ZWE;Zimbabwe;-14,01765737;USD million
01/09/02;ZWE;Zimbabwe;-9,67530804;USD million
01/10/02;ZWE;Zimbabwe;10,16261576;USD million
01/11/02;ZWE;Zimbabwe;-10,87596276;USD million
01/12/02;ZWE;Zimbabwe;-3,798396937;USD million
01/01/03;ZWE;Zimbabwe;4,002904843;USD million
01/02/03;ZWE;Zimbabwe;-9,344140992;USD million
01/03/03;ZWE;Zimbabwe;-2,646021815;USD million
01/04/03;ZWE;Zimbabwe;17,32375432;USD million
01/05/03;ZWE;Zimbabwe;9,080462953;USD million
01/06/03;ZWE;Zimbabwe;-23,13157144;USD million
01/07/03;ZWE;Zimbabwe;-14,92911027;USD million
01/08/03;ZWE;Zimbabwe;-13,55802978;USD million
01/09/03;ZWE;Zimbabwe;-7,681174657;USD million
01/10/03;ZWE;Zimbabwe;0,987155119;USD million
01/11/03;ZWE;Zimbabwe;-20,43144001;USD million
01/12/03;ZWE;Zimbabwe;16,72575524;USD million
01/01/04;ZWE;Zimbabwe;3,039509752;USD million
01/02/04;ZWE;Zimbabwe;-4,481983766;USD million
01/03/04;ZWE;Zimbabwe;-7,556656984;USD million
01/04/04;ZWE;Zimbabwe;-2,02291128;USD million
01/05/04;ZWE;Zimbabwe;20,25856056;USD million
01/06/04;ZWE;Zimbabwe;8,384873634;USD million
01/07/04;ZWE;Zimbabwe;-5,832239894;USD million
01/08/04;ZWE;Zimbabwe;7,06767885;USD million
01/09/04;ZWE;Zimbabwe;-4,024843479;USD million
01/10/04;ZWE;Zimbabwe;3,192699263;USD million
01/11/04;ZWE;Zimbabwe;-17,79271785;USD million
01/12/04;ZWE;Zimbabwe;-10,59814506;USD million
01/01/05;ZWE;Zimbabwe;1,242012911;USD million
01/02/05;ZWE;Zimbabwe;11,90579915;USD million
01/03/05;ZWE;Zimbabwe;-8,404133292;USD million
01/04/05;ZWE;Zimbabwe;-4,713691377;USD million
01/05/05;ZWE;Zimbabwe;-7,05986814;USD million
01/06/05;ZWE;Zimbabwe;-7,701323914;USD million
01/07/05;ZWE;Zimbabwe;-14,42174383;USD million
01/08/05;ZWE;Zimbabwe;14,6728393;USD million
01/09/05;ZWE;Zimbabwe;-7,892375046;USD million
01/10/05;ZWE;Zimbabwe;0,112740537;USD million
01/11/05;ZWE;Zimbabwe;-1,107411935;USD million
01/12/05;ZWE;Zimbabwe;20,45960955;USD million
01/01/06;ZWE;Zimbabwe;4,109777506;USD million
01/02/06;ZWE;Zimbabwe;-4,655609359;USD million
01/03/06;ZWE;Zimbabwe;-11,2350479;USD million
01/04/06;ZWE;Zimbabwe;-18,59755144;USD million
01/05/06;ZWE;Zimbabwe;17,19060885;USD million
01/06/06;ZWE;Zimbabwe;11,22051027;USD million
01/07/06;ZWE;Zimbabwe;-6,958469346;USD million
01/08/06;ZWE;Zimbabwe;17,31850756;USD million
01/09/06;ZWE;Zimbabwe;12,36134776;USD million
01/10/06;ZWE;Zimbabwe;17,32559604;USD million
01/11/06;ZWE;Zimbabwe;-1,136277706;USD million
01/12/06;ZWE;Zimbabwe;-2,430603807;USD million
01/01/07;ZWE;Zimbabwe;-1,777181815;USD million
01/02/07;ZWE;Zimbabwe;-1,255968127;USD million
01/03/07;ZWE;Zimbabwe;14,2323766;USD million
01/04/07;ZWE;Zimbabwe;4,056124634;USD million
01/05/07;ZWE;Zimbabwe;-5,219566229;USD million
01/06/07;ZWE;Zimbabwe;-12,3799671;USD million
01/07/07;ZWE;Zimbabwe;-15,15825024;USD million
01/08/07;ZWE;Zimbabwe;-12,43135992;USD million
01/09/07;ZWE;Zimbabwe;-4,757413256;USD million
01/10/07;ZWE;Zimbabwe;-16,96724085;USD million
01/11/07;ZWE;Zimbabwe;-1,004158325;USD million
01/12/07;ZWE;Zimbabwe;-20,58678066;USD million
01/01/08;ZWE;Zimbabwe;0,924638971;USD million
01/02/08;ZWE;Zimbabwe;-11,69961514;USD million
01/03/08;ZWE;Zimbabwe;-6,487812325;USD million
01/04/08;ZWE;Zimbabwe;-15,12009725;USD million
01/05/08;ZWE;Zimbabwe;6,274693952;USD million
01/06/08;ZWE;Zimbabwe;-11,43891229;USD million
01/07/08;ZWE;Zimbabwe;9,863298213;USD million
01/08/08;ZWE;Zimbabwe;-9,654597805;USD million
01/09/08;ZWE;Zimbabwe;-23,12009209;USD million
01/10/08;ZWE;Zimbabwe;-2,03896476;USD million
01/11/08;ZWE;Zimbabwe;4,236318651;USD million
01/12/08;ZWE;Zimbabwe;-21,91087665;USD million
01/01/09;ZWE;Zimbabwe;0,572794368;USD million
01/02/09;ZWE;Zimbabwe;-5,515159332;USD million
01/03/09;ZWE;Zimbabwe;-9,609519572;USD million
01/04/09;ZWE;Zimbabwe;11,82797618;USD million
01/05/09;ZWE;Zimbabwe;1,755779553;USD million
01/06/09;ZWE;Zimbabwe;20,90575507;USD million
01/07/09;ZWE;Zimbabwe;13,6568556;USD million
01/08/09;ZWE;Zimbabwe;4,255078392;USD million
01/09/09;ZWE;Zimbabwe;1,559227816;USD million
01/10/09;ZWE;Zimbabwe;10,71933749;USD million
01/11/09;ZWE;Zimbabwe;18,54221975;USD million
01/12/09;ZWE;Zimbabwe;15,99180152;USD million
01/01/10;ZWE;Zimbabwe;12,07707848;USD million
01/02/10;ZWE;Zimbabwe;-3,111004324;USD million
01/03/10;ZWE;Zimbabwe;-7,421006012;USD million
01/04/10;ZWE;Zimbabwe;13,40726713;USD million
01/05/10;ZWE;Zimbabwe;-7,977852606;USD million
01/06/10;ZWE;Zimbabwe;-4,572110549;USD million
01/07/10;ZWE;Zimbabwe;5,297651662;USD million
01/08/10;ZWE;Zimbabwe;1,944488823;USD million
01/09/10;ZWE;Zimbabwe;-7,927965829;USD million
01/10/10;ZWE;Zimbabwe;-1,083241212;USD million
01/11/10;ZWE;Zimbabwe;-4,356085665;USD million
01/12/10;ZWE;Zimbabwe;-15,01065326;USD million
01/01/11;ZWE;Zimbabwe;-17,702855;USD million
01/02/11;ZWE;Zimbabwe;-1,121740681;USD million
01/03/11;ZWE;Zimbabwe;-2,502498769;USD million
01/04/11;ZWE;Zimbabwe;-10,33865109;USD million
01/05/11;ZWE;Zimbabwe;-10,60816488;USD million
01/06/11;ZWE;Zimbabwe;-11,15983619;USD million
01/07/11;ZWE;Zimbabwe;3,787501603;USD million
01/08/11;ZWE;Zimbabwe;8,313723812;USD million
01/09/11;ZWE;Zimbabwe;0,6494572;USD million
01/10/11;ZWE;Zimbabwe;-17,29319595;USD million
01/11/11;ZWE;Zimbabwe;18,63976302;USD million
01/12/11;ZWE;Zimbabwe;16,66618712;USD million
01/01/12;ZWE;Zimbabwe;-2,201985123;USD million
01/02/12;ZWE;Zimbabwe;-0,951666056;USD million
01/03/12;ZWE;Zimbabwe;2,635199346;USD million
01/04/12;ZWE;Zimbabwe;5,917721864;USD million
01/05/12;ZWE;Zimbabwe;6,638021593;USD million
01/06/12;ZWE;Zimbabwe;12,33295536;USD million
01/07/12;ZWE;Zimbabwe;-0,603529268;USD million
01/08/12;ZWE;Zimbabwe;1,604404977;USD million
01/09/12;ZWE;Zimbabwe;30,84171191;USD million
01/10/12;ZWE;Zimbabwe;-7,668609012;USD million
01/11/12;ZWE;Zimbabwe;0,042133437;USD million
01/12/12;ZWE;Zimbabwe;-30,33219455;USD million
01/01/13;ZWE;Zimbabwe;-5,181039257;USD million
01/02/13;ZWE;Zimbabwe;5,285370054;USD million
01/03/13;ZWE;Zimbabwe;6,069270777;USD million
01/04/13;ZWE;Zimbabwe;1,780572753;USD million
01/05/13;ZWE;Zimbabwe;11,93322381;USD million
01/06/13;ZWE;Zimbabwe;-11,49166812;USD million
01/07/13;ZWE;Zimbabwe;2,132112771;USD million
01/08/13;ZWE;Zimbabwe;-10,50238726;USD million
01/09/13;ZWE;Zimbabwe;-4,949061606;USD million
01/10/13;ZWE;Zimbabwe;-16,32809807;USD million
01/11/13;ZWE;Zimbabwe;17,89305147;USD million
01/12/13;ZWE;Zimbabwe;1,122644966;USD million
01/01/14;ZWE;Zimbabwe;14,10038246;USD million
01/02/14;ZWE;Zimbabwe;5,418352166;USD million
01/03/14;ZWE;Zimbabwe;-5,798789433;USD million
01/04/14;ZWE;Zimbabwe;0,077405947;USD million
01/05/14;ZWE;Zimbabwe;15,40715958;USD million
01/06/14;ZWE;Zimbabwe;-10,09690269;USD million
01/07/14;ZWE;Zimbabwe;-2,91592216;USD million
01/08/14;ZWE;Zimbabwe;13,85631923;USD million
01/09/14;ZWE;Zimbabwe;8,57351128;USD million
01/10/14;ZWE;Zimbabwe;6,038740073;USD million
01/11/14;ZWE;Zimbabwe;-3,248021586;USD million
01/12/14;ZWE;Zimbabwe;-1,28732004;USD million
01/01/15;ZWE;Zimbabwe;-10,07285831;USD million
01/02/15;ZWE;Zimbabwe;-3,736294196;USD million
01/03/15;ZWE;Zimbabwe;-0,421551152;USD million
01/04/15;ZWE;Zimbabwe;2,187606502;USD million
01/05/15;ZWE;Zimbabwe;-3,094280639;USD million
01/06/15;ZWE;Zimbabwe;2,658280211;USD million
01/07/15;ZWE;Zimbabwe;-5,754903843;USD million
01/08/15;ZWE;Zimbabwe;1,359609318;USD million
01/09/15;ZWE;Zimbabwe;-9,861379427;USD million
01/10/15;ZWE;Zimbabwe;-13,4734739;USD million
01/11/15;ZWE;Zimbabwe;-3,63961253;USD million
01/12/15;ZWE;Zimbabwe;-0,925164912;USD million
01/01/16;ZWE;Zimbabwe;-12,72961574;USD million
01/02/16;ZWE;Zimbabwe;-1,262045867;USD million
01/03/16;ZWE;Zimbabwe;5,893572474;USD million
01/04/16;ZWE;Zimbabwe;-3,131270521;USD million
01/05/16;ZWE;Zimbabwe;-2,093711267;USD million
01/06/16;ZWE;Zimbabwe;-5,657305274;USD million
01/07/16;ZWE;Zimbabwe;6,502062718;USD million
01/08/16;ZWE;Zimbabwe;15,31020283;USD million
01/09/16;ZWE;Zimbabwe;-5,855800166;USD million
01/10/16;ZWE;Zimbabwe;-8,05251346;USD million
01/11/16;ZWE;Zimbabwe;9,805064553;USD million
01/12/16;ZWE;Zimbabwe;-4,999701501;USD million
01/01/17;ZWE;Zimbabwe;-0,159204461;USD million
01/02/17;ZWE;Zimbabwe;-11,43011029;USD million
01/03/17;ZWE;Zimbabwe;11,00483223;USD million
01/04/17;ZWE;Zimbabwe;-11,71772767;USD million
01/05/17;ZWE;Zimbabwe;7,947311557;USD million
01/06/17;ZWE;Zimbabwe;-16,9084949;USD million
01/07/17;ZWE;Zimbabwe;6,70431217;USD million
01/08/17;ZWE;Zimbabwe;3,946352615;USD million
01/09/17;ZWE;Zimbabwe;0,362248984;USD million
01/10/17;ZWE;Zimbabwe;-0,567360729;USD million
01/11/17;ZWE;Zimbabwe;-10,24544041;USD million
01/12/17;ZWE;Zimbabwe;-1,419010648;USD million
01/01/18;ZWE;Zimbabwe;2,507526724;USD million
01/02/18;ZWE;Zimbabwe;9,702482405;USD million
01/03/18;ZWE;Zimbabwe;16,68927215;USD million
01/04/18;ZWE;Zimbabwe;-1,047152842;USD million
01/05/18;ZWE;Zimbabwe;-9,397036921;USD million
01/06/18;ZWE;Zimbabwe;-6,325054305;USD million
01/07/18;ZWE;Zimbabwe;13,0932927;USD million
01/08/18;ZWE;Zimbabwe;0,313680479;USD million
01/09/18;ZWE;Zimbabwe;5,63403868;USD million
01/10/18;ZWE;Zimbabwe;1,098540764;USD million
01/11/18;ZWE;Zimbabwe;3,706202908;USD million
01/12/18;ZWE;Zimbabwe;-0,998032019;USD million
01/01/19;ZWE;Zimbabwe;5,288329195;USD million
01/02/19;ZWE;Zimbabwe;4,024028054;USD million
01/03/19;ZWE;Zimbabwe;-0,608657922;USD million
01/04/19;ZWE;Zimbabwe;-7,474094895;USD million
01/05/19;ZWE;Zimbabwe;16,08111614;USD million
01/06/19;ZWE;Zimbabwe;5,196410151;USD million
01/07/19;ZWE;Zimbabwe;-13,06029713;USD million
01/08/19;ZWE;Zimbabwe;-15,247954;USD million
01/09/19;ZWE;Zimbabwe;4,56797618;USD million
01/10/19;ZWE;Zimbabwe;-13,02049667;USD million
01/11/19;ZWE;Zimbabwe;5,037046217;USD million
01/12/19;ZWE;Zimbabwe;0,426549493;USD million
01/01/20;ZWE;Zimbabwe;13,71778313;USD million
01/02/20;ZWE;Zimbabwe;8,902627735;USD million
01/03/20;ZWE;Zimbabwe;6,491279815;USD million
01/04/20;ZWE;Zimbabwe;-10,79145115;USD million
01/05/20;ZWE;Zimbabwe;8,301074194;USD million
01/06/20;ZWE;Zimbabwe;-0,338379607;USD million
01/07/20;ZWE;Zimbabwe;28,67649926;USD million
01/08/20;ZWE;Zimbabwe;-16,13653014;USD million
01/09/20;ZWE;Zimbabwe;-2,418935587;USD million
01/10/20;ZWE;Zimbabwe;-4,491483443;USD million
01/11/20;ZWE;Zimbabwe;-10,01252424;USD million
01/12/20;ZWE;Zimbabwe;6,277952247;USD million
01/01/21;ZWE;Zimbabwe;5,152483006;USD million
01/02/21;ZWE;Zimbabwe;12,96071006;USD million
01/03/21;ZWE;Zimbabwe;17,61860208;USD million
01/04/21;ZWE;Zimbabwe;6,23091211;USD million
01/05/21;ZWE;Zimbabwe;8,075947833;USD million
01/06/21;ZWE;Zimbabwe;9,963620617;USD million
01/07/21;ZWE;Zimbabwe;-5,200171093;USD million
01/08/21;ZWE;Zimbabwe;-10,05208462;USD million
01/09/21;ZWE;Zimbabwe;-4,896680252;USD million
01/10/21;ZWE;Zimbabwe;17,38865096;USD million
01/11/21;ZWE;Zimbabwe;-20,32370533;USD million
01/12/21;ZWE;Zimbabwe;-3,12286944;USD million
01/01/22;ZWE;Zimbabwe;8,944999925;USD million
01/02/22;ZWE;Zimbabwe;-7,594609523;USD million
01/03/22;ZWE;Zimbabwe;-2,822320956;USD million
01/04/22;ZWE;Zimbabwe;11,36844818;USD million
01/05/22;ZWE;Zimbabwe;-1,404771475;USD million
01/06/22;ZWE;Zimbabwe;-3,789228727;USD million
01/07/22;ZWE;Zimbabwe;1,63052614;USD million
01/08/22;ZWE;Zimbabwe;-4,571761608;USD million
01/09/22;ZWE;Zimbabwe;2,800820459;USD million
01/10/22;ZWE;Zimbabwe;-2,61583686;USD million
01/11/22;ZWE;Zimbabwe;6,242377223;USD million
01/12/22;ZWE;Zimbabwe;-0,226759323;USD million
01/01/23;ZWE;Zimbabwe;8,556485486;USD million
01/02/23;ZWE;Zimbabwe;-2,663328245;USD million
01/03/23;ZWE;Zimbabwe;-6,818882487;USD million
01/04/23;ZWE;Zimbabwe;5,637059884;USD million
01/05/23;ZWE;Zimbabwe;-0,467798317;USD million
01/06/23;ZWE;Zimbabwe;17,38812156;USD million
01/07/23;ZWE;Zimbabwe;26,07767991;USD million
01/08/23;ZWE;Zimbabwe;-21,51286028;USD million
01/09/23;ZWE;Zimbabwe;-7,519141844;USD million
01/10/23;ZWE;Zimbabwe;-1,667266442;USD million
01/11/23;ZWE;Zimbabwe;0,004268872;USD million
01/12/23;ZWE;Zimbabwe;-7,755692092;USD million
01/01/24;ZWE;Zimbabwe;1,318313304;USD million
01/02/24;ZWE;Zimbabwe;11,50936377;USD million
01/03/24;ZWE;Zimbabwe;0,883935089;USD million
01/04/24;ZWE;Zimbabwe;5,495224171;USD million
01/05/24;ZWE;Zimbabwe;-11,19922296;USD million
01/06/24;ZWE;Zimbabwe;9,581272492;USD million
01/07/24;ZWE;Zimbabwe;3,026773782;USD million
01/08/24;ZWE;Zimbabwe;3,501085827;USD million
01/09/24;ZWE;Zimbabwe;15,62723676;USD million
01/10/24;ZWE;Zimbabwe;-8,592266732;USD million
01/11/24;ZWE;Zimbabwe;8,9115023;USD million
01/12/24;ZWE;Zimbabwe;-11,68518792;USD million
01/01/25;ZWE;Zimbabwe;5,788070659;USD million
01/02/25;ZWE;Zimbabwe;6,289584013;USD million
01/03/25;ZWE;Zimbabwe;7,277249235;USD million
01/04/25;ZWE;Zimbabwe;11,4386148;USD million
01/05/25;ZWE;Zimbabwe;11,30422572;USD million
01/06/25;ZWE;Zimbabwe;1,564463799;USD million
01/07/25;ZWE;Zimbabwe;2,540197929;USD million
01/08/25;ZWE;Zimbabwe;17,30091013;USD million
01/09/25;ZWE;Zimbabwe;-16,57135409;USD million
01/10/25;ZWE;Zimbabwe;20,59863896;USD million
01/11/25;ZWE;Zimbabwe;-1,562613243;USD million
01/12/25;ZWE;Zimbabwe;-14,20528743;USD million
01/01/26;ZWE;Zimbabwe;-7,542086592;USD million
01/02/26;ZWE;Zimbabwe;13,14669531;USD million
01/03/26;ZWE;Zimbabwe;-0,742013521;USD million
01/04/26;ZWE;Zimbabwe;-20,65141874;USD million
01/05/26;ZWE;Zimbabwe;-1,774968671;USD million
01/06/26;ZWE;Zimbabwe;-3,242184268;USD million
01/07/26;ZWE;Zimbabwe;-7,595764695;USD million
01/08/26;ZWE;Zimbabwe;-7,741989461;USD million
01/09/26;ZWE;Zimbabwe;-1,199108726;USD million